url,is_tracker
https://linkedin.com/iprfwkkn/nuz.jpg?theme=dhvl2&view=2p178,0
https://cdn.shopify.com/wpr-beacon.min.js/gmrik/chfr,1
https://cloudflare.com/GoogleAnalyticsModule.min.js/vwdxblc,1
https://netflix.com/qcjux/uatqlm/fuam.js?q=nsl5p&id=9qzw7,0
https://cdn.shopify.com/sirun/bvwawid/nwyw.svg,0
https://adobe.com/cfnxqhww,0
https://google.com/fingerprint3.js/olbbm/xdvhdok,1
https://google.com/counter.pl?,1
https://microsoft.com/gkb/yio/rxqhb.svg,0
https://linkedin.com/statcounter.asp,1
https://linkedin.com/udr/qhzllzww.jpg,0
https://facebook.com/rtdcx/pnbctmgz/vxbmkzw.css,0
https://linkedin.com/ujkbyqs/sreman/bmg/ionobnha.css,0
https://amazon.com/dnnz/etv/sgjll/kjqiodau.css,0
https://wikipedia.org/eventtracking./mjeifkcs/bidev,1
https://apple.com/fovrugz/topnzdj/saq.ico,0
https://reddit.com/kitq/trzmx.svg,0
https://instagram.com/oojxvco/dkcgvvpa.svg,0
https://facebook.com/lpcjxvsu/wlbqsq/eab/mhode?theme=a9tu1,0
https://cdn.shopify.com/Visitor.aspx?,1
https://instagram.com/AppMeasurement_Module_ActivityMap.min.js,1
https://google.com/ystat.js,1
https://wikipedia.org/o_tealium.js/uqrsjr/ucfyhqjx,1
https://twitter.com/hbhwq.png?page=ypuj0,0
https://twitter.com/xknysfnu?theme=jw5oi,0
https://twitter.com/stream/log.html?/rczmcp/ttzmiu,1
https://instagram.com/cta-loaded.js/ufho/elng,1
https://netflix.com/yjdngj/wsrab.ico?lang=x64oh,0
https://facebook.com/mvpcwkfc/fzzye.jpg,0
https://adobe.com/log-reporter.js/dwobqm/tvqvfbrn,1
https://cdn.shopify.com/analytics-gjc-min.js/tlnfxzak,1
https://cdn.shopify.com/qsthgo/flcca.svg,0
https://apple.com/rfr/kjbewmp/jzv/emf?q=edzdo&lang=lkm2x,0
https://cloudflare.com/hssdsp/sojq/wer?lang=0h9kc,0
https://amazon.com/ffjhiid/cgmkulau/uvx/zmp,0
https://cloudflare.com/yuuxh.css,0
https://facebook.com/xirrq.js?theme=u7yjt,0
https://netflix.com/qlk?view=mw7cl&theme=xntc0,0
https://adobe.com/lrlszsq/dbymdz.js,0
https://instagram.com/penbhgde/ocwy.ico,0
https://cloudflare.com/partner/transparent_pixel-$image,1
https://wikipedia.org/azk/akm/auux?theme=5yext&lang=71m35,0
https://apple.com/gdysag/sqeovzg.ico,0
https://wikipedia.org/seotracking-v3.js/hqyt/vtt,1
https://microsoft.com/otb/zghyd,0
https://instagram.com/linktracker.js/ytwz,1
https://netflix.com/wp-content/plugins/wp-clickmap/clickmap.js/oyrmyiy/bwn,1
https://amazon.com/xews.jpg,0
https://wikipedia.org/bwkgu/olfayy/kcrni/qwfmkp,0
https://apple.com/b.rnc?/qacah/lkl,1
https://wikipedia.org/mxio/scali/yhbfu,0
https://cdn.shopify.com/oau/hjti.woff2,0
https://linkedin.com/wtlfhcco/eigpl/qtgenohd,0
https://linkedin.com/dpumv/ulwvcf/pfr/xhg,0
https://twitter.com/uoysp/bxosbsw/eiso/tfpqi,0
https://facebook.com/wctfjmed/krucmjw/zhz/dqazru.svg,0
https://facebook.com/jol/hmf/oauzkyg,0
https://apple.com/tgralsd/gefxfqo/rihgonai/ifmemvw.jpg,0
https://wikipedia.org/nsptm/sixclqpt/nrdmyivq/gpio.jpg,0
https://netflix.com/dapneoh/hbvzpghr/nipboq/hmkuhq,0
https://instagram.com/awnfbwuw/lxo/slhm?view=sdc7o,0
https://google.com/nsqb/hxhvlbb/fhnqeuxq/hlfe.ico,0
https://twitter.com/qylbsu/wvgegcv/bwz/oey.js,0
https://apple.com/gnmxbv/hgqiyngf.svg?view=xnh6s,0
https://google.com/jstats.php,1
https://cloudflare.com/rgea.min.js,1
https://microsoft.com/stat?event=/jwyrasuw/jsuxhjfe,1
https://wikipedia.org/faciliti-tag.min.js/gnurur,1
https://amazon.com/at.gif?/spwg/mywxavw,1
https://wikipedia.org/impression/track?/xxhqfrif,1
https://youtube.com/uwdwmb/rdgv.woff2?q=scr2n,0
https://reddit.com/log/impression/*/prh/kvm,1
https://cloudflare.com/sbkw,0
https://apple.com/lxrcntw.ico?id=618tt,0
https://linkedin.com/eimonrci.js?view=whdyd&lang=kee31,0
https://amazon.com/video/tracking.js,1
https://facebook.com/sbeuplzk/wkmnvev/hevjp.png,0
https://apple.com/xmikpmbq/fsov.png,0
https://adobe.com/zuu/hfc/eqezujw?id=1tj2k&q=vhogk,0
https://wikipedia.org/rwtag.js/bjyrln/rnfa,1
https://reddit.com/zyvqq,0
https://google.com/ujhozjy,0
https://netflix.com/yoz/ktwmjnce/dzvbk/pketr.js,0
https://wikipedia.org/log/server?/uxu/efpljjrm,1
https://microsoft.com/cookieAnalytics.js/ocshugy,1
https://amazon.com/cnstats/cntg.php/lvl/tlthyb,1
https://.php?notrack=/fxmnnbmx?campaign826=qpzdwh&sessionid039=doqgyr,1
https://twitter.com/khy?lang=sah9m,0
https://twitter.com/wiqofi.png,0
https://microsoft.com/qtrvafn.jpg?page=5702x&theme=x7vkq,0
https://twitter.com/fiagcun/kobux/xqf/hnzeb.png,0
https://netflix.com/cgi-bin/count1.cgi?/vbj/vqdbyu,1
https://facebook.com/bhnsyk/ipla/aozql/brgpa,0
https://cdn.shopify.com/jdmppn.woff2?id=5fo8c&lang=7puc2,0
https://twitter.com/uykjykhc/ckeksq.png,0
https://instagram.com/eoujbhcl/rnjvmmbv/ibgxwb/sdbpxms.svg,0
https://adobe.com/ddvr/slt/wse/ptbqw,0
https://netflix.com/collect/kf?/uhcxwi/higf,1
https://cdn.shopify.com/ixhwmdv/nmcrxkf/cryt.png?view=uu7vb,0
https://twitter.com/nwtmogkz/jms/skyjckk,0
https://linkedin.com/tgbn/xbqx/lsfxapj.css,0
https://youtube.com/rzfnjcq/lazfxpd.woff2,0
https://facebook.com/ycvqwuvx/xibtmwyq/sxxj?lang=znn0d,0
https://youtube.com/imp?imgid=,1
https://amazon.com/niebtgdx.png,0
https://cdn.shopify.com/zwtk/ruzpd/gyglkk/rjrhkkjn,0
https://cdn.shopify.com/nev/icwekaml.css,0
https://apple.com/yyeouerg.js,0
https://apple.com/vqd/rvwdewhz.svg,0
https://apple.com/ucvhkdmj.css,0
https://cdn.shopify.com/ga-lite.min.js/yfr/wlvgzbfg,1
https://microsoft.com/mjllz?lang=gwbr5&id=pw5oa,0
https://wikipedia.org/HeatmapSessionRecording/tracker.min.js/gwmomzi,1
https://adobe.com/trackstats?/udenqhp/wietlpip,1
https://twitter.com/frvx,0
https://twitter.com/csp_log?/vwebkuz/slmzlgb,1
https://facebook.com/ockry/zvitrlr/foqzdlpk/bodhiv?view=ptm8o,0
https://netflix.com/fuo/rklzn.svg?view=g5g50&theme=7paxn,0
https://amazon.com/tzlfdd.ico,0
https://linkedin.com/mnn/rppxj,0
https://apple.com/soblkn/vujnbgv/hggfemr/ajxik.jpg,0
https://cloudflare.com/tjf/jbngmj/ljvv/aoyraoto.css,0
https://cloudflare.com/zozkjwh/hbb.jpg?page=a3871&lang=enk7w,0
https://microsoft.com/ychaeptt/nyhtie/vlyeope,0
https://&t=pageview&/seczvojh/mahdk/hmwj?cid974=zoczai,1
https://youtube.com/adrhj/uig.jpg?id=c3vf9,0
https://wikipedia.org/blank.gif?*&/thiuufp,1
https://netflix.com/soq/slx/jphvb.ico,0
https://apple.com/crvrzdhd.jpg,0
https://amazon.com/qigz/mdmd,0
https://adobe.com/api/adplogger/*/islavrpf,1
https://adobe.com/pixels.jsp?,1
https://netflix.com/hez/knjg/ayynfda/xjsmv.svg,0
https://microsoft.com/fqi/jew.png,0
https://cdn.shopify.com/juoelwqk.svg,0
https://instagram.com/hbxplyu/pvwfa/wwz/gvw.ico,0
https://cdn.shopify.com/csiqwxup/vohp.woff2,0
https://wikipedia.org/analytics-tracker/*/ikgdue,1
https://twitter.com/bwbys/vfam/ryzg.jpg,0
https://google.com/eolhuw/ytcd,0
https://instagram.com/gaclicktracking-universal.js/eifqzf/uawm,1
https://apple.com/gaCustom.js,1
https://reddit.com/asrrfbw/siyvs/pcxotuy.ico,0
https://amazon.com/pixeltracker.js,1
https://-scroll-tracker.js/gmay/ndvmxk/tkq?campaign330=ogzgkl,1
https://linkedin.com/hctfphg/goyyt/qpjaca?theme=mfvc1,0
https://facebook.com/qdsjo/lvpxu/ghp/bgi,0
https://reddit.com/oppjiflq/jct/lmhbo/brno.woff2,0
https://netflix.com/hnwd/zriwwv.woff2,0
https://reddit.com/vyxq/uepzy/uhawzhi/zxpxgxfs,0
https://microsoft.com/gwzlxd/osfpao/eiru,0
https://cdn.shopify.com/AppMeasurement.js/mfb/tyv,1
https://youtube.com/eourert/xionej/islj.woff2,0
https://facebook.com/aotw/kjamxvz/qeywe,0
https://apple.com/yprz/uzhmfrt/opnsztbv.woff2,0
https://netflix.com/ajax-hits-counter/increment-hits/index.php/xlc,1
https://amazon.com/rlovr/zzrlouh/bwym/gdz.png,0
https://cdn.shopify.com/logview?referrer=,1
https://netflix.com/fbbrxi/wpug/nsndlbg.woff2,0
https://cdn.shopify.com/visitcounter.do,1
https://facebook.com/uxws/ecoakr?id=qfbjp,0
https://apple.com/trkga.js,1
https://google.com/hilj,0
https://adobe.com/iaqbmac,0
https://adobe.com/mfcfn/vimftl/myrzhiue.jpg?q=kvdr6&id=1xi5a,0
https://instagram.com/nagos/bal/hftflbh?view=wyldm,0
https://microsoft.com/site_stats.js/ubpijg/iku,1
https://cdn.shopify.com/ycdmo/akhxm/jdk/jychmic.jpg?theme=t8c1d,0
https://wikipedia.org/lyjrecwi/oqqdq.jpg?page=xo6iy,0
https://microsoft.com/yopx.svg,0
https://cloudflare.com/rmu/tvadee/llbdzx/kqnho.woff2?id=xwczz,0
https://linkedin.com/eqqwyhha,0
https://microsoft.com/hnjnbuxf.png,0
https://cloudflare.com/tag?tags=/jyubqi/vdokkfo,1
https://wikipedia.org/moat/yield.js/qawsys,1
https://netflix.com/xoohoaj/hngn/fqzd.js,0
https://cdn.shopify.com/yell-analytics-min.js/pllttu,1
https://adobe.com/aavebdt.jpg?id=pycsq,0
https://adobe.com/uhybuozz/riwyh,0
https://netflix.com/qrsozjm/rqa?theme=y9mbq&theme=bz2ty,0
https://instagram.com/lzdnw/rlwde.ico?theme=r5840,0
https://microsoft.com/kgxfpr/gut/urszu.jpg,0
https://twitter.com/sitecatalist.js/mvdiyi,1
https://apple.com/wtrostc/lxre/swfrysd/sfhfoakq.css?theme=lezgz,0
https://instagram.com/ajulwvf/nxwjwf.woff2,0
https://twitter.com/pyuo.ico,0
https://instagram.com/gaTags.js/ratpfmp/gtoxgrd,1
https://youtube.com/analytics-amplitude-/inmcv,1
https://youtube.com/NNAnalyticsWPSites.js/gxyytzzx,1
https://netflix.com/siyq/wgtouurb/fszlnghv.svg,0
https://wikipedia.org/rzzn.ico?q=y1v9r,0
https://microsoft.com/getclicky.js/eflaezs/zzpnwts,1
https://facebook.com/stwc/code.js/dwsc,1
https://youtube.com/lom.ico,0
https://youtube.com/xyyn/hzwbjmoa.png,0
https://netflix.com/analysis-logger/*/rsm,1
https://microsoft.com/ewnfag?theme=7wm5z&id=cvsna,0
https://adobe.com/thcdojbh/uzblxf/weby/jjnxysd.woff2,0
https://wikipedia.org/prgrfd/lyp/ffio.jpg,0
https://adobe.com/tbbqoa/mdobf/kahpb/vbhvtat.css,0
https://adobe.com/jswgqi/vajssy/zfrxyjl,0
https://.php?logType=/yqtm?utm_001=sxohnp&ref=119=uegrpr&campaign286=rtekkz,1
https://adobe.com/logAjaxErr_h.jsp/grdtzjto,1
https://youtube.com/cnvtr.js,1
https://linkedin.com/fbgbi,0
https://twitter.com/uijfpny/vhadux/knqujas/rttr.css?view=60vj3&theme=nl92n,0
https://instagram.com/ffi.css,0
https://reddit.com/vtpg/lpuhcm,0
https://microsoft.com/bxhub/rexgikrx/crhgflo.ico,0
https://linkedin.com/uniaqzzx/rjat/hvkkcqs/lqv.svg,0
https://google.com/ouaazq,0
https://twitter.com/zazvfcl?page=hl7rs,0
https://adobe.com/nukysy/gqjczmvc/zgqwesu/ilz.css?theme=7mt26&view=jaudw,0
https://twitter.com/mqdfrfl/dkfob.css?id=6htbq&page=7uufm,0
https://microsoft.com/tfw/ksw.css,0
https://apple.com/rtkbeacon.gif?,1
https://_stat_counter.php?/dflwj/rei/bsqb?affiliate438=syzrsx,1
https://cloudflare.com/clickcount.asp,1
https://linkedin.com/track-internal-links.js/guslror/gayecf,1
https://apple.com/rhdb/vmqzxq/tqczp.svg,0
https://cloudflare.com/rofpjwb/hkewp/dyboh.svg?id=0dmsw,0
https://netflix.com/nin/uwl/fsvqt/miau,0
https://cdn.shopify.com/jump/?jl=,1
https://microsoft.com/amp.gif?/maicaqf/lncmyxmm,1
https://facebook.com/knyqdso/ojbt/cykr/mppus.js?theme=w3orf&theme=ytbm6,0
https://facebook.com/hbbx/belhv/iofvixs.png?view=7a0x8,0
https://reddit.com/trackingFooter.js/yjcldgbo/yraufxv,1
https://linkedin.com/uudfwhhi/alft/nlion,0
https://apple.com/uijgnmij/rnugixl.jpg,0
https://amazon.com/wlywigdo/dpwgesv/tgztrg/fgfhzec.ico,0
https://cloudflare.com/kvaxw/ubb.ico,0
https://youtube.com/dsybymqg/eneu/xsabvbn/usdxxu,0
https://google.com/nulexrwj/lxvack.jpg?view=xzdxe&lang=fc000,0
https://twitter.com/kucqwzau/widrs.ico,0
https://facebook.com/vjjnn/wokwrinu,0
https://twitter.com/umeovl/oiigmwm.jpg?theme=6zvah,0
https://apple.com/unbxdAnalytics.js/ejsgpy/odrock,1
https://-adobeDatalayer_bridge.js/pbzf?ref=995=otnlzs&affiliate879=ghfbix,1
https://youtube.com/elhdnapt/spgo.woff2?id=ws3kt,0
https://cloudflare.com/hxs/shqbh/yuvhly/wcvlfi.css,0
https://apple.com/emstrack.js/bznejh,1
https://apple.com/bingimpression?/hpox,1
https://twitter.com/kbpc/rzy/dcukooif.jpg,0
https://google.com/epaw.jpg,0
https://_event_tracking?/xdigx?sessionid338=iihcdb,1
https://reddit.com/eolx.jpg,0
https://twitter.com/totpalb/rfikp/ooheu/hbvokzf.js,0
https://cdn.shopify.com/fcdcols/fvzd/ilutzjnc.png,0
https://netflix.com/updatestats.js,1
https://facebook.com/tzwtj/kxhqyhf.jpg,0
https://apple.com/aypf/pgiuvx/bcv/sagzcscr.svg,0
https://wikipedia.org/bqer/tykklwy/sgvssr/mum,0
https://adobe.com/CustomTrackingScript.js,1
https://adobe.com/glt.ico,0
https://wikipedia.org/vdot/wdfdv/edsplj.woff2,0
https://google.com/okc/nemnvfev/xfxgil.jpg?lang=4oms1,0
https://netflix.com/2x2.gif?$image,1
https://twitter.com/lmbpgwqz/ntxxe/thcyrt.png,0
https://facebook.com/nxpl.ico,0
https://amazon.com/euijw/llflai/yiojs?id=gu5i8&q=7q4xp,0
https://netflix.com/mbizyp/opf.js,0
https://google.com/xgsf/pph/fnqmd/srhbhg.svg,0
https://microsoft.com/bpguw/pebl/kefnbx,0
https://microsoft.com/rm.gif?/srdmbdv,1
https://microsoft.com/nknik/tzdviofj/aynl,0
https://microsoft.com/bstat.js/psfkrmp/ztsjg,1
https://twitter.com/eqyhiqd/ksks/hlrjms/ucr.svg,0
https://youtube.com/mqvqidb/twzlkc/psw/jzzj,0
https://amazon.com/kkkhm/nqysn/svxky/ivxy.svg,0
https://netflix.com/rhdoudwl/wneaz/vww/mbihzl.js?theme=q47ta&view=noq3m,0
https://reddit.com/ssjqublt.woff2?id=hx0wm&q=kwm9l,0
https://wikipedia.org/tracking/universalJSRequest.php/ofyemayu,1
https://wikipedia.org/jcp/ayxkonio/xapa/xcfzq.js,0
https://apple.com/kameleoon-iframe.html/mlcqgc,1
https://adobe.com/rorfo.ico?page=f0f61,0
https://twitter.com/beq/pnx.css,0
https://cloudflare.com/fdgprlo/jkwdvy.woff2,0
https://google.com/wlqeputu/cuxbw.png,0
https://adobe.com/countly.min.js,1
https://twitter.com/seotracking-v3.js,1
https://twitter.com/r.gif?/iqidhito/vnns,1
https://linkedin.com/imhktieq/szodhwep.woff2?theme=pvrqp,0
https://microsoft.com/hxg.png,0
https://google.com/pixeltracker.bundle.js/nmu/likq,1
https://twitter.com/tracking-cookie.js/afplzdi/qdssosn,1
https://microsoft.com/kfmzzkc.jpg,0
https://youtube.com/dpistat/updater.php/aad/jqye,1
https://microsoft.com/ndmui/adbi.js?view=5jkbu,0
https://youtube.com/fhos.jpg,0
https://twitter.com/rjqijg/zvgzv/bpjyk,0
https://google.com/yll?id=tyvud,0
https://google.com/trackingDTM.js/skhxt/sbybb,1
https://youtube.com/miadmxlx/rqnqpacg/cjvlvo?q=glkfc&view=m3wbd,0
https://google.com/nyr?id=3hcic,0
https://cdn.shopify.com/fisjcgs.css,0
https://netflix.com/wnrjjgjz/jstuuvpb/cmnxy/nuii?view=25hyc&q=cfdmu,0
https://twitter.com/uchkblxs,0
https://.php?tracking=/cnitmvvf/jlyptsu/bvdrfcdz?sessionid280=siqixx,1
https://adobe.com/SAPOWebAnalytics/*/lxbosby/dkmvekg,1
https://microsoft.com/xqchjk/encgro.ico?lang=hw7xs,0
https://cdn.shopify.com/iafmne/btfbg,0
https://instagram.com/hgaguxu/tah/ickmu.css,0
https://reddit.com/cmcihnzv/zirjwhiz.ico,0
https://netflix.com/log/log.php?/lkkzph/ulowyfx,1
https://twitter.com/dcs_tag.js/wcuh/vjguyfk,1
https://cdn.shopify.com/pveakzt/uhsfm/luswjcg/jleq,0
https://reddit.com/voto/ccckgz.woff2,0
https://-geoIP.js/omqbixc?sessionid456=fmhvha&ref=835=sqtixd,1
https://facebook.com/mlopen_track.html/zdaqj,1
https://google.com/yrtiif/yzzfwum/fbimj.woff2?theme=k7oqc,0
https://reddit.com/hitbox.js,1
https://amazon.com/referral-tracking.js/dmzrgklq/mrvnanij,1
https://adobe.com/llmboh/dbl.svg,0
https://google.com/xcvjv.css,0
https://reddit.com://track.*/dye/rized/dciiofop,1
https://facebook.com/DNSCheck.js,1
https://reddit.com/eqay/yotvnw/lpndsthm.jpg,0
https://adobe.com/xgfmf/ljoqyt/tol.png,0
https://linkedin.com/woocommerce-google-adwords-conversion-tracking-tag/*/soemdw/mwoir,1
https://instagram.com/siuke/pzowja.svg,0
https://apple.com/yad_sortab_cetlog.js/cnl/dss,1
https://cdn.shopify.com/wup?cid=,1
https://apple.com/cyeoa/dmwfgzz/pdrrvia/anzib.ico,0
https://amazon.com/smetrics.*/id?/gaiwejb/ooe,1
https://instagram.com/track/pixel/*,1
https://cloudflare.com/trrmcwi/iaydbva/qmpqbgjr?page=x6ibx&lang=kxqcl,0
https://youtube.com/gtwve/vzzztb/lssfggk.jpg,0
https://adobe.com/azfwjxh,0
https://twitter.com/statcounter.asp,1
https://adobe.com/fbpixel.js/mtyne,1
https://twitter.com/wkjfxd.js?q=4goyq,0
https://netflix.com/vvlqthff/nyu/qrjrfzox,0
https://microsoft.com/tsu.woff2,0
https://reddit.com://collect.*/pageview,1
https://linkedin.com/xpl/hzicx/kxwohp/wwueknt.jpg?lang=43ayk,0
https://apple.com/token?referer=,1
https://twitter.com/GoogleAnalytics?utmac=,1
https://instagram.com/bog/iqq/xji,0
https://reddit.com/rjlgixmi/fpd/mci.svg,0
https://google.com/eulerian.js/yxaleoat/gzp,1
https://amazon.com/hit/tracker/ila,1
https://reddit.com/jcx/fjspqbh/garamxd/guzaxt.png,0
https://adobe.com/counter.js.php/nnn,1
https://google.com/eoa/upogp,0
https://youtube.com/inline-pixel.js,1
https://cloudflare.com/ebjagvx/jykg/fcxenua/ninb.woff2,0
https://instagram.com/_/_/logClientError/*/emsbyw,1
https://wikipedia.org/ygvtceju/qotzx/hiyjpydw/ksfcdfmx.css,0
https://reddit.com/srp.gif?/cnbnmgu,1
https://reddit.com/public/visitor.json?/ealfl/fpx,1
https://netflix.com/mms.*/pv?/drcwgngv/wpls,1
https://reddit.com/hvrgu/giltltj/txjemez.ico?page=klmu1&page=x6vaq,0
https://adobe.com/rccm/bpnhc/njwdht/swzektr?q=lh6hu&page=cq6kr,0
https://google.com/jvyaw/zxz.woff2,0
https://facebook.com/jlswe/ucvpjcu/mshsha?lang=xiqs6&q=c5z7q,0
https://microsoft.com/gsswmvt/liaehkpu/gmwkp,0
https://wikipedia.org/inqad/tuxqp/nbfm/qafdfsum.css?theme=pssh3&view=5b3wg,0
https://facebook.com/cgxlc/zbrcama/uduciwfz/xpbcpdb?view=wwogm,0
https://reddit.com/tzs/awoh?theme=68gr5,0
https://wikipedia.org/zujlymsv/ysf/ggmabwb.css,0
https://twitter.com/uqgp/ejnusred,0
https://instagram.com/vtztww/yqgny/mbklzbt/xgrjmduw.jpg,0
https://facebook.com/afa/mpcujfr/gmmfkg/saeasb.jpg,0
https://cloudflare.com/gjrot/lqjdwpfg/zldii/pamu,0
https://youtube.com/uzum/scglbjgy/uwjyq,0
https://apple.com/argctbem/swzaauvm/bdk.ico,0
https://wikipedia.org/mrxvpl.ico,0
https://netflix.com/ixqgae.woff2?page=8izhh&page=5ymvs,0
https://amazon.com/hwyosgru/jhh/yhzy.woff2,0
https://adobe.com/sentry-logger.js/yjwwdu,1
https://google.com/fpvr/weqtzl/ourmpfvq/qejxqy,0
https://linkedin.com/uvkyy.js,0
https://facebook.com/cnt.js/xtbsv/wuovwx,1
https://amazon.com/ryvro/gwxllk/hmiverx?lang=1wwx5,0
"https://$csp=child-src 'none'; frame-src 'self' *; worker-src 'none',domain=fileone.tv|theappguruz.com/lafcqgh/xsdwp/ebcxc?utm_732=prgcni&sessionid905=zchmzm",1
https://reddit.com/rzpc/knts,0
https://instagram.com/mkkgjne/vjiaqmk/unxcut/mrc.jpg,0
https://wikipedia.org/svshcw.svg?q=fseu1&theme=l9ksb,0
https://youtube.com/coxlwh.js,0
https://cdn.shopify.com/sehzoux/yobq/wqwr.png,0
https://google.com/mewjgmyv,0
https://_c.gif?c=/sfytspa/quvse/ekf?cid896=xbglag&affiliate385=agbqkq&campaign245=csjdcm,1
https://apple.com/wms/wnmk/qevhefu/xmb.png,0
https://cdn.shopify.com/qtracker-v3-min.js,1
https://adobe.com/common/ga.js,1
https://reddit.com/axi.svg,0
https://netflix.com/stat_page.php/xoorum,1
https://wikipedia.org/moakwn/mpygqthe/mij.jpg,0
https://wikipedia.org/ublil/myrzk.ico,0
https://reddit.com/trackjs.$domain=~trackjs.com,1
https://youtube.com/wgkfun/qlheslju/oquxchp.png,0
https://adobe.com/cnt.js/pfc/bywqhqrs,1
https://cdn.shopify.com/eofmk/iqstet/igq.png,0
https://reddit.com/qoptlua/aukcdo.png,0
https://facebook.com/riveted.min.js/yyznsrl,1
https://twitter.com/opwna/yoqt/tpo/ygv,0
https://apple.com/estatistica.js/wnofjhw/nqcmvn,1
https://google.com/boomerang/beacon,1
https://linkedin.com/wt_capi.js/sgjck,1
https://google.com/qwgzb/llgfx,0
https://linkedin.com/jmwmjfqd/uwpae/lsgk.js,0
https://reddit.com/sgcantkd/twu/wsuptbi.css,0
https://cloudflare.com/qduvlq/fxtfg/ofivaa/gkx.svg?theme=ner67&theme=9qb8h,0
https://google.com/gdeplp/ghpkr/qesmr/avo.png,0
https://cdn.shopify.com/pixel/visit?/tatw/rmgjgdg,1
https://.v4.analytics./xdj?campaign599=cofysz&campaign153=tatcfz,1
https://cdn.shopify.com/xctobu?page=3rdye&view=quf3x,0
https://cdn.shopify.com/qczrr/rfa,0
https://reddit.com/xpoxsc/sbxb/gokcs/dqyfbrk,0
https://apple.com/vkhxmam/uoqbc/bzsgaqze.png,0
https://microsoft.com/cpmtz.ico,0
https://instagram.com/tracker/imp?/aqnwkft,1
https://netflix.com/performance-metrics.js,1
https://cloudflare.com/idgnpi/ngqmwlo,0
https://wikipedia.org/dutk/qstcyxh/zjrp.js,0
https://instagram.com/ga1.js/qrv/hpcjpfhw,1
https://facebook.com/logExecutionStats?/eekutc/ctvkblan,1
https://microsoft.com/wp-monero-miner-class.js/jdtepkjf/pgk,1
https://microsoft.com/ocgpw/aotf/kilkfbx/cbufd,0
https://facebook.com/track/aggregate?/chju,1
https://amazon.com/ipxadfs.ico,0
https://google.com/udihqgn/zxueyc/xomp/mlj,0
https://?action=impression&/ysh?sessionid458=tfojwb&affiliate764=vphmcd,1
https://netflix.com/iyeqhpm/ywptfqyt/vuzen.svg?page=tr2wj,0
https://cloudflare.com/analytics_events.js/vbhttm,1
https://apple.com/rkgh/vcpifg/ggx,0
https://google.com/ga-events.js,1
https://instagram.com/metrics-backend/*,1
https://cdn.shopify.com/insitemetrics/uRMJ/ujutilv2sll.js,1
https://?event=pageview&/rddapb/kkjfqb?cid857=ppzaeo&affiliate321=gkzdul&sessionid276=nzgykf,1
https://facebook.com/videojs.ga.min.js,1
https://linkedin.com/stattracker-,1
https://adobe.com/fqqwzuo/vnm/kzqodsk.jpg,0
https://reddit.com/ylgm?page=aeifp,0
https://wikipedia.org/wqaie/ftjfmj.js?id=polx9,0
https://youtube.com/lgrgwn.jpg,0
https://google.com/tracking/networktrackingservlet,1
https://cdn.shopify.com/event?s=$ping/osnvw,1
https://netflix.com/xgovcovn/moucknqo.css?page=shzzf,0
https://facebook.com/hmuxju/rldh/sqc.ico,0
https://reddit.com/xleflu/ngamerpc/cbdapvl.png,0
https://wikipedia.org/gajs/analytics.js/fohzusiw,1
https://facebook.com/php-stats.php?,1
https://cdn.shopify.com/brvdf/toozq/opj/vksfbpes.woff2?page=rolea&lang=61cyp,0
https://microsoft.com/qlisnf/oyep/jfs.ico?view=pshxl&id=8w998,0
https://google.com/trackPageView/*/magtpega/mhgi,1
https://amazon.com/analytics-amplitude-/ylwyey/rsqc,1
https://cloudflare.com/vbi/ylwyyfwo/bthjouat/bvnqlcj.css,0
https://wikipedia.org/logs/report_js_error/afa,1
https://facebook.com/ntprh.jpg,0
https://reddit.com/bdruc/ahc,0
https://wikipedia.org/prf/xlapg/ens/iwohwo.woff2,0
https://reddit.com/yhtsrs/chzk/lild/tnnte.svg,0
https://facebook.com/rpwzwolw/pjnnaum.jpg,0
https://wikipedia.org/qkku/aws?page=4n768,0
https://amazon.com/cqevdrn.jpg,0
https://instagram.com/tracker_async.js,1
https://instagram.com/ssqnal/pljjbm/kzakpvu?id=v4us5&id=hmnyl,0
https://google.com/jehheuy/ipn/lnvfzlb/wouc.jpg,0
https://cloudflare.com/msjgbn/nyvi/wyr.svg,0
https://google.com/wvmxejay/tss/leqkpk/tfffw.png?lang=aszav&q=qtlkn,0
https://amazon.com/uaqwngjj.svg,0
https://netflix.com/pwfrklbf/smjrcujt/eggnc.ico,0
https://youtube.com/iwe.png?theme=3i3ui,0
https://amazon.com/nbwbda/ugd/nmxvpy.js?theme=30vxb&theme=z0vwp,0
https://amazon.com/juy/rdbkgdb/extwxy,0
https://twitter.com/wbddsf/qhmicxkp,0
https://reddit.com/tccl.min.js/jaav,1
https://google.com/zbsl/ryidsp/hha/yzdnww.png,0
https://twitter.com/cjs.css,0
https://youtube.com/seotracking-v3.js/jzudnqwd,1
https://cloudflare.com/sdcTrackingCode.js,1
https://amazon.com/glxyp.js,0
https://linkedin.com/cnt_js.php?/ackokwr,1
https://adobe.com/xrysghg,0
https://youtube.com/vvsxil/fmzfwj/rta/ejqy?id=19vbl,0
https://wikipedia.org/brqwlwo/jmqy/yvic/dxnbntsi,0
https://netflix.com/pbh.css,0
https://cloudflare.com/track_video.php?id=/xfp,1
https://adobe.com/jewznt.woff2,0
https://google.com/nuftle?theme=ayv0n,0
https://cloudflare.com/ktydug.js,0
https://apple.com/keczmh/yxzaqz/sbdee/bajmjr.woff2,0
https://amazon.com/iqgiq/qmwz/exh.woff2,0
https://netflix.com/ifbmdta/uvxwzrcw/sxdc.png,0
https://wikipedia.org/dpixqg/tfuuto/lwk?view=3vvqt,0
https://reddit.com/batch/1/OE/*,1
https://cdn.shopify.com/khuvk/lqxncwdu/ouadw.css,0
https://cdn.shopify.com/vmaouw/qqr.png?lang=vu13k&page=h2nxc,0
https://amazon.com/r/collect?/zwhb/syvbn,1
https://google.com/zrsyvpe/witjd.svg?lang=yguxx&page=9afnv,0
https://facebook.com/hxv/owrcklb/upd/ldwv.css,0
https://netflix.com/pjwec/molrc,0
https://cdn.shopify.com/dexrsyiz/jmelhus.jpg?q=njv2m&q=aivfq,0
https://amazon.com/yah/rxpymlcp/ioo.svg,0
https://instagram.com/SiteSearchAnalytics.js/eis/cfsqvz,1
https://wikipedia.org/xllskstb/ahhxdc.jpg?page=3dmzt,0
https://apple.com/yko,0
https://reddit.com/omniunih.js/usfvp,1
https://adobe.com/yevm/oew/cfaj/yxbabi.css?q=7mbpt&q=bonvw,0
https://google.com/mcysdnd.jpg,0
https://amazon.com/boomerang.js,1
https://.pageview-props.js/uzkvuxce/cdmitow/wsvzomo?affiliate306=grgzsy,1
https://facebook.com/jikfqak/pvxvver/jqlylzcl.jpg,0
https://google.com/gwr/fmydguad/nzdr.woff2,0
https://instagram.com/showhits.php?/xdeunrm,1
https://cloudflare.com/riveted.min.js/msydiga,1
https://wikipedia.org/ygxyktfq/vjjph/wbykeq.js,0
https://microsoft.com/iylawywo.woff2,0
https://cloudflare.com/click/impression?,1
https://apple.com/lafaqlr/wfeyjenm.jpg,0
https://youtube.com/gfzluk/wsital.svg,0
https://_chartbeat.js/pxtybmq/jehiq?utm_274=rqvqxb,1
https://amazon.com/hjvkgie/xtozjxxm/uzzm/jwuw?view=uxbgo,0
https://apple.com/cfustg/gqp,0
https://reddit.com/ajax/eulerian/*/pcxv,1
https://linkedin.com/pvmpug.ico,0
https://linkedin.com/pdet.jpg?q=ejlcx&id=sb9d6,0
https://cloudflare.com/efj/ipozvwx/tkmnqk.svg?theme=cz2oj&theme=izwzy,0
https://cloudflare.com/pmruu,0
https://wikipedia.org/prepixel?,1
https://adobe.com/qsdovsho,0
https://adobe.com/foehqs.woff2?view=er2s9,0
https://cdn.shopify.com/gpefkxxn/jcjb/tdke/bpmtly.woff2,0
https://adobe.com/qcnpz,0
https://cloudflare.com/sruysd/pjjf/kvx.js,0
https://facebook.com/utjfytz?q=24czy,0
https://linkedin.com/weblog.js?,1
https://google.com/jdo/kdpooliv/kkspkn.png,0
https://cdn.shopify.com/onauywr/nux/lghqqoey/rmrlvh.jpg,0
https://wikipedia.org/sfe/ujqqmctc/uxbyz.svg,0
https://cdn.shopify.com/rklzywe/koyyd,0
https://cdn.shopify.com/uhqhe/lyjb/ysjajnz.jpg,0
https://youtube.com/oemozp/mnns.woff2?id=1znjq&q=10ybq,0
https://cdn.shopify.com/xfzz.png?q=tv8yo,0
https://youtube.com/VisitorIdentification.js/ohabznrg/jowqtfx,1
https://wikipedia.org/wxdbwu/yurpnsju/sccgv/qwcioi.ico,0
https://reddit.com/zulkl/urmexq/hwftdmnt/sxxo.js?page=dzrxt,0
https://&EventType=DataDealImpression&/khxn/unwt?sessionid893=idulse&campaign078=nnoonr,1
https://wikipedia.org/swell-ct-ad-data/xzcvgxq/ixl,1
https://-track-inview./njggxf/svdquafl/ugamgwp?sessionid897=isfkus&ref=423=abfput,1
https://reddit.com/lmhyfwh.js,0
https://twitter.com/isygbh/tyei.css?lang=mu8bs&lang=wpewc,0
https://facebook.com/ganalytics.js,1
https://twitter.com/nrd/quhkrl.ico,0
https://twitter.com/raakg/wrwrtjv/jpc/jgqejiu?page=5jjgn&id=w2gon,0
https://adobe.com/mbvdrc/gvlvcyi/tla/gxeni.svg,0
https://apple.com/conversion_async.js/jgxg,1
https://cdn.shopify.com/xcfgmg/nckbczv/kixha/natti,0
https://adobe.com/lfhvir/qknvbuze?q=c1qvx,0
https://google.com/counter.asp?/jfruaa,1
https://reddit.com/analytics.bundled.js/jvsjl/emoyby,1
https://youtube.com/izixohhy?q=xulre,0
https://microsoft.com/a/performance_timing/*/vteqt/bpoveo,1
https://reddit.com/paefkh/ibczeyy/xxdrvt/gnhav.jpg?lang=lxe17,0
https://instagram.com/hovvw/bmkyrjhv/wlrmv/rje.png,0
https://netflix.com/vfew/vovw/swmkwvg/tvwoei?view=1w818&id=m2v1e,0
https://google.com/ldijft.jpg,0
https://instagram.com/opj/gzc.woff2,0
https://google.com/service/track?/fxzyxwm,1
https://instagram.com/obtkullr/jam/apu/yjaoqn.svg?id=7modk&theme=wdeka,0
https://instagram.com/kvvlr/dltzpkmi/xqi.png,0
https://apple.com/udgy/sxh,0
https://cdn.shopify.com/__ssobj/rum?,1
https://cdn.shopify.com/xcrfewiq/ayhdd.png?q=64dlx,0
https://cdn.shopify.com/batch.gif?/sbkx,1
https://wikipedia.org/yudk/maehaqqd.ico,0
https://facebook.com/bqtdzlbc/rwwmj/txzkz/qwwmua.jpg?lang=356dc&page=ai42b,0
https://netflix.com/tjazjp/anadcpzn/ersuj,0
https://instagram.com/iyb/glmili/vxgw.jpg,0
https://linkedin.com/vzy/jlirbq/tlcd.svg,0
https://google.com/gbeejkjg/ywoybbwx/tdkbmjpo/kwtokgl?q=r2jwv&q=dppqt,0
https://google.com/okremb/yylt.svg,0
https://facebook.com/mn-collector.php,1
https://youtube.com/ga_tracking.js/avxndul,1
https://google.com/mnqcsgoa.css?lang=7ddx7,0
https://netflix.com/zzov/jvi/dacsj/ugrt.woff2,0
https://amazon.com/bsp-analytics.min./chcnif/brhdg,1
https://instagram.com/counter?id=,1
https://wikipedia.org/aiskd/anvwfvo.css,0
https://cdn.shopify.com/aqyx/ukcxlqbj/tduxxocz/kdrhws.png,0
https://linkedin.com/google-nielsen-analytics.js/ljh/cebn,1
https://?logType=impression&/ddjz/jojezrwd?affiliate046=olhuur&sessionid395=ahildc,1
https://linkedin.com/qpxqi.png?id=ud580&q=fs76t,0
https://amazon.com/rxwqiqm/btutp/dufyb/umzm.svg?q=zeifi,0
https://netflix.com/pixeljs/*/yrlvv/ynaww,1
https://youtube.com/udhzdekl/plpb?id=ut1ly,0
https://cloudflare.com/mydzcdi/xehm/ywnhxjaw/wpqnpbc.ico,0
https://linkedin.com/rqyf.jpg?page=hungs&lang=o9wo6,0
https://google.com/fwoctv/rvtwyj.jpg?page=ff27n,0
https://cloudflare.com/uzxe/mmi,0
https://amazon.com/wxxb/zllvpvrs/keyry/aikqju.svg,0
https://linkedin.com/brrn/jmgmdb/vxfslh/ymqhpzqn.png,0
https://netflix.com/trackmvisit?/ylay/phhbnvvo,1
https://netflix.com/itgdtracksdk.js,1
https://microsoft.com/xodi/aizotznb.woff2,0
https://twitter.com/tqrwbzu/mla/rsb/nvo.css,0
https://netflix.com/blgy.svg,0
https://youtube.com/hziy/jqkmdiqx/duz.jpg?q=1i1d0,0
https://youtube.com/ixob/tckyfo/oouebsp/qsdgkkmp.woff2,0
https://netflix.com/dmiwrc?id=efgjo&lang=0p8w1,0
https://facebook.com/tracklib.min.js,1
https://cdn.shopify.com/czxcl,0
https://facebook.com/botd.gif?/llfmpmsl/dwmpmt,1
https://amazon.com/stataffs/track.php?/uoen,1
https://youtube.com/yt-track-streamer/ztwkzuoj/ovwkmt,1
https://wikipedia.org/cbepjsfo/xguu/tbg.css,0
https://netflix.com/newlog.php?/spcm/wxe,1
https://instagram.com/rdm/hmrmhbk/knr.jpg?q=pogyc,0
https://cloudflare.com/GTag/general_tracker.js/wifqowo,1
https://cloudflare.com/juwuo/bsdx/kjnqz/cdmstppm,0
https://adobe.com/_/_/logClientError/*/ily,1
https://adobe.com/LogImpression?/lqdh/fazelhr,1
https://reddit.com/qyrkdrb/eelxjw/dbj?q=qs3e1,0
https://google.com/mbipd.ico,0
https://apple.com/ojq/ujcakooq.ico,0
https://facebook.com/liferay-analytics-api.js,1
https://reddit.com/jqbiutup/vvtugtnf,0
https://microsoft.com/uixj.woff2,0
https://apple.com/hit2.php/dncinbom/mluqxoyu,1
https://wikipedia.org/amp-analytics-/bhouimk/juiu,1
https://linkedin.com/gnhth.woff2,0
https://linkedin.com/bygblsk?view=u3tek&id=vu3w9,0
https://cloudflare.com/vendor/cedexis/*/oxgdnjnf/othsbw,1
https://netflix.com/nbio.svg,0
https://instagram.com/mkevp/iehamneb.svg?theme=euot6&q=gpe6z,0
https://cloudflare.com/showhits.php?,1
https://adobe.com/nhtyp/bgkgt,0
https://adobe.com/rzkoa/fpagjzhp.css,0
https://youtube.com/mtujhj/nuf/scgdhyur/txvxmi,0
https://linkedin.com/qegql/qgc/pndztvzd/pgeroxl.jpg,0
https://reddit.com/ekkgilvd/vyy/sfiqklc,0
https://cloudflare.com/zngewe/ntdlqf.js?lang=n9d1t&id=h4x7o,0
https://cdn.shopify.com/pvlog.js/dga/kijojgk,1
https://twitter.com/dhoq/wjqj,0
https://adobe.com/qrbu/wowoeedt/nntxw?id=mri2f,0
https://adobe.com/smufdft.svg,0
https://instagram.com/matd/aktwi/jmhmbhbg/djxf.woff2,0
https://reddit.com/qytxqj/rzimo/swl/odlzrgio.woff2,0
https://instagram.com/services/pixel.html?,1
https://facebook.com/gzalizwv/iaoxy/yzshbjt.jpg,0
https://facebook.com/metrics/ping?/jas/kjgo,1
https://instagram.com/traffic/status.gif?,1
https://cloudflare.com/jeek/zsis/xyorpouk/teynidh.woff2,0
https://cloudflare.com/gjpxcwur/tufdg.svg,0
https://youtube.com/fclns/azvvra.png,0
https://cloudflare.com/fylww/ndze/mynhwcz.woff2?view=fh04y,0
https://wikipedia.org/gs.gif?,1
https://twitter.com/hozza/osndzp/hgwhaawe/fcunns.ico,0
https://reddit.com/cetmeqi/ckowah.png,0
https://reddit.com/sitecrm2.js,1
https://amazon.com/esdkhybq/qez?q=upw6v&theme=qdngu,0
https://twitter.com/jsc/lrtclay/wpm.js?page=vnvzk,0
https://linkedin.com/zslfwh/iuimkzng/jmhqubjx?id=v3yzr,0
https://cloudflare.com/hvzxrin/pbcysp,0
https://apple.com/lkxsodd/kswsm,0
https://google.com/zdzyhbg,0
https://linkedin.com/tracking_unitary/*/jlxlbrq/sneh,1
https://cdn.shopify.com/count_js.php,1
https://netflix.com/dbkcrlp?id=6rjxh,0
https://cloudflare.com/rqnos/dcxjo/awqlgdo/mgxoqak,0
https://netflix.com/lfrc/bhb/fipeksx/rrtvc.js,0
https://instagram.com/lpio/rqab/rnn/pabie,0
https://adobe.com/wsxag/cudreqau.js,0
https://microsoft.com/leadtag.js/heitx,1
https://twitter.com/xwgzsb/odsqpmz/owsodz/knxy,0
https://instagram.com/rudder-analytics.js,1
https://linkedin.com/sk-logabpstatus.php/tmgm/nqoms,1
https://microsoft.com/vhmyqcm/laxtc/gbaj?lang=ip647,0
https://cdn.shopify.com/adobe.visitor-/ann,1
https://youtube.com/cdeu/ycru.woff2,0
https://cdn.shopify.com/uasud/ozgswk/txqr.svg,0
https://reddit.com/iqc/rmdoad/chfogh/nzth.js?theme=ppdah&lang=8plhl,0
https://microsoft.com/matoasmp/mgjhmv/uaone,0
https://adobe.com/aisgpink/hudb/ydbjgbu/urxz.svg,0
https://youtube.com/xec/snyzzq/rnsi/fxaeznix?page=mep1q&q=cbwc0,0
https://reddit.com/scroll-analytics-,1
https://reddit.com/inrtzouu/iepbfmk/vpctmqb/xsx.css,0
https://linkedin.com/analytics-gjc-min.js/waq,1
https://twitter.com/pnyik/zzohrdtn/uixjevyo/nljduqdl.svg,0
https://youtube.com/kofip/zbdbqs/sqnbtv,0
https://netflix.com/AccessCounter/index.cgi?/jghxh/akabvaas,1
https://amazon.com/rpaf.css,0
https://netflix.com/sncz.svg,0
https://wikipedia.org/uecwrnoy/ayjncay/lgo,0
https://microsoft.com/ifxnw,0
https://reddit.com/elqfcs.js/nhnzuyt/gceeqpx,1
https://adobe.com/wgeeww/brwav/wtlhdhm/bhy.woff2?q=pqmhy&page=oguj1,0
https://netflix.com/tags.js?org_id=/xep/nhipnwti,1
https://amazon.com/gmrc/eyw/eymh/fylvych?id=2r56a,0
https://twitter.com/WebStat2.asmx/fhjla/rad,1
https://reddit.com/kcdq/crbma.png,0
https://facebook.com/gyyphc/lmvqq/fhgevi.css?view=ciktx,0
https://reddit.com/vjqavj.js?view=bahl2,0
https://cdn.shopify.com/countstat.php?,1
https://adobe.com/ckbwe.svg,0
https://microsoft.com/ImpressionsEvent.js,1
"https://$csp=child-src 'none'; frame-src *; worker-src 'none',domain=thepiratebay.org|vidoza.net/vrfrar/muars?affiliate382=ovwuif&affiliate043=mwhkqe",1
https://twitter.com/busting/google-tracking/*,1
https://cloudflare.com/cxense-candy.js/zzpowl/szhgvk,1
https://cloudflare.com/uts/fjd?theme=1ul2d&q=deuy9,0
https://wikipedia.org/bwl/jsit/gmjomp/zeimna?view=fh4fd&theme=099sb,0
https://wikipedia.org/oqpfsgms/wimya/kjdga.ico,0
https://netflix.com/zbvs/hwixrn.css,0
https://netflix.com/pxre.php,1
https://linkedin.com/opfqkdk,0
https://netflix.com/api/v1/streamtelemetry,1
https://twitter.com/uegb,0
https://cloudflare.com/imt/bpwijy/qkwrhn/jwn.png,0
https://adobe.com/mnh/unyrkwx/xwrdo/kemdrz?q=p4qu3&theme=d93sx,0
https://google.com/log/web?,1
https://microsoft.com/aty/odonc/glxawbf/imezdyi,0
https://cdn.shopify.com/counter1.gif?/xyefcy,1
https://cloudflare.com/cer/gfkhotba/epbegsj/lsfyxpc.jpg,0
https://cloudflare.com/google_analytics3_v2.js/hxhumwgy,1
https://facebook.com/page-analytics.js/duspp,1
https://cloudflare.com/comscore_pageview,1
https://linkedin.com/rkwno/jgkoqa/rrlyelcq.jpg?theme=6hyfq&page=stbxl,0
https://cloudflare.com/prnx_track.js,1
https://?local_ga_js=/xdau/xms/ujig?campaign257=snrcyn&sessionid694=gxtmno,1
https://reddit.com/stream/log.html?,1
https://apple.com/liferay-analytics-processor.js,1
https://facebook.com/oxiizsho/kquhb.ico,0
https://cdn.shopify.com/etrhk/ihmmlau/gzpsrt.js?lang=qnnq7,0
https://wikipedia.org/hzsifdf/jwmdssg/wetlz.woff2,0
https://wikipedia.org/ywk.jpg,0
https://youtube.com/track_page_view?/cucsvpi,1
https://google.com/ncj-pixel.js,1
https://apple.com/popu.js$script/ilyood,1
https://facebook.com/ciggk/wmstj.jpg?view=8n8qs,0
https://cloudflare.com/trackmerchant.js,1
https://microsoft.com/gsgn/jtco/joozj.png,0
https://google.com/rylnx.jpg,0
https://instagram.com/tnfwaqnm/eggguy.svg,0
https://adobe.com/log?event=/elaht,1
https://wikipedia.org/glnjbf/ajsvcf.js,0
https://microsoft.com/eomd,0
https://cloudflare.com/pefhyu/pizjycf/hbpxndsn/kjrin.svg,0
https://cloudflare.com/cvbkbmt/clo/xasqhbgd/feesdy.jpg,0
https://apple.com/sqnq.js,0
https://reddit.com/epk/yzhuadc/fskazjws?theme=z0l5y,0
https://cloudflare.com/mtiFontTrackingCode.js/gykteq,1
https://_WebVitalsReporter_/kajsx?ref=763=bnwgcz&campaign609=uqwqlx,1
https://netflix.com/jrr/vpnejf,0
https://wikipedia.org/mdxehhk.png,0
https://reddit.com/mio/xtosv/ljxuzyra/ewhwte?lang=q15h7,0
https://cdn.shopify.com/bzdxnxg/glekupu.css?q=f8cb2&q=jkmwq,0
https://linkedin.com/osikjq/xxdu,0
https://netflix.com/s_trans.gif?/izvcdiw,1
https://twitter.com/qjwu,0
https://apple.com/zrbnqx/aocz,0
https://.EventTracking./hiap/iorun/ydfcatts?ref=355=odbfuy,1
https://reddit.com/ctxieakb,0
https://cloudflare.com/cgxh/qnrqqnn.jpg,0
https://google.com/clickpathmedia.js/wmup/uyrdsckr,1
https://.js?id=GTM-/vwfybkp?cid808=sqzuij&utm_495=zpdwxc&sessionid527=vvieie,1
https://linkedin.com/imp_cnt.gif?/oyk/tjhgnasp,1
https://cloudflare.com/bcitljq/qarzu/tpiydec/qlwce.ico,0
https://.php?logRefer=/zxz/okzrasmk/gxd?ref=913=wpdbpa,1
https://cloudflare.com/gxwtspkc?theme=54dr6&view=ox59m,0
https://cloudflare.com/lid/ommibzi/lgdierbo/xhhpx.css,0
https://facebook.com/nrkbmecj/nmy/geme/mtut.css,0
https://twitter.com/nezuf,0
https://google.com/hccdl/bis.woff2,0
https://instagram.com/hopzs/vgbbvi.css?q=x1vtv,0
https://amazon.com/inline-pixel.js/lascew,1
https://&hitType=pageview&/val/fufwttgr/vxzgxqny?cid239=fngxpf&affiliate819=jabsny&utm_929=iqthde,1
https://wikipedia.org/s/js/ta-2.3.js?/ighefyx/mfpayv,1
https://?log=xhl-widgets-events&/wivuvo/ppapi?sessionid229=rmpulo&utm_753=hjecxc,1
https://wikipedia.org/hayu/jdwge.png,0
https://microsoft.com/hits/logger?,1
https://facebook.com/tracking_pixel/pfvpjxm,1
https://wikipedia.org/fingerprint2.js/brvsb,1
https://adobe.com/qfnzsbtk/nchoozy.css,0
https://linkedin.com/pixy.gif?/jitj,1
https://.EventTracking./famccxw/ijavf/qytbslym?sessionid748=xksdsr&ref=639=sbawms,1
https://adobe.com/wacsn.ico,0
https://cloudflare.com/zpnc/ier/rijyjkyx.png,0
https://.skimlinks.js/zzrvvddn/uvtgecqs/fmswlofk?cid430=lvilub&sessionid135=cwkxpv,1
https://facebook.com/mprg?view=t6it1,0
https://cdn.shopify.com/chicken.gif?*=/mrkpk,1
https://facebook.com/qxvp/phvfmrim/zdyrloi/ghligl?lang=49f0r&lang=xfffu,0
https://facebook.com/pbqxpvwh/ihbzek/iqkh/agjdzt.js,0
https://wikipedia.org/ertder?q=cgqfv&view=zjpee,0
https://microsoft.com/rujfgu/scl/ihzgkfvs.png,0
https://adobe.com/mrc/aptzaej/ssqgs.ico,0
https://netflix.com/fjtw/wdutnkla/wylxxfhn/cwgb.jpg?id=y5fh6,0
https://facebook.com/asuedxmw,0
https://netflix.com/ijxhdpiz/rfengce/qab.png,0
https://facebook.com/clickstream/visit?,1
https://twitter.com/server.php?request=track&output=/cadwzk/yxjbkvt,1
https://google.com.com/vtrack,1
https://reddit.com/qqn/kwd/xaekueuu.ico,0
https://twitter.com/quant.js/nwpvgoer/vqapvng,1
https://cdn.shopify.com/vdb/afakon/wuyc/jjzydhhv.jpg,0
https://amazon.com/kuozl/pgakhkfx/xbpfgdn.ico?theme=b2d89&view=29spg,0
https://amazon.com/sydlzda/hysqsbw?theme=cgm89&id=jsha1,0
https://youtube.com/clicktag.js/ghjh,1
https://twitter.com/ghvczo/tycwfmq/uub/hzagqy.ico?view=bztdm&page=mvatf,0
https://cdn.shopify.com/dplpe/cfzessj/icmzjapj/dviz,0
https://google.com/fms/tokhzapz/qftr/tmsiwy.woff2?q=rmayu&theme=28fzx,0
https://adobe.com/api/pageview/*$ping/isqecn/fuyzne,1
https://instagram.com/gtm.js,1
https://facebook.com/zjq/vauzd/xfgbjwxh/qls,0
https://linkedin.com/vtftsutf.js,0
https://instagram.com/mtkdy/kxh/khsb?view=3kd5o&lang=tn342,0
https://microsoft.com/pix.gif?/uvpbs,1
https://cloudflare.com/cavbq/bvqiuqz/tduq.png?page=d3cgh,0
https://twitter.com/hhocyzmf/kpzhlo/qpsqixj/muy,0
https://twitter.com/TeaLeaf.js,1
https://apple.com/objpbw/stjln?id=mq4dt&q=2bsgx,0
https://facebook.com/fmt/qosx.css,0
https://facebook.com/js_log_error.js,1
https://microsoft.com/evpcgvqm/npkwuqjr/mojkirmw.woff2?theme=rheh3&theme=5iq8e,0
https://microsoft.com/discourse-fingerprint_/ysadjf,1
https://netflix.com/uot/goh/lmvsio?theme=3xm66,0
https://amazon.com/iaf/olgima,0
https://youtube.com/wpengine-analytics/js/main.js/xsigye,1
https://amazon.com/xgaa/rbpmlge/gqeg/zrt?page=nby0j,0
https://reddit.com/mvougdcr/btnyky.svg?id=lu6n0&page=jexle,0
https://adobe.com/emtj_tracker.min.js/yjvqil/glqkl,1
https://?action=event&/mjqbd/cggfty/lgyhcajx?sessionid169=rcouod&campaign657=zxkvtl&affiliate147=jnuraw,1
https://twitter.com/zexyi/houbm/sozvhtxa/qsreou,0
https://apple.com/event/pageview?,1
https://youtube.com/pageTag?,1
https://amazon.com/kgbhge/uziygvgl/wtvjz.png,0
https://amazon.com/emstrack.js,1
https://amazon.com/rql/ysjv/agmkequ?page=pu12t,0
https://microsoft.com/nuy/pncol/hhzupuns/htrbvuo.png?lang=7cp3s&lang=re9b4,0
https://?logType=trackEvent&/ahlgaui/brsomfg?sessionid249=jotvix,1
https://_beacon?/yojw/sjogao/srbkcu?sessionid969=zpybvc&ref=345=dxuupm&cid490=onmffw,1
https://instagram.com/hosgg/tpxoq/yaavwveq/sonw,0
https://apple.com/gsbfue/zydi.png?id=yzdrj&lang=8bf8x,0
https://adobe.com/garkhehg/ijbwg/honqqu.woff2?view=a9q9o,0
https://amazon.com/cyqlwsm/mmp.svg,0
https://cdn.shopify.com/towhjdp/hqbgi,0
https://linkedin.com/jsblwr?lang=rr2er,0
https://wikipedia.org/yvysd,0
https://youtube.com/rgr/nen/yibitpzi.css,0
https://microsoft.com/hboo/jlysmcj/bzne/obvb.js,0
https://reddit.com/performance.fcgi?,1
https://reddit.com/fbbje/ijyybpb/uouvnxij/ajoxxv.jpg?view=87ohy&theme=sdr5q,0
https://wikipedia.org/gsqyupqj,0
https://google.com/log?method=/mtygmotg/awrnfp,1
https://adobe.com/iysojbzp/ctp/whjraw/xcn,0
https://amazon.com/tqewbwke.js,0
https://.pageview-props.js/fdcd/bar/wuz?campaign795=umdqjb&sessionid806=ugbbtw,1
https://adobe.com/stprm/bin/fmvvmfhn/peefnx.css?q=92j3o,0
https://amazon.com/epmwpyt.woff2,0
https://linkedin.com/gktttmhj,0
https://microsoft.com/pknid.jpg,0
https://youtube.com/ofrv/zewykq/wovjiw.png,0
"https://$csp=child-src 'none'; frame-src 'self' *; worker-src 'none',domain=fileone.tv|theappguruz.com/xvgwsz/vurcehik/zprlgwbs?cid146=aiiilm&sessionid503=fmegwe&affiliate379=tgdomm",1
https://netflix.com/idl/ovabw.jpg,0
https://microsoft.com/yhrrnat/yyvt/mzcne?lang=bbpy8&page=26p9j,0
https://-click-tracker./gajggxqj?affiliate260=aserdl&affiliate982=ilcwxf&campaign751=iuiair,1
https://amazon.com/vsnrjp/vbelorww?page=9ctln,0
https://reddit.com/ietwntsx.css?q=89j7z&q=3vrvr,0
https://instagram.com/amp-analytics/*/dwo,1
https://linkedin.com/lsp/jvcbdfd/rqa,0
https://facebook.com/plcegwdb/rbpt.png,0
https://facebook.com/fgjuhgo/geedoji/hwjrzfl/wpuv.woff2,0
https://netflix.com/rwh,0
https://twitter.com/msgx/ndnjjsza.jpg?id=thw8r&id=y0c4a,0
https://instagram.com/zstx/cukvbe/fsczwb/kqh,0
https://amazon.com/sueeii/sxxfj/hvciwll/xkcrd.jpg,0
https://instagram.com/lvmfj/vpoei/oht.css,0
https://cloudflare.com/uyxhvrs/llbp/hmpmxkg/lpdx.svg,0
https://adobe.com/ot_e404.gif?/lmhbb,1
https://netflix.com/mhho/zqtk.ico?lang=cc4w8,0
https://netflix.com/ghwnjao/hnseltei.woff2,0
https://microsoft.com/pvoh/hhkri/zynvi.jpg?lang=u0inq&theme=gvvya,0
https://cloudflare.com/rum.js?view=67zs5&view=ku32a,0
https://google.com/pdp.gif?,1
https://-track-inview./nlzn?sessionid913=cnxqfp,1
https://linkedin.com/wcqyu/gdxlfurm/iikbxjap/lconk?lang=ax0hc&id=dl42y,0
https://amazon.com/yxapbhq/waz/dsxvluca,0
https://reddit.com/pav/solbkqyf/tpsn.woff2?page=yuite,0
https://netflix.com/lvx/gbsxq.svg,0
https://netflix.com/eumcollector/beacons/*,1
https://google.com/oqztquu/die/swy/tuwjoclb.css?page=exebd,0
https://netflix.com/teektvsb,0
https://netflix.com/xsdvwo/cxcza/bcjcpl.ico?id=gb5lz&lang=093x5,0
https://twitter.com/arprnus,0
https://netflix.com/xjck/qrhe/jeqxf.css,0
https://.php?stats=/snmoi/ytghggq?sessionid931=nvunez,1
https://reddit.com/afytdzf/cdua/tpsmdvlo?theme=51efp&id=dilcs,0
https://youtube.com/dyjzxsrq.css?lang=27tgv&page=3o17j,0
https://adobe.com/api/metrics/event,1
https://facebook.com/dfgpxyau/pkcgm/arig/lgbrefto.jpg,0
https://microsoft.com/lnmhv.woff2?id=dchro,0
https://twitter.com/smartpixel-1.js/igmbwmmk/bzl,1
https://twitter.com/dtfxaq/ffjzlgi.jpg,0
https://cdn.shopify.com/latpskcw/tbaqwmw/abocxeih.css,0
https://.php?ping=/acneaxgl?ref=943=ubqzig&utm_983=qhtlgk,1
https://twitter.com/zoscfox/frh/fljnjd/zrmbpaj.png?q=tkadl,0
https://instagram.com/?livehit=,1
https://?event=log&/nfpv?campaign692=cvswiv&affiliate163=ipkwta,1
https://microsoft.com/qzi/tkj/rxontw/edeqxopc,0
https://wikipedia.org/owtjy/psuzu/lfhbh/yrh.jpg,0
https://reddit.com/analytics.*/track,1
https://instagram.com/log/log-event-/rwjzdyee/bmbosmei,1
https://google.com/weaoj/ocvxenj/rafswoiw/aanjwfva.jpg,0
https://facebook.com/ris/xlsr/ukrpubwi/ijscamp,0
https://twitter.com/GoogleAnalyticActionLib.js/pstanuoj,1
"https://$csp=child-src 'none'; frame-src *; worker-src 'none',domain=thepiratebay.org|vidoza.net/vyek/eshpbjfn?ref=588=zvweuu",1
https://adobe.com/cybdfeg.svg,0
https://instagram.com://load.*.js?st=$~third-party,1
https://facebook.com/owa.Analytics.m.js,1
https://cdn.shopify.com/fwsj/edjos/xoim.js,0
https://microsoft.com/sgapgaa/cph/xcfgvpzo.png,0
https://linkedin.com/sko/qbrpgyl/jkl.css,0
https://cdn.shopify.com/kqxrxw/ruegvvbw/ywjcry/byg.png,0
https://apple.com/mgsqmgjv/dbpzzv/ikxczzq/aokc.css?id=uvn88,0
https://google.com/djsscpp/xdla.css,0
https://reddit.com/jyzlg.css,0
https://reddit.com/vendor/analytics.js/uqrci,1
https://cdn.shopify.com/uulirzfa/tcnyt/htalz.svg,0
https://instagram.com/nbboea/xyv/vyephjqu.png,0
https://microsoft.com/xkfpod/lar/igbe,0
https://twitter.com/npluhfxb.css?q=wogia&theme=kv9in,0
https://adobe.com/vsyytx/dwhiktpa,0
https://netflix.com/cgcexjxv/osxl.jpg,0
https://apple.com/lqlxvsr/lpw/msxem.woff2,0
https://adobe.com/ccymlcy/hzjra/lqmnoqfy.css,0
https://twitter.com/qcqxf/fgzetgr?q=ydk2a,0
https://adobe.com/opinionlab.js,1
https://apple.com/google-nielsen-analytics.js/zwyarwm/qoozzhu,1
https://twitter.com/uhrgbq.jpg?theme=yexhp&lang=ssmvq,0
https://reddit.com/blfvqh.ico?id=wwa0j&theme=t4m5h,0
https://wikipedia.org/mtehxvql/ijz/orvyly/kqt?theme=pl2ta,0
https://instagram.com/lxnnd/uqnmmmm.jpg,0
https://microsoft.com/tpgdqxs/ivbd.svg,0
https://cloudflare.com/jngkw,0
https://amazon.com/cytnw.woff2,0
https://wikipedia.org/nkwys.png,0
https://amazon.com/wcilyi/bepvu/rfnpqqrt.css,0
https://microsoft.com/wzcbr/eqe/iregdos/xkssfg,0
https://youtube.com/utw/mvjm/ziwbt.png,0
https://amazon.com/iwxtejue.jpg,0
https://netflix.com/cgi-bin/ctn?/utz,1
https://instagram.com/vgsgnrp/bzt/gcfazsz,0
https://amazon.com/oertah?lang=oiyk6,0
https://cdn.shopify.com/frsjs/oqjsvd/ridcujz/mghpliz.js,0
https://wikipedia.org/ohqyb/qmihuypn,0
https://netflix.com/Article/ViewCount/*,1
https://?event=performance&/wka/nvream/rmuedz?affiliate907=eiqvuf&campaign911=uwgsgm,1
https://?logType=trackEvent&/fdsmjwot/lzd?sessionid552=eaqjmf&ref=467=gcuwzt&ref=660=jaijsm,1
https://google.com/nm/itracking?,1
https://facebook.com/taucxidx.jpg,0
https://cdn.shopify.com/ghkzowq,0
https://twitter.com/track.png?/fwhk,1
https://reddit.com/ycuedi/buhn/jby.css?lang=0v6z7,0
https://youtube.com/owa.tracker-combined-min.js,1
https://reddit.com/zgjlud/afqj/cqezzsmx/wtcsrb.css,0
https://.php?action=browse&/zbbpkbqr/klhl?affiliate693=pnuubu,1
https://amazon.com/khlfr/tjximc/aibj/ihhfmge.png,0
https://_event_tracking?/dfbme/wicxvmai?cid976=waaykx,1
https://google.com/fpcookie?,1
https://wikipedia.org/ncnu/lxpdsb/bbioz.woff2,0
https://amazon.com/tyi/kmdys.svg,0
https://microsoft.com/rgwp/rqqmjqxp/zzaywnz/ypzzfe.svg,0
https://amazon.com/ecxtdvo/nicnaaz/zlpaa.woff2,0
https://apple.com/sbmengx/isd.js,0
https://linkedin.com/ovvdvyrn/piw/qzjfbahc/jrx.ico,0
https://cloudflare.com/fhliby/fiea.js,0
https://reddit.com/collect?data=/atbu/wcyk,1
https://reddit.com/ddrdj.png,0
https://reddit.com/hrl/xgbixewm,0
https://adobe.com/GoogleAnalytics?utmac=,1
https://facebook.com/sszelbxv/rgtgu.ico,0
https://instagram.com/dfcvy.svg,0
https://cdn.shopify.com/wqfrnr/pbdvhu/blcyo.png,0
https://.php?action_name=/nzhgybyo?utm_273=ilhmbb&utm_305=xqxlny,1
https://amazon.com/qusrg/chb/zdxnfxw?q=zle7e,0
https://facebook.com/hfkwmy.jpg?id=me3kp,0
https://google.com/vaihm,0
https://cdn.shopify.com/hodleb/ywrlvwqt/jydc/febdtnxi,0
https://wikipedia.org/vipxk.js,0
https://?event=log&/vtvy/yebhqo/dime?campaign725=adlotm&campaign699=nfdmii&utm_334=lragqk,1
https://microsoft.com/wnej.woff2?page=tumak,0
https://adobe.com/uelfj/jcot.js,0
https://amazon.com/fbqhgkl/xeaqujg,0
https://netflix.com/jkcbt/xxdu.js,0
https://microsoft.com/lgolx/sowczny/sdqzfpe/hbegivlj.png?theme=iolrk,0
https://netflix.com/xrklf.ico?page=irzn6&q=2llsk,0
https://netflix.com/dqw/wjg/mcp.woff2,0
https://linkedin.com/yzi/ouduxm/sxgw.ico,0
https://cdn.shopify.com/rmntracking.js/dlbiau/eoxd,1
https://linkedin.com/ygx/jvlgtd,0
https://-track-inview./xgklxqo/pith?campaign259=jrgkpr,1
https://?local_ga_js=/zzipp/sjmcst/bhwouy?campaign646=vtgbjt&affiliate007=ryurnz&sessionid991=neimcy,1
https://microsoft.com/ajax-link-tracker.js,1
https://linkedin.com/count.gif?/jjdnnkr,1
https://amazon.com/amp/log.json/uwfjwpro/acqtbudy,1
https://linkedin.com/VisitorAPI.js,1
https://youtube.com/udn/ovze?view=7ebro&page=kaywd,0
https://youtube.com/HeatmapSessionRecording/tracker.min.js/ivx/crxb,1
https://cloudflare.com/acg.js,0
https://instagram.com/yvcp/czsc/uem,0
https://twitter.com/web/vdj/kjn/jwyzpy.woff2,0
https://wikipedia.org/poxxiwk/mksklqle/ygsb/pufqmwdr,0
https://youtube.com/dl-web-pixel.js/xslyzr,1
https://twitter.com/gnie/hugrfipf/imwd,0
https://adobe.com-universal-analytics//gojz/gir,1
https://instagram.com/niok.svg?view=z9eaw,0
https://twitter.com/ptrack.js,1
https://.sharecounter.$third-party/jvrdj/eaj/hrxrffuc?sessionid073=vxsrad&utm_491=zginpo,1
https://linkedin.com/rgokjo/fqsxqvh/rbyqhst/gftwg?page=0uz3v&lang=71t8d,0
https://cloudflare.com/Counter.ashx?/knvos,1
https://cdn.shopify.com/autotrack.js/fdg,1
https://netflix.com/buncgo/orcwjkk/pjxnc.js?theme=jy95c&q=uemj9,0
https://reddit.com/wsvtgf/mueplb/eleqa/nks.svg,0
https://apple.com/prk/edynmta/xoaiy/pjtgxor.css?id=rrug1,0
https://facebook.com/LogRecorder.php,1
https://amazon.com/ybjxymnb.css,0
https://apple.com/mbujpkl/oiuonnva.js,0
https://amazon.com/ueqb,0
https://youtube.com/fusion/lucid/data/*,1
https://instagram.com/zlujxtr/ydvmne/jmjwnal.css?id=4r90h,0
https://wikipedia.org/rcsgvdj/nwttpgct?view=u3ews&id=oad9a,0
https://google.com/ruj/tfjmb/xis/nfwitx.jpg?view=y2fmo,0
https://cloudflare.com/moat/yield.js,1
https://amazon.com/oadipel/kemhm/esi.js?id=g1kra&id=t68ui,0
https://?action=impression&/btumhl/qczmqelf/hkplt?affiliate978=ngjizu&campaign109=jjnrly&utm_501=lvnpfy,1
https://apple.com/swmqdot/lgbjdgua/xbfbo/dkgzki.png?page=lut69&id=pmp4w,0
https://adobe.com/wmxtracker.js,1
https://microsoft.com/ecsitfk,0
https://cdn.shopify.com/trackingCode-/tkmmtxny/bnsutp,1
https://google.com/dvy.js?page=c57zl&page=g0qkv,0
https://cdn.shopify.com/rwotrwdk.js?q=noyp4&q=qla9g,0
https://cloudflare.com/eaokwkjh/mrk/mktehwnf.woff2,0
https://twitter.com/hlgb/qytdbaw/qlamm/mvubcm.png,0
https://reddit.com/aieiwuq/qftke/stdldhc/ebbfikgb,0
https://linkedin.com://collect.*/pageview,1
https://instagram.com/lnfao/xsawv,0
https://google.com/vtp.ico,0
https://cdn.shopify.com/xekp.svg,0
https://facebook.com/twyk.js?view=vylz4&q=23fkr,0
https://netflix.com/lbhk/kpqfr/nzwq.js?view=gtmho,0
https://facebook.com/ixftr/cmp?id=dqswq&lang=w4d6q,0
https://cloudflare.com/analytics?http_referer/swjkkqbg/bherz,1
https://adobe.com/gtzpd/cqtlrq/pvjsf/fnuobju.css,0
https://cloudflare.com/wlhj/ijabz/pgujy,0
https://facebook.com/limebs/kmcqrjfr/zhcapnyq.jpg,0
https://instagram.com/qzvh.ico?lang=kzsua&view=ual44,0
https://?event=performance&/jxmncr?affiliate516=izjxrn,1
https://youtube.com/eco/oqzw.ico,0
https://facebook.com/gxrwal/zpzrnkmp/ityyiag/ivfd,0
https://cloudflare.com/yoew/pbzsfedu/sriftgqx.js,0
https://apple.com/fik?page=xzqdp&id=3j2ap,0
https://google.com/aknkysxp,0
https://microsoft.com/ot_e404.gif?/arv,1
https://amazon.com/hit.c?/bpxio,1
https://twitter.com/dzewx/uouc/usg/pvdpmps,0
https://linkedin.com/adwnzfcu/jclefaha/qtt/qkw,0
https://cloudflare.com/maamnk/kdkeuff/cafakf/kcz.js,0
https://cdn.shopify.com/wvhmvj/ejq.ico,0
https://adobe.com/efov/pqmndmi/ocf/hpxllor.js?page=cj7hv,0
https://cdn.shopify.com/api/v3/getPageVisits/lvk,1
https://wikipedia.org/vecapture.js/zjnumvat,1
https://microsoft.com/zyeqj/zlmi/fevic/dwp.ico?theme=loczv&lang=yrk9p,0
https://linkedin.com/piano-analytics.js/wsmfzh,1
https://_imp?Log=/bbfivgs/qnsycc?utm_889=ndeexf&campaign221=nxyxqg,1
https://wikipedia.org/minescripts.js,1
https://adobe.com/trackpixel?,1
https://microsoft.com/b.rnc?/qjy,1
https://netflix.com/mivu/sfvpmzqb/tiaptn.jpg,0
https://linkedin.com/kofpbwni/pmbyxd.jpg,0
https://linkedin.com/civf/jpildk/anhmjb/efb?id=8ot59&lang=jpo5g,0
https://amazon.com/track.png?/awvf,1
https://facebook.com/crffclz/ykcxnswx.css,0
https://netflix.com/qxmiyu/igpesad/vpbviddw.svg,0
https://apple.com/baqvzcc?q=vemym,0
https://apple.com/sfqvsp,0
https://amazon.com/livecounter.php?wid=,1
https://adobe.com/plow.lite.js,1
https://wikipedia.org/nzkoqk/hqmdhum.png?theme=ma1zi&theme=zaxqc,0
https://amazon.com/owo/crqzzfiz/wyp.png?page=6vkjq,0
https://linkedin.com/riz/yeqme.woff2,0
https://reddit.com/pubtag.js/fndohylz,1
https://wikipedia.org/fyn/lhqsyfsl.svg,0
https://reddit.com/ucrivveu/jbe/qpc,0
https://apple.com/actbu/rckfxgz?q=jp8b2&theme=24212,0
https://linkedin.com/pageviews?token=/fzq,1
https://facebook.com/rfivsepa/eacnhj/ncfymz/vtcvo,0
https://amazon.com/c2_count.js/xkhptvkv,1
https://microsoft.com/ldgljq/kcdjjob/mpbeocfs/qdsknyew.ico,0
https://wikipedia.org/xqole/jthof/nozvp/uxgbs,0
https://facebook.com/odrmlst.woff2,0
https://apple.com/esmqfiko,0
https://wikipedia.org/sjo/cvqxgjn/ocfr,0
https://-didomi.js/wcj?cid458=weuchu&affiliate668=btpwlv&cid826=odeafu,1
https://google.com/imn/pqwd/swrqwgg.woff2,0
https://cloudflare.com/wp-content/tracker.js,1
https://linkedin.com/hook/ijwee.js?id=6uumg&id=3eanq,0
"https://netflix.com://posthog.$script,domain=~posthog.com",1
https://facebook.com/btdi/jucuuy/rvapb.svg?view=9sm71,0
https://instagram.com/vcw/juxmqyl/loybe?q=f3pxs&page=9eco1,0
https://apple.com/amp.gif?,1
https://instagram.com/gmpkwlv/srxaoxpi/dgy/poldjufk.ico,0
https://amazon.com/pcriaeu.png,0
https://google.com/shopify-boomerang-/lrxag,1
https://twitter.com/linucv/hbfjam/katwomt,0
https://facebook.com/vih/vpjyfn/xqmzl/eua.jpg,0
https://apple.com/disp_cnt.php,1
https://apple.com/xft/dxsuxk/kyykwjl.svg,0
https://adobe.com/kkkga/mwmb/pzuwm.js,0
https://reddit.com/metg/yxaufujx/vcz/fxajwz.woff2,0
https://cloudflare.com/logExecutionStats?/tgm/sdnqiil,1
https://linkedin.com/zbfwxat.ico,0
https://instagram.com/umzlkiql/ejagtx/vaiy.svg?theme=1u27r,0
https://amazon.com/hlfh.woff2,0
https://wikipedia.org/vwgp/gczcdc/gwd.jpg,0
https://microsoft.com/kaiseki/script.php/mxzm,1
https://instagram.com/vaq/xuwj.ico?page=bvr2m,0
https://adobe.com/frbs/kxwlgay,0
https://twitter.com/gto.svg,0
https://facebook.com/zxdi/rocboksu/oofg/gfa,0
https://cloudflare.com/edurxepp/nwafowua/lpbrwjyh/axg,0
https://amazon.com/mxzpbrot.woff2,0
https://google.com/eznqqyau/qbwl/zfkqfw/cqervodo.jpg,0
https://amazon.com/trafic.js/yae,1
https://apple.com/wcclfxw/vwzkzrvx.ico,0
https://cloudflare.com/fxej.jpg,0
https://.content_tracking.js/mcmzr/enzt/fvlxvl?sessionid265=vyjtzw,1
https://instagram.com/honeybadger.js/uyynjs,1
https://google.com/plugins/wordfence/visitor.php?/qgmo,1
https://linkedin.com/phaxnyq.js,0
https://reddit.com/okwrh/ltfhlqy/hin.png?view=zed19&lang=2zy32,0
https://twitter.com/ahnyos/lkobka/nvifgz.woff2,0
https://twitter.com/cohesion-latest.min.js/mrnei/aaicrlj,1
https://adobe.com/jnyzfoak/unzfgl?page=0pibn&page=kuur7,0
https://youtube.com/gfzbg?view=kv2gv&view=omfb7,0
https://cloudflare.com/aslkj,0
https://amazon.com/gtag.js/rubtv,1
https://youtube.com/LogImpression?,1
https://cdn.shopify.com/vvsupm/duzi/mncji,0
https://apple.com/xfk/chpklf/pmf.jpg,0
https://microsoft.com/lilyslc/hekh/jjq/kirundjy.ico?page=f7hrp,0
https://youtube.com/audienceScience.js/pizn/kvcxqn,1
https://adobe.com/collect/view?/ykqbagsw,1
https://amazon.com/pvcount.php/wugcpbl/ghtlutp,1
https://twitter.com/geniblf?theme=x82o4&id=ctclc,0
https://microsoft.com/collector?report=/hskxsey/aosl,1
https://apple.com/xfscajjk/bwttnd/sbfweoa,0
https://cloudflare.com/uffic/ytym/opsqsa?view=0tfqt&view=nbljp,0
https://youtube.com/pekyazm/xopzkt.css,0
https://microsoft.com/gfash/xnmdftua/oaykqrt.woff2,0
https://twitter.com/eahvk/yjagifc.png,0
https://?action=log_promo_impression/ienk?utm_051=oatizg,1
https://wikipedia.org/bhvb/gnjorqus,0
https://cdn.shopify.com/bizo.js/xhuzoglb,1
https://instagram.com/puf.woff2?q=zovl6&q=jk6fv,0
https://linkedin.com/nb-collector|/spw,1
https://google.com/kqp/jzomf/unnjbt/vmcamm.png,0
https://amazon.com/evergage.js,1
https://apple.com/Engagement/TrackEventAsync/szh/hzoppfou,1
https://reddit.com/cywa.ico?page=91z1s&page=1x0ky,0
https://wikipedia.org/dvl/arqwbzta.ico,0
https://cdn.shopify.com/tev/johtr/uitfq.ico,0
https://netflix.com/fpv2.js/hovy/khj,1
https://cloudflare.com/pageCounter.adp?/lliudf/ygwkq,1
https://cdn.shopify.com/zrldtoz/yqhkq/rgxyoco?lang=ueoai&page=buq1h,0
https://instagram.com/reu/kcagkjul.jpg?q=2p3hj,0
https://facebook.com/perimeterx/px./nngra/nruxu,1
https://.gif?Log=/jll?cid840=hctstb&cid317=eqvoht&ref=664=mempxh,1
https://instagram.com/puafcrb/hhsdusx/vllvj/uzjk.js?id=jlr5m,0
https://microsoft.com/sTrackStats.js/aoma/tbfb,1
https://linkedin.com/quqhcyr.jpg?page=l8l2h&view=7s1hd,0
https://instagram.com/bgj/zomdyf/gcflrtv,0
https://.sharecounter.$third-party/qvnz/wrcwqek/ribbvgl?campaign494=wnflxb&utm_306=ovehma&campaign196=devcey,1
https://adobe.com/bjc/isosyhiv.woff2,0
https://reddit.com/tknmg/neywwzvn/iofje?q=c6znj,0
https://reddit.com/logging/pageView/umziq/cfv,1
https://youtube.com/analysisTag.js,1
https://linkedin.com/zddlkofa/rdzdsrca.woff2?q=6wu66,0
https://netflix.com/nvqngs/hbtlba/qtshtdy/zfc,0
https://instagram.com/pvt?lang=wxk4o&page=aqsug,0
https://amazon.com/cvphf/mtirza/lwevquz/iohpfc.ico?page=zgg7w,0
https://microsoft.com/xvlz/xzgz.css?lang=ygq06,0
https://microsoft.com/bzom/rbysidm/gaywiyl,0
https://cdn.shopify.com/pvevents.gif?/glpjkdxs/hnat,1
https://adobe.com/ner/kpliv,0
https://adobe.com/spacer.gif?,1
https://netflix.com/eqxuwua/tdbyb/utma.png,0
https://reddit.com/wzxk/beobhoqy/qvwe,0
https://youtube.com/dcnexnti/crddbwm,0
https://reddit.com/wyvie/vtytlfn/ldgts.js,0
https://twitter.com/nso/rlvivprk/rjlyp,0
https://reddit.com/vzsdkk/oajbf,0
https://google.com/gkto/kelyb/hznzk/xbcrm.svg,0
https://youtube.com/chicken.gif?*=/ivqmie,1
https://netflix.com/cxhefeml/kwl/vhpwi?view=za1cq&page=4hbve,0
https://youtube.com/kae/bzhncttb/cfgnnsp.js,0
https://amazon.com/byisk/ifzl,0
https://reddit.com/r.rnc?/vosjxv,1
https://amazon.com/vlozpsf/ekpsrk/bacmxate/xfss.woff2?id=kt8uu&id=1egej,0
https://reddit.com/mormont.js/mgxbac,1
https://microsoft.com/vcwvcly/xwjpldyj,0
https://facebook.com/dvenow/uffei/rrvpeqhx,0
https://amazon.com/rawop/mgqiuhz/xrknv.jpg,0
https://twitter.com/fyaxme/mhegpvov/amyi/tixproc,0
https://adobe.com/otuctc.png,0
https://youtube.com/ygpl/isa.css,0
https://facebook.com/jagljd/qjloz/czeu/wvr.jpg?page=d2h10&view=snsra,0
https://apple.com/ltlaj/epef.ico?page=22j6p&q=995oo,0
https://apple.com/pjmnb,0
https://youtube.com/tldvo/rohnqn.svg?view=1bvsx,0
https://linkedin.com/kno/wuilpj/praqrxnd/dapy.css,0
https://facebook.com/ugmdrton.ico,0
https://facebook.com/cpprjo/qlcj/ntycxv/znphds.css,0
https://cloudflare.com/printpixel.js/ftggi,1
https://twitter.com/fb-tracking.js/andne,1
https://_stat_counter.php?/ykxvze/ficu/bynw?affiliate000=rzaotb,1
https://twitter.com/gkt/wfir/zsf/dod.js,0
https://?log_performance_metrics/rrhyhqj/swaxu/mlcdkp?affiliate316=jptpls&cid803=jlusjc,1
https://google.com/xtclicks.js/ryyfbh,1
https://reddit.com/adstat.js,1
https://adobe.com/insales_counter.js?,1
https://cloudflare.com/nzizkfhz/tztmpa.ico?lang=0qiij,0
https://cloudflare.com/bxbcp/ugbq/pmqkif/nsswsuis.woff2,0
https://netflix.com/tgupr/vaar/ajtzamhh,0
https://amazon.com/stats/event.js?/akral/sfj,1
https://netflix.com/kvx/kmmvfsfy/cwu?id=z7pdd,0
https://facebook.com/v60.js,1
https://instagram.com/analytics-client-identification/*,1
https://apple.com/uiwaviz/pbywhp/vhj/wtm.js,0
https://youtube.com/tracking/networktrackingservlet,1
https://instagram.com/hmi/quscsp/rzd.jpg,0
https://linkedin.com/qdrgo?page=innyd,0
https://netflix.com/oidpkfec/hmn/txuncgnf/adwhm,0
https://apple.com/logreferrer.php?,1
https://google.com/dm.gif?/hcnma,1
https://amazon.com/xbg,0
https://google.com/rhvh/tphufj.png,0
https://netflix.com/ylvegfzt/whyog/updalz.js,0
https://instagram.com/uule/hczvmrdu,0
https://cloudflare.com/yvgfcsqz/hfbpk/eienrmx/fhkrxx?id=uo2z4,0
https://apple.com/log/exposed?/mec/cuflbqc,1
https://reddit.com/userfly.js/tpziirt/hqh,1
https://facebook.com/public/statsd,1
https://cloudflare.com/get_geoip?,1
https://microsoft.com/oerark/ipoibp/iupg.svg,0
https://twitter.com/xqlxru,0
https://youtube.com/swa_t.gif?/myozah,1
https://cloudflare.com/mintstats/?js,1
https://netflix.com/lry/nqhgel/bjepy/kjpxghit.js,0
https://google.com/lhbw/gbgds/fsms.js,0
https://twitter.com/dnldxuv/tijsec/hynqmsyx,0
https://reddit.com/kgu/rhlz.css?q=q3oqr,0
https://google.com/api/0/stats/rvjpg,1
https://twitter.com/adobe.visitor-,1
https://apple.com/mgm/uhgdeivg/fyum,0
https://amazon.com/qycymc.jpg,0
https://youtube.com/x.gif?,1
https://cloudflare.com/dugrikzs.svg,0
https://linkedin.com/licnqw/vbdaqn.ico,0
https://google.com/qdyj,0
https://adobe.com/fhx?view=87wbn&id=n217r,0
https://##.embed-responsive-trendmd/lormxqh/yna?sessionid573=jfsune&cid099=dltvre&utm_652=zrtues,1
https://cloudflare.com/fekx/weaavi,0
https://wikipedia.org/jquery.analytics.js/hscfkhf,1
https://amazon.com/ernl/npaj/ilfmlv.woff2,0
https://amazon.com/oafd.js,0
https://cdn.shopify.com/cjam/mndwt/geivehb/toj.woff2,0
https://apple.com/fpvy/lepfyat/qzlfybpr.jpg,0
https://linkedin.com/webtag.js/loovkkz,1
https://microsoft.com/pxxbm.png,0
https://netflix.com/aczw,0
https://facebook.com/collect_stat.js,1
https://microsoft.com/apogmov/mciqy.js,0
https://linkedin.com/avb/rmpwfeky/fuotdd.jpg,0
https://youtube.com/eeb/xoui/oppp.jpg,0
https://linkedin.com/uoybf/xmpzmtoy/cqttkwd.png?q=knzvw&lang=kwbtm,0
https://reddit.com/ddcim/kcqwmj/sefdxrd/imu.woff2?lang=a2tkv&theme=lmabh,0
https://instagram.com/ednzz/tqutgk,0
https://.php?p=stats&/yyicm?campaign976=ekxpnu&utm_157=xydihe&affiliate802=xyjyeq,1
https://google.com/fnm/ygxx/aipuogpp/sxqhjw.jpg,0
https://wikipedia.org/craabdd/rrzwrw.svg,0
https://cdn.shopify.com/htjqu/jrbsqrky.jpg,0
https://cdn.shopify.com/cpx,0
https://facebook.com/iwad/yjs,0
https://apple.com/VisitTracking?,1
https://facebook.com/insights/reportEvent/*/obs/ecz,1
https://apple.com/csc/vrssgvjb/tdbc.css?id=uvb9f,0
https://facebook.com/lvr/kxhkolw?id=azif0&q=ojmqe,0
https://cloudflare.com/jpdmzdti/qvzoa/twsjehm/mfmnia,0
https://adobe.com/dgrh.ico,0
https://adobe.com/llvbgsz/nyamhbg.ico,0
https://adobe.com/.webscale/rum?/hnf/qjdw,1
https://microsoft.com/bepivk/rlrydd.css?lang=ey0ve,0
https://linkedin.com/somtag/loader/*/orqvet/vud,1
https://instagram.com/vyj/imhjghdr.ico,0
https://linkedin.com/sdk/impressions,1
https://apple.com/tgpwjp.js,0
https://linkedin.com/s_code_global_context.js/ymctec/gikf,1
https://google.com/wosqm,0
https://twitter.com/gkixitmu/niapcddr/zrvtmc.ico?view=gi42z&q=8qsqy,0
https://facebook.com/sensor/statistic?,1
https://linkedin.com/slx/faqrgt/vzk/sjfqu.woff2,0
https://.gatracking.js/ajlubjch/hxuvv/guh?sessionid921=vjqrqo&campaign630=kkywts&sessionid690=fvnjjv,1
https://cloudflare.com/xxb/ihny/kfy,0
https://linkedin.com/bbfrcig/rzslgxn/wukwsnyf/irlzomwf.js,0
https://instagram.com/iqdy.svg,0
https://linkedin.com/facebookproductad/views/js/pixel.,1
https://google.com/cgnsrau/ciw.woff2,0
https://reddit.com/o_code.js/nls,1
https://wikipedia.org/dtrack.js/jvbxijth,1
https://netflix.com/yfqj/daobtx.jpg,0
https://cloudflare.com/collector?report=,1
https://reddit.com/hkwybssu/zynejvxv/jpzdrwvs.jpg?page=aphdf&q=a4n8m,0
https://youtube.com/pxtedh,0
https://google.com/hhbfc/iwe/ovv/tnrxtin?lang=lwp0y&theme=ke5qt,0
https://netflix.com/kyy/zuhuvrqy/wcs/fvbsmpmv.jpg,0
https://instagram.com/dvas/tdmcsi/zdjlgvp/tfac.png,0
https://facebook.com/pyvg/ijslz.css,0
https://cloudflare.com/ldwpk/krw/cfsjhyle/xeip.woff2,0
https://microsoft.com/wmvrtg.js,0
https://facebook.com/fdvcxe/qcys/tzjt.js,0
https://cdn.shopify.com/cizf/dzffqt,0
https://cdn.shopify.com/visistat.js,1
https://microsoft.com/ahh/amtn/ndbh/jpcqmb,0
https://cdn.shopify.com/xxxssmub/csv.png?id=x4m5o,0
https://google.com/retargeting-pixels.php,1
https://facebook.com/gwmuy.css,0
https://adobe.com/vgyxfol/kfmgaph.js,0
https://youtube.com/zfqcno/ediwnphd,0
https://google.com/wlwqq?q=9h9oy&lang=sx48f,0
https://-tracking-pixel./imql/wtcr?sessionid836=ouczro&sessionid334=komggo,1
https://facebook.com/sbwqmgq/wal.css,0
https://wikipedia.org/oo/*/lsync.js/kgrohf/hkmn,1
https://cloudflare.com/rgea.min.js,1
https://amazon.com/fuxj/jynhcy/apinne.png?page=reznb&page=c06n1,0
https://wikipedia.org/mmclient.js,1
https://twitter.com/quantcast.js/lnvuvys/vez,1
https://youtube.com/kex?view=bspcf,0
https://google.com/dgrknvr,0
https://wikipedia.org/czwqdjsh.js,0
https://linkedin.com/fcf/dzw/mljze/ublufnnx.svg,0
https://twitter.com/log?uuid=/xztns/bsdemaih,1
https://instagram.com/vtqgxc.jpg?lang=lv13x&theme=okzu7,0
https://google.com/evt.gif?/qrkyx,1
https://apple.com/avr/jkm.js?page=6vpdo,0
https://microsoft.com/mojawur/zplosz.woff2,0
https://twitter.com/huhxlw/xsoxsoo/dygimii.woff2,0
https://google.com/api/click/*?c=/fgfm/nctz,1
https://reddit.com/pvarai/ytyqc/okyb/nizaqdrq.jpg,0
https://instagram.com/vxaymgum/yyqjw.css?theme=7u3zt,0
https://netflix.com/bi/doop/*$ping,1
https://microsoft.com/kcdfqxeg/zkvxg/zfow/toxppi.svg,0
https://google.com/ugv,0
https://google.com/lbvm.woff2,0
https://cloudflare.com/tpdvafj/swy/blvdgi,0
https://cdn.shopify.com/scripts/clickjs.php,1
https://apple.com/DNSCheck.js/hckjvwpm,1
https://google.com/_vercel/insights/script.js/szubkuv/qjqi,1
https://facebook.com/stracking.js,1
https://linkedin.com/sbch/eooeqaz.svg?lang=k5hun&view=1rfju,0
https://adobe.com/tdvxh/tffzddb.svg?page=6oiex,0
https://google.com/mftwclh/fkjwtfg/oadmssf/ywbehuk?q=bg3ci,0
https://reddit.com/fkujg/qwdec/kfhdjk,0
https://.beacon.min.js/rzzvkljm/mfyhe?ref=832=nqotpp&sessionid462=ypsapv,1
https://&EventType=DataDealImpression&/oonrv?ref=541=wachhd,1
https://youtube.com/lfzuqb/toq.jpg,0
https://instagram.com/loi/imp?/tho/faljdqi,1
https://cloudflare.com/tpcufo/cvxxwnbt.ico,0
https://adobe.com://plausible.*/js/script./xithxl,1
https://apple.com/ohpqoek.svg,0
https://wikipedia.org/yiqju/erwk/apx.js,0
https://amazon.com/lmjr/hpg/fpvsz/opgpn.js?theme=xzk3d,0
https://instagram.com/zcrcptlg/zkbd/rakxmfmt/yndljs.css?id=5d7uh&q=7uofq,0
https://netflix.com/xtskyf/nyhbds/jpydgg/rcycpmgh.png?view=g2ln3,0
https://instagram.com/dlf/irik.js,0
https://cdn.shopify.com/khlm/oru/zqdga/aolqgdye,0
https://adobe.com/wdl/rahh/fvuhtbi/gihgyuxq.css,0
https://google.com/rlpufn/pllnqak/axdtx?id=ir5ak&page=y3r2c,0
https://amazon.com/zvgch/zkqfbi/naunvao/itlymkfw.ico,0
https://adobe.com/utgmt/ozj/yopv.jpg,0
https://google.com/cfformprotect/js/cffp.js/jcwg,1
https://cdn.shopify.com/stats-listener.js,1
https://twitter.com/naanj/enesuyhp.css,0
https://reddit.com/api/reqAnalytic/*,1
https://amazon.com/uolnck/uciv/nphh,0
https://linkedin.com/mvkb/mzplen,0
https://facebook.com/hrud/orywhi/qevf.jpg,0
https://cdn.shopify.com/tvto/sdbjfxu.jpg,0
https://microsoft.com/xiaaacun?page=azz1e&id=8zboe,0
https://microsoft.com/zmbml/xmpcwjv,0
https://reddit.com/ymxux/uumyute.css,0
https://google.com/event/track?/dzieg,1
https://cloudflare.com/dnkjtgik/umkv/stacmpp.svg,0
https://google.com/pixelcounter.$domain=~pixelcounter.co.uk|~pixelcounter.com|~pixelcounter.dev|~pixelcounter.org|~pixelcounters.co.uk|~pixelcounters.uk/pwknaa,1
https://instagram.com/zod/modphnud/kwzok?id=pzsob&view=wu30n,0
https://google.com/pageview?pageviewId/vfcagn/rdsy,1
https://wikipedia.org/VisitLog.asmx,1
https://linkedin.com/ajax/bz?_/ibxso,1
https://cdn.shopify.com/trkga.js/daiofhc,1
https://facebook.com/outbrain.js/ogkphvmp,1
https://adobe.com/cfbrbtcs/ojau.js,0
https://facebook.com/usmrarkl/wxabmys/muahjyao.ico,0
https://instagram.com/fnb/poyzarh/ovnw.js?id=8wzi7&view=zlles,0
https://netflix.com/nhv/aob/dvaocimt.ico,0
https://apple.com/derlr/issx/xlvkt/mwjrz.jpg?lang=68mjq&page=z59zz,0
https://microsoft.com/iypvmg/jktz/mfjc/nsqf.ico,0
https://adobe.com/kbhdfrqy/xsneooaz.css,0
https://adobe.com/statistics/pixel/*,1
https://wikipedia.org/mediateGA.js/umgshvz,1
https://adobe.com/wp-statistics/v2/hit/hwskg/yboatf,1
https://amazon.com/tdmqw,0
https://reddit.com/mgknn/vydyumpp/uqfh.jpg,0
https://cloudflare.com/wzmsopcn/vud/wfa/lvbqsa.png?q=f993a&page=ai7n0,0
https://adobe.com/vqwqde,0
https://twitter.com/new-client/trackers.,1
https://microsoft.com/statcounter.asp/nify,1
https://google.com/jcefugtn/gqwus/fbsgsua/ecugo.ico,0
https://adobe.com/kqhjjpf/glviwq/gwwkcl.ico?view=re37h&view=vchmv,0
https://linkedin.com/lipl.woff2,0
https://wikipedia.org/icw/sbe/ezo,0
https://microsoft.com/rwqx.ico?page=k3rmo&q=6gffv,0
https://linkedin.com/sp-2.0.0.min.js/pyrsmls,1
https://youtube.com/wdow/rycubayh/lmfkhk?lang=8y8mb,0
https://linkedin.com/facebook_pixel_3_1_2.js/hbfyl,1
https://facebook.com/upcd/iar/watcbd/vcfpjg.ico,0
https://netflix.com/__utm.js,1
https://facebook.com/ndi/qtvbcgv/njsayyp/veclj.ico,0
https://youtube.com/awmsqc/njbryw.jpg,0
https://microsoft.com/smetrics.*/b/ss/*,1
https://cloudflare.com/qcvo/dxrimnof.js,0
https://apple.com/vqdsesgu/ggdus/qozad.css,0
https://cdn.shopify.com/bwzxca/hwq.png,0
https://cloudflare.com/rziu.png?lang=sst6z,0
https://instagram.com/fmrlg.svg,0
https://amazon.com/qorojoy/nlhpn.js,0
https://instagram.com/xot.ico,0
https://google.com/jvnumdez/cligwm/qjeso.ico,0
https://youtube.com/track?referrer=,1
https://linkedin.com/pdomhwep.woff2?id=np1nj,0
https://adobe.com/ahtrk.js?lang=4xtn6&theme=ueppz,0
https://apple.com/kebsl/tngcmr.svg,0
https://twitter.com/hpwga,0
https://microsoft.com/hmapxy.js/zzg/pdfdggtd,1
https://adobe.com/nfch/pliojoow/vwjka/swswjpfl.woff2,0
https://cdn.shopify.com/?essb_counter_/rgorxmd/xawhjl,1
https://-adobeDatalayer_bridge.js/kti?affiliate312=wdcipm,1
https://apple.com/sin/mlebnary.svg,0
https://reddit.com/mlpsuo/lxcmt/zuxbthnk/kxiqnyk,0
https://google.com/zgbac/hkooo/vjgop.woff2,0
https://instagram.com/akfk/kdzzsqi/xyvmxzjc.jpg,0
https://cloudflare.com/TealeafSDK.js,1
https://facebook.com/qcgisr/kcre/srmmx.svg?page=qpzik,0
https://cdn.shopify.com/cgi-bin/online/uos.cgi?/lxqkzf/llb,1
https://youtube.com/wwrd.jpg,0
https://linkedin.com/TrackVisitors/*/xptdbsoi/dtkimu,1
https://google.com/ypj/woy/hxklsf/yhvxas.jpg?view=e1n6o&q=frh12,0
https://wikipedia.org/adb1.gif?/dcpocyo,1
https://youtube.com/blogcounter.js/cpyvqmv,1
https://microsoft.com/mzo,0
https://cloudflare.com/tuxeuzz.ico,0
https://facebook.com/ijpoyaue/qvbuilyq/tskclrd/dvxwss?view=4xeng&id=d95ph,0
https://cloudflare.com/usdgkbt/qcprxt/bfuenuz/whb.png?page=kk5z5&page=5n2fb,0
https://instagram.com/mfv/toiphvi/vtdimdho.jpg,0
https://cloudflare.com/ucntv/fnwcvgb/gte,0
https://microsoft.com/wrync/ylcrbgkh.ico,0
https://netflix.com/adobe/target/*/kzu,1
https://cloudflare.com/glwvio.js,0
https://adobe.com/cicetzy/hmzho/wmff/ntx,0
https://apple.com/jcnw/dmpaccdj/kmsqcli,0
https://apple.com/lpza/atudhh,0
https://cloudflare.com/jmogdi/wkpka/lwotyj/utdkvj.jpg,0
https://facebook.com/zkfviyzz/utyw,0
https://linkedin.com/ecmforni/chkfaabw.svg?lang=32ojk,0
https://google.com/pushly-sdk.min.js/mnquuiv,1
https://youtube.com/web-pixel-shopify-custom-pixel@/ohnr/vhib,1
https://amazon.com/qhsbujoe/wflh.png,0
https://cdn.shopify.com/ldg/dqqd?theme=mp45w&q=g7dwi,0
https://instagram.com/rtlqi.ico,0
https://reddit.com/lle.jpg,0
https://instagram.com/keypress.js$script/pdwyn,1
https://netflix.com/tagAnalyticscnil.php/wso/pkcljxt,1
https://apple.com/jiw/olf,0
https://amazon.com/umdcd,0
https://youtube.com/cnt_js.php?/ftsizl/bmnbt,1
https://microsoft.com/gyw/ecleiekt.svg,0
https://cdn.shopify.com/huskfsoy/ytetnbm/xhz/xkxd.css,0
https://wikipedia.org/wpzqyuax/wyrxcqmj/dmwynb,0
https://facebook.com/usplaq/zia.svg,0
https://adobe.com/ahoa/fvgm/owbqsnyu/chzmt.js?page=4siel&theme=ksi80,0
https://linkedin.com/lrnxg.js,0
https://linkedin.com/gzd/zyzuaqpe/tauzfkp/oqtwjh.png,0
https://instagram.com/host-analyticsjs-local/cache/local-ga.js/dtszdkj,1
https://twitter.com/vymbr/zvijwa/yrkc.svg,0
https://netflix.com/shopify/track.js/cqjeom,1
https://adobe.com/vxddh/acytoz/jtlleez.ico,0
https://cloudflare.com/civrc/colna/lcgbgvng/eyymnlal.png,0
https://youtube.com/bcnppywf/oygqthdd/iskbll.woff2?page=e716a,0
https://apple.com/imokgg/xwx/watutl/vqldf.png,0
https://wikipedia.org/analytics-library.js,1
https://instagram.com/viewcount/record-page-view?/zxqjfw/ztfydx,1
https://facebook.com/standalone-analytics-/tgzivn/ahic,1
https://google.com/tgthjfwh/gdguooz/hftyy.svg,0
https://cloudflare.com/lodgtqsi.jpg,0
https://apple.com/vniucc/beowslez.css?page=lgezm&q=ut9cf,0
https://instagram.com/hcu/wvevx/hvwtzccy.ico,0
https://amazon.com/pixel.track,1
https://adobe.com/gore/ezfkdxd/nhkd.png,0
https://twitter.com/tek.svg,0
https://netflix.com/TrackPageview?/rvojb/onh,1
https://wikipedia.org/fnid/irzzpq/mterccqh.ico?view=d9h6d,0
https://reddit.com/hrqwvop/haffb.jpg,0
https://amazon.com/yzgzjwz/awprb.js,0
https://wikipedia.org/ticimax/analytics.js,1
https://facebook.com/ggwh/fjdvxv/cqbs,0
https://instagram.com/mystats2.px?,1
https://cdn.shopify.com/ping?utm_/hhfw,1
https://twitter.com/ebhdle/rfn/lgzesjh.ico,0
https://google.com/pkpqks.ico?q=ovn6u,0
https://adobe.com/log?count=/llkissu/yhnogrz,1
https://reddit.com/cydnuhe/ifjodkk/rrpjtexz,0
https://instagram.com/track_proxy?/rln/hjjk,1
https://reddit.com/neco/nzb.ico?id=48f63,0
https://amazon.com/oqzvzfhy.jpg?theme=coplt&theme=lfkyy,0
https://cdn.shopify.com/xxvd?page=iupij&q=r1nao,0
https://linkedin.com/nmib/wouq/hyew.woff2?page=5vnym&view=522ri,0
https://reddit.com/interaction/beacon/glsbhor,1
https://google.com/edwmvzqv/ofmyugr/vzl/aasfehc?theme=t5fnx&view=c9af6,0
https://facebook.com/szuq/gtg,0
https://netflix.com/vkdjnzp/hrjnr/vioipaba.js?page=khjdc,0
https://wikipedia.org/ybhmebr/govlxcyy/xrujizj/ovcaz,0
https://twitter.com/xnccqac/hnisxhe/fix.ico,0
https://youtube.com/ohwkqog/nvxnucya.js?q=aiaga&view=wqoh2,0
https://amazon.com/pchrzvtu?q=cn5nf&theme=tns2p,0
https://microsoft.com/stats-tracking.js/mmswzcg/axexln,1
https://microsoft.com/utracker.js/feq/kqglduo,1
https://adobe.com/hifbikfv/fxjg/tgzxrid/oxahdq.jpg,0
https://cloudflare.com/.webscale/rum?,1
https://cdn.shopify.com/mqojo/tozbqc/bppho.woff2,0
https://cloudflare.com/jiwft/gnflvki,0
https://microsoft.com/phtk/drije/gwlub.jpg,0
https://instagram.com/zuaumom/ohrnmtp/rnelb.css,0
https://reddit.com/analytics_events.js/ibsqlzm/pso,1
https://netflix.com/vom.css,0
https://##.embed-responsive-trendmd/txj/gzar/eete?sessionid948=xfvjvd&utm_682=nmhosp&cid904=gttcul,1
https://facebook.com/exb/rtyrqk.js,0
https://youtube.com/xmtzehj/lli/faomv/tpa,0
https://netflix.com/ga_social.js,1
https://_stat.php?referer=/lwt?ref=411=dqrszh&ref=888=faokqq,1
https://apple.com/ixurjlg/llpqciul/iuosl,0
https://twitter.com/jlufnwlq/pcpixpox/bxvrvf/ili.css,0
https://adobe.com/wbcu/gcjcncns.css,0
https://amazon.com/qldavuqw.svg,0
https://youtube.com/yell-analytics.js/rvwgwkhc,1
https://wikipedia.org/remote-weblab-triggers/*,1
https://cdn.shopify.com/gtagv4.js/lfiqvj,1
https://google.com/kamcngyb.svg,0
https://&refer=http$script/qpgwxcgi/wpgndvi?utm_153=pcsecx,1
https://reddit.com/fp/ls_fp.,1
https://facebook.com/HeatmapSessionRecording/configs.php/onratlmp/ydtpmzih,1
https://youtube.com/counter/acnt.php?,1
https://linkedin.com/hws/qpwtdnc?view=wkcfu,0
https://adobe.com/naikpx,0
https://microsoft.com/gbvrdvw/urbxqb/wyynmk/lzsi.woff2?lang=fxqew,0
https://google.com/atk/eiopu.woff2,0
https://apple.com/epbwyk.ico,0
https://cdn.shopify.com/monitor/v1/log/upriame,1
https://cloudflare.com/fvmlrk.css,0
https://wikipedia.org/rdogfrta/fjvmrmz.js,0
https://wikipedia.org/s-pcjs.php/hcubv,1
https://microsoft.com/trace-Update.php?/ixpkgv/ezctinpe,1
https://amazon.com/jquery.browser-fingerprint-/pbfqdie/wnhrl,1
https://wikipedia.org/ckjrkaqm.jpg,0
https://amazon.com/wfruadeb/jio/yoizkyih.svg,0
https://wikipedia.org/iczec,0
https://reddit.com/cpzqo,0
https://instagram.com/ole.png,0
https://instagram.com/GoogleAnalyticActionLib.js/gpbpbr,1
https://cloudflare.com/fxwxatyy/hrw/efsy/xathh,0
https://amazon.com/mokb/qyorah/luuqoc/vnhn.woff2?id=d7awx&page=zhaka,0
https://adobe.com/knj.woff2,0
https://microsoft.com/adtracking.asmx,1
https://youtube.com/logjs.php/uthcgfsy/ldd,1
https://youtube.com/hit?aff_id=$xmlhttprequest/fiy,1
https://instagram.com/loggly.tracker-,1
https://twitter.com/nijgicah/jgjwdyv,0
https://amazon.com/frqmsny/qgr.ico?id=i3o5z&lang=hj6vw,0
https://cdn.shopify.com/analytics/comscore.js/jff,1
https://netflix.com/otqkvz/stzpxtem,0
https://amazon.com/vdebz/usrtueiu/wiwgrn/sdhbkp.ico,0
https://youtube.com/oqqxz.png,0
https://instagram.com/cps/wgzsp/xahgoyxj/lrbuwfcs.ico?q=m2rtb,0
https://twitter.com/hnycu/lxucn/cjyfq/ayez?view=eykk6,0
https://reddit.com/owa.Analytics.m.js/zmuxjtiu/glof,1
https://twitter.com/gtb/impuqhx/bod.png,0
https://apple.com/qemtlri.svg,0
https://netflix.com/pwog/bccn/ybigmow/zxgsj.svg,0
https://linkedin.com/kfyvwzqc/gsc/pwzqvzw,0
https://linkedin.com/mnppixellibrary.min.js/bui,1
https://adobe.com/rfyp.css,0
https://youtube.com/txqn/waoxce/qyfltmex/vkpelw,0
https://microsoft.com/zupjak/lqp?page=scewm&page=74qj5,0
https://linkedin.com/writelog.js/ewmxgzf/bbmxs,1
https://twitter.com/aca/ompxiqg/qzjoxr.js?view=m4f6v,0
https://apple.com/ldh/srebxdx,0
https://cdn.shopify.com/tsf/sqdmlb/vhscldl,0
https://adobe.com/dtsnbo/fssb/pbz.png,0
https://adobe.com/cll,0
https://netflix.com/piano-analytics.js/fimloi/qjlgfxi,1
https://?event=pageview&/opukeoh?campaign392=wynydz&ref=217=dgnuve,1
https://google.com/travel-pixel-js/*,1
https://cloudflare.com/mgamceyr.woff2?lang=rrn2m,0
https://adobe.com/zvsgyim/jno/binrl/mrngqhn.png,0
https://cdn.shopify.com/nksbz/iawvqls,0
https://facebook.com/chbpw/yhtvp/uzgtqc.svg?page=g9nrf&lang=5s2dl,0
https://youtube.com/phjlveip/jvnhv/phjheus.woff2?page=8opm1,0
https://adobe.com/record-impressions?/mari,1
https://apple.com/phpmyvisites.js/pjq,1
https://twitter.com/xgng/rdpuk/jjqhld/yiyqwzj.js?page=y992j,0
https://google.com/oth.woff2,0
https://?pageviews=$third-party/adpbvr?cid653=jnpdcb&affiliate480=zkfubl,1
https://reddit.com/analytics_wbc.min.js,1
https://google.com/roitrack.php/nuwbimbd,1
https://wikipedia.org/stats/impression/iuzbcijj/aipf,1
https://reddit.com/nrgcc.ico,0
https://netflix.com/xegserfy/jgx/nevvkufe/oexyo.js,0
https://instagram.com/tta.woff2,0
https://apple.com/gqo/twfmuvp/klzbyaz/avhb.css,0
https://apple.com/hatjbs/etex/xjf?view=7p0ze&page=8msq6,0
https://google.com/toguvax.woff2?view=dveso&q=dfgaw,0
https://netflix.com/rcmrsnwd/gdxklmz/wzxqsymr/aouvkqt.js?q=o8d5v&page=imu44,0
https://facebook.com/rum?ddsource=,1
https://apple.com/gowc/uhshne.woff2,0
https://&ev=PageView&/bjfnn?affiliate725=kpwmhq&utm_193=nhpwnp&cid503=bimgqg,1
https://apple.com/issxibce/txbtcdv/dpmfu/wjftfdk.jpg,0
https://netflix.com/vnbgi/rdabvfm/qpzgkio/ovaidy.svg,0
https://reddit.com/jzemg/bmzkmyln/rduhh/xnsdrx.png,0
https://apple.com/uzaoofh/kwkkfp.js,0
https://cloudflare.com/eztc/uzipvec/epmp.svg,0
https://google.com/uzjvxyg/amb/dmqsvcqo.css,0
https://instagram.com/regjdop/osqrzqhr.woff2,0
https://cdn.shopify.com/abc.gif?/eztjb/ybifj,1
https://instagram.com/xeqcdtq/wmzfogiz/wygcjaxd/locxxjan,0
https://linkedin.com/fkqdvw,0
https://facebook.com/sqgemeg/gpso/ebplciq.png?q=ihpdq&theme=4hhxq,0
https://adobe.com/tiwzw/hde/izebktb.js?q=jhaxz,0
https://reddit.com/bgtew/srtspa/katwghnm/ynenlj.ico,0
https://adobe.com/aouw.svg?id=9j5ci,0
https://instagram.com/rlb/bnjysrv/kbhvf/ojnvoxvr.svg,0
https://linkedin.com/gniazfpn/qpwcb/tkmyknwn/henmrnp.woff2?theme=23ovu&id=e9sw8,0
https://cdn.shopify.com/jkxgmniu/bdv?id=s536f,0
https://instagram.com/qcpfe/rkxf.ico,0
https://twitter.com/gfqbjs.jpg,0
https://amazon.com/beqiisba/oco.js,0
https://linkedin.com/kbqmyg/gelebgix/vpzc,0
https://cdn.shopify.com/fp3.min.js/qgl,1
https://cloudflare.com/sdsje/wbqiya,0
https://youtube.com/stat/count/egtpfr,1
https://apple.com/gigyaGAIntegration.js/djhwsel/buoretxp,1
https://cdn.shopify.com/slahwvel/gpm/oureg.woff2,0
https://microsoft.com/wkyw/mwj.css,0
https://?action=track_visitor&/gbk?affiliate109=vzlvkf&ref=959=ingqui&ref=565=weeasd,1
https://microsoft.com/stats/log.pl/hgnckgje/neporame,1
https://cdn.shopify.com/twmxuqty/hhstivl/ttzszh.jpg,0
https://microsoft.com/nmkrjsr/zaqwebf/cjopjdr,0
https://instagram.com/jncpv/virm/sbr/sul.css,0
https://adobe.com/wp-content/plugins/woocommerce-google-analytics-integration/*/gqhcss/ygt,1
https://adobe.com/cacojylv/ukboqn/qadbb/puorzhwf,0
https://reddit.com/ghxgvmw.css,0
https://apple.com/uiaeedn.svg,0
https://wikipedia.org/pggaey/ysk/kricahtk.woff2,0
https://linkedin.com/bcqttp.svg,0
https://wikipedia.org/gudlsmvt/hqbxxy/atxiv.jpg,0
https://facebook.com/hekhguun/ejhcfzr/dki.jpg,0
https://.php?ping=/ceycari?campaign832=urgida,1
https://?v=2&tid=G-$~third-party/cbwy?sessionid284=wfhavt&utm_012=mckcke,1
https://linkedin.com/beacon/perf/sclqqfi/qhtrdes,1
https://instagram.com/xjmtiph.woff2,0
https://netflix.com/branchMetrics.js/slrbtoh/gxeswoo,1
https://netflix.com/keywee.js/hfktqr/pgn,1
https://linkedin.com/whphnoz.jpg,0
https://cdn.shopify.com/crypta.js,1
https://linkedin.com/snh.jpg?theme=ga0ek,0
https://reddit.com/gainit.js/xjyyvfp,1
https://linkedin.com/slvkndgx/onq/qzu/drohfxn.ico?view=91459,0
https://apple.com/xie.ico,0
https://reddit.com/csagixx/zweshatr/migsupp/badt,0
https://adobe.com/barzkw.css?page=ax0uo,0
https://adobe.com/php-stats.recjs.php?/dodctz/pqjcry,1
https://netflix.com/owoby/qup/glscv.js?q=e1msr&lang=16wpu,0
https://cdn.shopify.com/anonymous_user_guid.gif?/tsazv,1
https://apple.com/blg.svg?lang=lnbqp&view=ecvwa,0
https://instagram.com/dmmrbmb/mwb/xpkqovv?page=3lvx9&lang=3njka,0
https://youtube.com/google_tracker.js/aav,1
https://cdn.shopify.com/aggbug.aspx?,1
https://cdn.shopify.com/luzov/hldwms.png?view=p592i,0
https://microsoft.com/egqnaux,0
https://reddit.com/xnbpkib/zsur/dkz.svg?lang=9ua8b&view=nym7y,0
https://_stat.php?referer=/tug/dvsaad?cid978=kpwklq&affiliate548=mvatrs&utm_231=pemkca,1
https://google.com/ozq.jpg,0
https://twitter.com/tegwz/evtqac/mbtn/airlnhrj,0
https://adobe.com/dfnbdc/qywtlgv/xabcxru.js,0
https://facebook.com/google/analytics.js/zjscv,1
https://reddit.com/pagelogger/connector.php?/rvgqciwo,1
https://amazon.com/wmnrv/lglgu/bsyprduy/ecn.woff2?id=goe6w,0
https://?action=saveViewStat&/fujo?campaign353=lzboud,1
https://.php?p=stats&/funcodjp?campaign232=pedzzi,1
https://facebook.com/loygut/sgfgikyo.jpg?page=b1gvd&view=qf46a,0
https://twitter.com/id?d_visid_/syddngv/bbvpfu,1
https://microsoft.com/yell-analytics.js/clt,1
https://reddit.com/rudder-analytics.js/uif,1
https://cloudflare.com/analytics.plausible.js,1
https://facebook.com/rwrzyu/iuhnqaci/sll,0
https://microsoft.com/lyb/coxzexs.css,0
https://youtube.com/umtxzcbg/nxzuign/ixhpp/bnnx.js,0
https://wikipedia.org/jdkysmh/dwxg/rfth/qfzdugk,0
https://wikipedia.org/vgctmllj/mywqg?page=902cy&q=9fywc,0
https://netflix.com/zwbo/dwttmp.js,0
https://reddit.com/minescripts.js/vtggcqqs/uzirq,1
https://linkedin.com/satismeter.js/uuh,1
https://wikipedia.org/beacon/media?/vonlecd,1
https://_nedstat.js/noqa/kbu/utvifbd?cid040=qnqpcq&campaign043=fuovai,1
https://apple.com/dngmqkk.png,0
https://facebook.com/cugtzesu.jpg,0
https://adobe.com/vbzxnfdi/bigl/ygtvzri/femdl,0
https://apple.com/tzffc.png,0
https://linkedin.com/vqm/ufggzjly/avsyql/izd.svg,0
https://apple.com/altkfaaa?view=w2uku&lang=g3mmi,0
https://linkedin.com/wnbpx/mhdfy/yun.css,0
https://reddit.com/ynjweb/aleadugl/odbekyvy.js,0
https://wikipedia.org/gaFunction?,1
https://cdn.shopify.com/azz.woff2,0
https://apple.com/xtig.png,0
https://wikipedia.org/ncsldhih/rlucnkw/rnnttadi/tlbmc.css?lang=jrhm8,0
https://amazon.com/track/impression?/mvme,1
https://cloudflare.com/cbxxlbz/qxfwcovo/bzcd/guoiwl.woff2?id=8iyic,0
https://linkedin.com/maswf/bae/pnamdox/copjqmm.png?page=qiwrk,0
https://instagram.com/pcwvpbik/odnf/ldjay/bmxgoqgn,0
https://amazon.com/oky/dikpuyxv,0
https://-scroll-tracker.js/zsjpiq?campaign865=pgjzms&cid586=rnshdi,1
https://cloudflare.com/mcs/cjb.svg,0
https://linkedin.com/sluurpy_track.js/kcxdrrn,1
https://amazon.com/vmrg/uhdzd/nbjg/dnrfrk.ico,0
https://facebook.com/piwik/*$domain=~github.com|~matomo.org|~piwik.org|~piwik.pro/vmsk,1
https://cloudflare.com/HitCounter./bujdb/rlzsjr,1
https://wikipedia.org/kkscoqle.svg,0
https://google.com/aknubws/gjnskd.png,0
https://apple.com/ptiv/lclusfib/htyplfh.jpg,0
https://&hitType=pageview&/yvawhj?utm_714=ompscz&cid028=talbii&cid967=nhvhep,1
https://netflix.com/jizyz/bgqbydo/cjasg/dqp.woff2?id=aon4o,0
https://twitter.com/raullb,0
https://apple.com/cehek/eck/doatv.ico,0
https://reddit.com/bgtyu/tzdh.png,0
https://reddit.com/akckixa.png?id=1ryzy&theme=nppx1,0
https://youtube.com/uds/stats?/sgol,1
https://netflix.com/cwTRACK.js/andspls,1
https://cloudflare.com/lpmvrs/srajuo?q=bvzlk,0
https://apple.com/ledapx/xzyuvab.js,0
https://cloudflare.com/wix-engage-visitors-,1
https://reddit.com/cxense-candy.js/zco,1
https://adobe.com/scripts/track_visit.php?/oev,1
https://adobe.com/vhrtf.css?q=wtbkp&lang=600z1,0
https://microsoft.com/wgvhrf/zowp/ktxqv/mcymyyt.png,0
https://instagram.com/wp-stats-manager/js/wsm_new.js,1
https://google.com/collector/pageview,1
https://google.com.com/dc.gif?,1
https://microsoft.com/tfnamzfz/fmpixncc?view=z90xf,0
https://cloudflare.com/counter/acnt.php?/vlv,1
https://facebook.com/events/track/*/quavxgll,1
https://reddit.com/peooq/sixrrhle/xfrkr.js,0
https://amazon.com/video-ga.js,1
https://reddit.com/pnn.jpg,0
https://reddit.com/bpiujr/ftihdt.woff2,0
https://netflix.com/HeatmapSessionRecording/tracker.min.js,1
https://instagram.com/vixto/iuumwr/ibyazg/qid?id=14ug3&lang=w7ob4,0
https://netflix.com/orhejppy/lvp.ico,0
https://youtube.com/hugbqqc/tayo/ilzx/jngmrrb.ico?page=0t4i2&q=r2dcp,0
https://facebook.com/tnzyck/tqfl/xxotbw/cmtell.js,0
https://?log_performance_metrics/aam?campaign479=kmyueu,1
https://twitter.com/pcoi.js,0
https://google.com/kjq.svg,0
https://_chartbeat.js/dktqpksz/rfcs?ref=922=optlvf&campaign270=sguziq&campaign537=rupnme,1
https://microsoft.com/jhfwxap/yacpuko,0
https://wikipedia.org/pqhnk/gobbez,0
https://twitter.com/xhhf.js?id=j8rn1&view=zavor,0
https://facebook.com://track.*/visitor/,1
https://reddit.com/pwtr/xulemsi/iuzrzsyw/qawlly.png,0
https://adobe.com/cnt.js/sbgrtm/gqmwwz,1
https://youtube.com/shreddit/perfMetrics/omjf/orcfx,1
https://youtube.com/plugins/catman/*/itavgtf/pxqai,1
https://google.com/uaxedz/nbef/qfhp.jpg,0
https://instagram.com/sjsk/jerh.jpg,0
https://wikipedia.org/cnmaehlp/hlc/ldufgvj,0
https://reddit.com/hvqf,0
https://###cxense-recs-in-article/qgpgkt/ifzrv/mgf?campaign787=qnqnyb&utm_909=baejbr&cid645=vfydkh,1
https://youtube.com/bhriw/eyi/hshk.svg?id=qd9bt,0
https://google.com/nqgfwlr/kuwlmine/tcj/gnlcmg.jpg,0
https://netflix.com/sgo/ahtcw.ico,0
https://cdn.shopify.com/gtunuq.jpg,0
https://microsoft.com/wfvidk/bmhcdx/wvmrtitz/csnfjkuq.jpg,0
https://amazon.com/owowwgdx/homozpmi/apmmpic/vvf.jpg,0
https://facebook.com/bjumndb.ico?page=mskh3&q=2j5si,0
https://google.com/bower_components/fp/fp.js,1
https://apple.com/wemdy.woff2,0
https://cdn.shopify.com/statcounter.asp/pdpjiqtl/lryhft,1
https://google.com/wkokpqb/yamjmma.css,0
https://netflix.com/iylr/ygkoi/iul.woff2?page=h4nu5,0
https://adobe.com/ewzmrn/sytdq.css?q=lo0yo&id=rxxx6,0
https://cdn.shopify.com/ioebnbls/hhhlcwmn.css?lang=o35bt,0
https://cdn.shopify.com/ire/vjv/ftezrf/iwds.css,0
https://amazon.com/rbrsd/ojdz/rlmzffzy/rhqmk?page=lysls&q=3z0h6,0
https://microsoft.com/utp/myea/uaxb.woff2,0
https://wikipedia.org/vzbeoax.svg,0
https://reddit.com/segment/js/*/uxrvznlw/xjithl,1
https://linkedin.com/zjtmoeb/nsu,0
https://wikipedia.org/rgz/hujbfpqm/xdthn/cjsp,0
https://wikipedia.org/qhcllzck,0
https://microsoft.com/xwmd/uzbncaa/fbl.ico,0
https://facebook.com://track.*/collect/wkdg,1
https://apple.com/bstat.js,1
https://google.com/wmhl/sxavfz/axy/edgk?view=cc812&page=knetg,0
https://cdn.shopify.com/qhdzi/uscom.png,0
https://reddit.com/wysistat.js/oqbyuypw,1
https://youtube.com/vpm/duzodir.jpg,0
https://cdn.shopify.com/zxkdsxlv/opmw/rgp/iiegr.jpg,0
https://apple.com/ga_tracker.js,1
https://apple.com/baiduStatistics.js/rvsxrnv,1
https://twitter.com/showcounter.js/oeif/kfwtt,1
https://youtube.com/gyrnj/uyhdxbzw/rnvmajk/tcst,0
https://cdn.shopify.com/js/hbx.js,1
https://google.com/libzmy/aap/gkkah/zhm.css,0
https://amazon.com/xzhwsep/uiphz/mfezy/ayp,0
https://linkedin.com/nkg/vya/gujqmc/sfglqad.css,0
https://cloudflare.com/khagu,0
https://cloudflare.com/wpbqojvg,0
https://microsoft.com/pzwo/tslsu/kqginea/wqbypn.woff2,0
https://linkedin.com/vds/yxbcohi/hbl.js,0
https://youtube.com/opinionlab.js/yvug,1
https://google.com/nvedlor/sopiyio/qrfol/rwypkb.svg,0
https://microsoft.com/xoaapevs.svg,0
https://google.com/fddto/fxmpi/oyh.js,0
https://google.com/pjktri/mdnhd/hsawuz?id=4kxfr,0
https://cloudflare.com/plog?id/qefco,1
https://youtube.com/yeonlg/jku.svg,0
https://cloudflare.com/jqet/nel/tjdtw/ddacz.css,0
https://wikipedia.org/vkuxmxqo/arx/vopsik/zsqj.woff2,0
https://cloudflare.com/StatSNA.js/ewun/xptgbvs,1
https://?event=log&/pja/cmxt?campaign048=cgkoqi&utm_293=qdqvzu,1
https://?action=saveViewStat&/yoesph/rzoag?sessionid466=gscrua&utm_403=skxqpl,1
https://youtube.com/lvb/jkjjuo/swddpoxi,0
https://youtube.com/cohesion-latest.min.js/xje/lrt,1
https://amazon.com/vfrs/sgtgwke/yvlviu/nsdgg.jpg,0
https://.eloqua.js/brjo/pskbr?utm_859=jxalwi,1
https://netflix.com/xzgpqf/dsmomvzx/arzk,0
https://cdn.shopify.com/opdc.js/xzsycgo,1
https://netflix.com/zvelebo/xnsnsu/hfpso.png,0
https://microsoft.com/hhyyqb/rnorl/rtgnxui/gxj,0
https://google.com/flv_tracking.,1
https://youtube.com/qnwlse/edgieq/tgy.js?theme=77mo1&id=612yq,0
https://cloudflare.com/nudopu/hdminrsi/javxnv/kgedfbc,0
https://linkedin.com/stats.cgi$image/pgzbnoj/sydi,1
https://?log=xhl-widgets-events&/ccaass?utm_294=oqiltd,1
https://facebook.com/gkgvtsrg/qcgy/wocinw/tzjwcu.ico,0
https://instagram.com/wltigss/nukafae/tgvj?view=jk8uc&lang=lce72,0
https://apple.com/ojyl,0
https://google.com/b/stats?/gdcm/rtkybdvn,1
https://&hitType=pageview&/zcjxjodc/seffdzv?campaign231=hpocwo&sessionid346=udarxb&sessionid200=glxpez,1
https://adobe.com/page-view.gif?/zwizyx,1
https://facebook.com/cfy.jpg,0
https://apple.com/xlduqja/whrmmkg/subkfs/fyvscq.ico,0
https://apple.com/taeld/xvfqto/syppyzv/rvrnc,0
https://youtube.com/jedsxfin/hfdug.png,0
https://wikipedia.org/bop/ubtaxls.js,0
https://netflix.com/viewerimpressions?,1
https://wikipedia.org/xvbeolqc/aabodiwn/clab/wpgngkem.css,0
https://apple.com/opd/rvpxj,0
https://netflix.com/oue/eciqs/hsnebd/hos,0
https://instagram.com/eonlkkzo/okbztx/awhp/hkdx,0
https://linkedin.com/collect?data=/glxpdfdr,1
https://instagram.com/mnera/opytx/lcy/pxbdn.svg,0
https://microsoft.com/aihu/rnk.jpg,0
https://wikipedia.org/usertracking.js/fiwcoibm,1
https://wikipedia.org/viwzmcbo/iqqcw/hnsqlczh/vmap.ico?theme=kghza&theme=v3bth,0
https://microsoft.com/kazfpyp/hnubm,0
https://netflix.com/ulyqzfk/lqla/bafqom,0
https://apple.com/uzp/hucm/uqp.jpg,0
https://adobe.com/hah/ojenkjm/zphk.png,0
https://cdn.shopify.com/irx/qofcakm,0
https://?action=event&/weqgpcb/lnnmy?cid098=brhlva&ref=706=ugpqyy,1
https://linkedin.com/rtbrk/tobpoc.ico,0
https://apple.com/nuuusvpj.css,0
https://cdn.shopify.com/xpvz/zmuvnr/cszjp,0
https://cloudflare.com/weep.jpg,0
https://twitter.com/kkmkegvu,0
https://microsoft.com/urtgq/sncqv/fzmcd,0
https://netflix.com/kty/nlaavs/seluzvh/fokypf.css?id=1w1jm&id=uc7yw,0
https://wikipedia.org/dwcymiud.css,0
https://amazon.com/yjsoyuva/ipm/dgcu/plkwg.css,0
https://-inview-tracker./ptmr/xmsb/apkt?affiliate023=qxqvvh,1
https://apple.com/tjp_beacon.js/bigj,1
https://wikipedia.org/fkfh/daeyznc.css?id=rzhx3&q=rs8ac,0
https://microsoft.com/vjborx/oazbd.woff2,0
https://apple.com/evercookie.js/tqn/fnwm,1
https://-adobeDatalayer_bridge.js/xwwz/mgfl/zobrme?ref=212=xgtgvz&ref=999=clibdo,1
https://google.com/gblky/ulutb.ico,0
https://apple.com/msk/zynpucqx/wjt/ppeuyg.css,0
https://google.com/lrlorpy?view=wb9qu&page=8o5bd,0
https://wikipedia.org/epkb/jwfyz/kkky?page=bxb19&lang=9jpdk,0
https://cdn.shopify.com/czj/rouszgja/clskdvd/peywfqq.css,0
https://wikipedia.org/analytics/google.js/cikciow/uemcuk,1
https://youtube.com/mjcxzlwe/paxnfkv.png,0
https://cdn.shopify.com/bkeaz/gvhbzpap/goaxr.ico,0
https://amazon.com/acrbk/wtwvmzt/vmky/ljjc.js,0
https://apple.com/pphlogger.js,1
https://google.com/qjnb/kgu.css?q=h4a2w,0
https://netflix.com/bbdolc/utf.png,0
https://cdn.shopify.com/mmkhvhv/hdelwin/lzzsez.js?view=c27yz,0
https://cdn.shopify.com/uowx.js,0
https://facebook.com/cookie_ga.js/tqrzgf/mfylp,1
https://linkedin.com/kli.jpg?id=1yraz,0
https://cdn.shopify.com/auatmeqm/fwgmajvb/ltm/cskewpu.svg?lang=ut7nw,0
https://wikipedia.org/jjcgip/mreqgy,0
https://netflix.com/dujkfly/noweua/wtiemkht.png,0
https://linkedin.com/podt.ico,0
https://adobe.com/cutzadc/bvyybumg,0
https://microsoft.com/vimcoue/pqhwb/nqmdtj,0
https://microsoft.com/google_tracker.js,1
https://youtube.com/stats/pageview/jihy,1
https://wikipedia.org/xapoew/mxqfhyli.jpg?id=14e2c&lang=zscw9,0
https://netflix.com/fwaia.css,0
https://wikipedia.org/xamzckye/hrbogv/iadogva?view=6ydp6,0
https://apple.com/uvxeab/zgjpovdu/veazc/raekuz,0
https://adobe.com/fnjurlt/zmka/rnygtts.png,0
https://adobe.com/common/tracker.js/wcdb/vldqo,1
https://apple.com/webtrekk_mediaTracking.min.js/qukpyz,1
https://wikipedia.org/keqih.svg?lang=1ez8i,0
https://apple.com/linktracker.js,1
https://wikipedia.org/clqsznu/jmp/nxzupdk/stnnzpk.woff2,0
https://youtube.com/sterwghh/sah/ojspkbm?q=newvw,0
https://instagram.com/kuuk/qeohen/lxnfpbl/akz.png,0
https://apple.com/fkguk/zlj/apf.css,0
https://google.com/lkfyop/cypanl,0
https://apple.com/fixvat/amnmj/bbcb/pjyw.css,0
https://wikipedia.org/impression.php?,1
https://instagram.com/nathsfh.jpg?q=3f5qn&theme=9mkr8,0
https://youtube.com/ajbw/dvkn.svg,0
https://instagram.com/ssl-intgr-net/*/pdenpybp,1
https://cdn.shopify.com/record-stats?/kkw/wilyqfq,1
https://cloudflare.com/api_ip_info.php,1
https://google.com/__rmn.gif?,1
"https://apple.com/cdn-cgi/apps/body/*$script,~third-party",1
https://wikipedia.org/nsiibm/tlrqnu.css,0
https://reddit.com/xnc/wclvd/phwckyw/kgj.woff2,0
https://twitter.com/suys/hsurc.svg,0
https://netflix.com/v1/pixel?/ydvlx/xfgjudql,1
https://cloudflare.com/hid/kwkdxhp/szn/dlijye.js,0
https://facebook.com/gzdfunu/dmlcv/efsxxkel,0
https://cloudflare.com/hits/logger?/vhf,1
https://twitter.com/roverimp/*/qsagcb,1
https://youtube.com/tgaeqlge/apyzqw/smmlfos/kbrcht.js,0
https://google.com/alfwaz,0
https://netflix.com/ryy/ndnu/njisabm/xvrd,0
https://twitter.com/udv/fkvzpm.ico,0
https://twitter.com/NNAnalyticsWPSites.js/tipg/wzh,1
https://facebook.com/wevwoqq,0
https://twitter.com/spzw/dmbp/snw,0
https://instagram.com/__utm.gif,1
https://apple.com/pxibe/mubwzp.jpg,0
https://twitter.com/llc/nkjj?page=gxcxu&view=dax61,0
https://cdn.shopify.com/fb-pixel-tracking.js/dusuxxo,1
https://cloudflare.com/zmm,0
https://cdn.shopify.com/bcovh/jlni/bxyls,0
https://youtube.com/ykrpyfx.svg,0
https://linkedin.com/awt/tgjjmpod/orjee/cbuodyxz?page=t22k1&theme=o1f1q,0
https://twitter.com/stats.wp.com/*,1
https://twitter.com/mormont.js/lxh,1
https://cdn.shopify.com/amp-story-auto-analytics-,1
https://apple.com/tpoj/dedrrzqm,0
https://facebook.com/adobe/target/*/wnu/nuc,1
https://netflix.com/yxhuij/umybinxy/mmskn,0
https://microsoft.com/webstats.php/lxhc/oyjzan,1
https://wikipedia.org/vubvlew.js,0
https://twitter.com/vnoflu/fam/cjlmkpq/nidtilap.js,0
https://youtube.com/toxg.svg,0
https://instagram.com/Events/Impression?,1
https://cloudflare.com/bower_components/fp/fp.js/agqsxap,1
https://apple.com/zqqsvhou/oty.css,0
https://.EventTracking./dfjlhk/tmqa?cid879=xqqkkl&ref=582=yvomwq&ref=470=resgdr,1
https://wikipedia.org/bity/mfnzm/kxxzwf/heg,0
https://reddit.com/events/page-viewed,1
https://twitter.com/cfxt.png,0
https://youtube.com/pv?place=,1
https://reddit.com/icwll/wnbqi/miwswib.js?id=bkdj7,0
https://linkedin.com/open/log/*/rsmmgjdu/fkqrc,1
https://twitter.com/tpkf,0
https://apple.com/xyqo/msfodm/ndheufa/kptg,0
https://linkedin.com/oqqy/wuld.jpg,0
https://microsoft.com/dur.png?view=dov36&page=ysoqr,0
https://apple.com/track_click?/ckzkvimq/ivzc,1
https://microsoft.com/uhvxbxap/nqbqb/yvs/sou.ico,0
https://twitter.com/jxgmd/dxodb/acvdle/jvfgyt?lang=f003z&view=45evx,0
https://amazon.com/kyupeaeg/tnvcwtb.js,0
https://adobe.com/mkrjcvwr,0
https://facebook.com/global_tracking.js,1
https://amazon.com/hvf/lzhuw,0
https://cdn.shopify.com/ehflrm/plmznxe.png,0
https://google.com/nxrvtm/swd/wxg?page=zedib&view=3nts7,0
https://cdn.shopify.com/cvfcehm,0
https://twitter.com/kvexin/ocddcgp.ico,0
https://instagram.com/kgjhw/ypn/nrjlwsrw.woff2?id=oz302,0
https://apple.com/px_trans.gif/btcpdo/tryhrljx,1
https://linkedin.com/uqgrkbb/mkyop/mzd,0
https://netflix.com/wzogwqok/rzsb/dgpctk/lobx?theme=mnh5x&id=b761t,0
https://adobe.com/appGoogleTagManager-/wowynhkt,1
https://reddit.com/banhvs.js,0
https://amazon.com/ls.php?t=/qfuy,1
https://amazon.com/phcmhr/loomps/izkdhs/obk.ico,0
https://wikipedia.org/gskrjzku.css,0
https://facebook.com/rvtj/tcskktv?lang=diqe0&id=iccy0,0
https://facebook.com/fqteit.png,0
https://youtube.com/soazw,0
https://instagram.com/iplq/dudka/geqvxmmm,0
https://instagram.com/vmmgjyw/xlp/nayx?q=ycr14&theme=k1dn9,0
https://twitter.com/itmdp_code.js/rsercl/iercn,1
https://apple.com/coretracking.php?/rkhs,1
https://.php?ping=/pzzuca/cnnp/gqesh?utm_334=unvtjb,1
https://apple.com/kihmymm.js,0
https://facebook.com/elahz/eyaxoh/dhol.svg,0
https://wikipedia.org/tymobjod/fvttkce.woff2?q=exnqs&view=aqwu8,0
https://netflix.com/ycq/hql/dsdipv.png?lang=8zzd4,0
https://apple.com/kiflx/qqbmh.woff2,0
https://instagram.com/ioalcq/kpww.css?q=xu4z1&page=g1pic,0
https://linkedin.com/qgerkqv.css,0
https://facebook.com/search/log_requests/*/oubj,1
https://amazon.com/retwrnxt/dbxjdipk/glt.svg,0
https://amazon.com/vtcar/egave/crqdhfeq/fzjsyb,0
https://facebook.com/uevltfwu.woff2,0
https://twitter.com/stat?event=/ntx,1
https://_stat.php?referer=/smncq/eegfu?utm_668=iitzbi&cid613=mavhzv&affiliate977=qxkjkz,1
https://microsoft.com/hitcount?/jyzlhkf,1
https://youtube.com/gzq/nvysenhx/qodtguy?lang=hbx77&id=ic9cm,0
https://apple.com/fubesex/qhohppby/jldzm.png?theme=gmc4t,0
https://linkedin.com/ctr_tracking.php?,1
https://netflix.com/jwkop/zxhhsbzk/ibluk.css?lang=rczga&view=dpl9r,0
https://twitter.com/pybxk/jbnpj?page=nb11s,0
https://youtube.com/trs/kova,0
https://amazon.com/collect/pageview?/jjdi,1
https://netflix.com/wxnfplj/cpfqlzg,0
https://-click-tracker./cyq/qpd?sessionid986=caetku,1
https://cloudflare.com/webtracker.dll/alto,1
https://_c.gif?c=/ghqihkku?ref=971=rylyvn&campaign190=pxcyik,1
https://google.com/zpdwe/wik.js,0
https://linkedin.com/dudmg/sqzc/eesi/znapt.woff2,0
https://reddit.com/log/sentry/*,1
https://?event=log&/ohoccxon/hxq/tquxpxyj?affiliate382=ofmnjz&campaign053=aakjbw&affiliate408=ekntnk,1
https://facebook.com/opentag-/ausui,1
https://youtube.com/tracker/imp?/cekducj,1
https://microsoft.com/pubstats.$domain=~pub.dev|~pubstats.dev,1
https://netflix.com/izt/argei/uececui,0
https://cloudflare.com/jcycgej/gvcofclu.png,0
https://wikipedia.org/bhw/jwcrezdb/vcy/biilhy.css?theme=qvrv5,0
https://adobe.com/lbrkz.js,0
https://cloudflare.com/click_tracking.js,1
https://amazon.com/contentiq.js/coft/vjmtvswg,1
https://youtube.com/nlvninm.jpg,0
https://##.embed-responsive-trendmd/ylsqvprn?sessionid544=fdzlgx,1
https://wikipedia.org/logging/logjs,1
https://apple.com/cgi-bin/count1.cgi?/jqhxp/xxmjgi,1
https://.beacon.min.js/vwdr/tjli?utm_705=mdxwbj&ref=498=mvmyqi&campaign460=mwtpmd,1
https://linkedin.com/stat?track=/klykurt,1
https://amazon.com/qthw/zik/dlpw/plqcfsi.js,0
https://youtube.com/odifs/jdivl/tkjjlmxe.css,0
https://wikipedia.org/pipjyimi.ico,0
https://wikipedia.org/dynamic.ziftsolutions.com/*,1
https://reddit.com/lrx/qhb/quagmqpl.png,0
https://linkedin.com/hboxztt.ico?lang=zkna8,0
https://?log=united-impression&/uss/tfvhro/qyigab?utm_551=lgbzir&campaign978=zkmivx,1
https://cdn.shopify.com/s-pcjs.php/dijpcxp/kzmxyr,1
https://netflix.com/clicktrack.min.js,1
https://reddit.com/xkbksqrm.jpg,0
https://youtube.com/cmijrg/opwmdd.js,0
https://google.com/js/ga_event_/koddides,1
https://netflix.com/roitrack.js/bqsyar,1
https://wikipedia.org/xfkf/rgojp/aawxb.svg,0
https://reddit.com/eventLogServlet?/fwow,1
https://instagram.com/jgs_portal_log_bildschirm.php?/nkcuq/tacbt,1
https://wikipedia.org/dataunlocker.js/svid,1
https://adobe.com/pkrgd?page=23jzn,0
https://twitter.com/logrxlb/uxbfyijt/liqhi.woff2,0
https://linkedin.com/cgzfqo/fysa/dxigij.ico,0
https://google.com/wsjqpt/wussh/qijqgoa/hypdc.woff2,0
https://facebook.com/dnxd,0
https://reddit.com/dmxb,0
https://instagram.com/metric/?wid=,1
https://instagram.com/snxtl.js,0
https://cloudflare.com/ygziyaue?q=ohyz5&q=5zxnb,0
https://adobe.com/fqwfvg,0
https://amazon.com/gba/jezxgz.ico,0
https://cdn.shopify.com/collect/pv?/tjv/kqaqwgn,1
https://cdn.shopify.com/lgqzx/yytzw/nolceqa/yjex.woff2,0
https://linkedin.com/ryoawqh/qptni/ewqyedd/bcasn,0
https://adobe.com/kdz/cbccqd/ickk.woff2,0
https://?action=impression&/fzetw?cid343=gqcqpa&ref=566=mxofsr&utm_379=jipuqs,1
https://?pageviews=$third-party/gjnd?affiliate339=ojgzrq,1
https://youtube.com/nfjd/eckp/ekkklbqq/imignp,0
https://reddit.com/appinsightor.min.js/jco/ehc,1
https://linkedin.com/zvxv,0
https://apple.com/xziytu.js,0
https://twitter.com/tbrpu/ynbwavcl/pgh/ggj.png,0
https://netflix.com/jdxpjpcp/ftlmtt,0
https://netflix.com/oorjxwpr/brpezge.png,0
https://.php?stats=/oehad/gccwpt?sessionid169=yjucbs&affiliate739=edpduh,1
https://microsoft.com/api/metrics/event/ekdmlu/ygz,1
https://twitter.com/lbud/iqaigha/pppnwft,0
https://amazon.com/rjfb/buyck/mqlx?view=rcebd&view=ga3fm,0
https://google.com/nmm/vcgdtx/sagxnq,0
https://wikipedia.org/wgjhrbwu.woff2,0
https://adobe.com/RcAnalyticsEvents.js,1
https://google.com/uyyn?id=esgyq,0
https://##.embed-responsive-trendmd/xdqndc?affiliate401=tsqcyj&cid034=pqvaml&affiliate312=smjksz,1
https://cloudflare.com/cjfd/ulezzb.css,0
https://facebook.com/evjtcxgv/qjl.ico,0
https://youtube.com/mdk/xghkov/utcm/arlmx.js?theme=ed6xg,0
https://google.com/oflqczd/nufoiw/jiloluam/bdny.woff2?lang=y9a39,0
https://twitter.com/ksybjrki/svs/fwe,0
https://?log=stats-/gngevvfb/mwtsh?ref=098=vwjexu,1
https://&EventType=Impression&/ptffkzlh/wdjof/qurasptz?affiliate729=pcavpe,1
https://instagram.com/article_hit.php?/cdoubv,1
https://netflix.com/dpistat/updater.php/kjoaieui/sutif,1
https://facebook.com/statstracker./wzqutioo,1
https://linkedin.com/collect?eid=/urla,1
https://microsoft.com/ddq.ico,0
https://microsoft.com/public/visit/record/ufvb/zhl,1
https://cdn.shopify.com/pbws/ssfn/wccy.jpg,0
https://linkedin.com/iwfde.png,0
https://facebook.com/smartTag.bundle.js/mmtxja/arxad,1
https://cloudflare.com/web-analytics.js,1
https://microsoft.com/yoa/ojjc.js?page=rv2s2&page=6emkx,0
https://&EventType=Impression&/pyj/gigx/law?affiliate816=cqzbtr&sessionid199=enbsup&utm_252=awanqu,1
https://google.com/vcxtpu/llzbqdks/basafia,0
https://reddit.com/_visitcount?/uhkrht,1
https://linkedin.com/postlog?/urtl,1
https://netflix.com/aju/noe?view=dkue6&lang=vz5jl,0
https://adobe.com/uhrg/jpuu/epg.js,0
https://facebook.com/zuy/fnmuwmrg/eueyic.js?id=2tcmt,0
https://.js?id=GTM-/gpzbzyw?ref=661=wtwekv,1
https://google.com/fptrk.min.js,1
https://amazon.com/yliwbwc/jcjve,0
https://reddit.com/hit?aff_id=$xmlhttprequest,1
https://twitter.com/utrscr/atldafc/jewq.ico?theme=rso9m,0
https://cloudflare.com/somtag/logs/*,1
https://instagram.com/ltfpevz/lss/vywab/qzl.js,0
https://_c.gif?c=/sjk/stnc/aped?affiliate729=jyhenl,1
https://facebook.com/drwebstat.js/sbib,1
https://cdn.shopify.com/facebook_fbevents.js/ifrepm,1
https://facebook.com/rook.tracking.min.js/jdfxapv,1
https://adobe.com/jquery.trackstar.js/onisng/kgjrcufc,1
https://cdn.shopify.com/ydx.svg?lang=muyg4,0
https://linkedin.com/ajaxlog?,1
https://cdn.shopify.com/qokos.png,0
https://reddit.com/wansxbek/wcpyvjx/duuwpgc,0
https://cdn.shopify.com/wdx/tjpy/hkgncat,0
https://cloudflare.com/dsb/apkxezog/tstzvtfl,0
https://cdn.shopify.com/xbc/yzdpm/xirfs.woff2,0
https://adobe.com/gdul.ico,0
https://amazon.com/youtubeVideoAnalytic.js/iad/lhcest,1
https://apple.com/piidcwot/nlnwcduv/ahjjtev/uppgozq.jpg?id=d1c8z&q=xnjfm,0
https://reddit.com/ws_client?zone=gen$websocket/zei,1
https://linkedin.com/qtvupa/cgee/atrfxq.ico,0
https://apple.com/wyfbxw/xdu/gfyre,0
https://youtube.com/jnfmtnpq/kllz/dgoxf/enuwhmw.ico,0
https://wikipedia.org/uxmr.jpg,0
https://youtube.com/yxusmm/jth/rtywtx/uon,0
https://linkedin.com/scripts/xiti/*/didlhwac/nwzrhpza,1
https://instagram.com/asihzqv/iccbtwx/syexrl/eterrnnm?theme=0s536,0
https://apple.com/csi/eerc/zrahhp/omuzzclq,0
https://cloudflare.com/counter-js.php/tlsit,1
https://adobe.com/muancpv/nkd/exydhts.js,0
https://microsoft.com/exvqof.css,0
https://youtube.com/kqo/lax/jmgzegpj.ico?id=yylbl,0
https://cdn.shopify.com/jjtu/tfy.ico,0
https://youtube.com/nxdjla.woff2,0
https://reddit.com/xyaicyj/czxzzdjf,0
https://netflix.com/higww/znzdfc/fzycqt,0
https://instagram.com/lwxza/hbhfjxwu/lkni/sqdpo.ico?view=udyqt,0
https://twitter.com/ahdgek.jpg?id=oin0p&q=jhy52,0
https://instagram.com/scripts/xiti/*/stbgtz/yhgulu,1
https://_imp?Log=/upgnaelo/dvrqc/udf?cid429=aqinhq&ref=365=xynqjg,1
https://netflix.com/nftftp/pawkhgva.woff2,0
https://facebook.com/lhprxm/rsb/zot/tmtku?id=8bg5r,0
https://reddit.com/zlz/bpi/anbp/emohkso.woff2,0
https://wikipedia.org/rla,0
https://twitter.com/stats_js.asp/qjyd,1
https://reddit.com/dsuvp,0
https://amazon.com/lfafgsls/ljqyerg/xzwtbu.ico,0
https://google.com/ccugfte/xfxput/nfzzgxv/ojwoljft,0
https://cdn.shopify.com/click-tracking.js/nmnejprp,1
https://wikipedia.org/tr/pageview/*/lnsnu/alajvx,1
https://.php?ping=/nrrln/dym/zcjegwcm?utm_091=pyaftw,1
https://wikipedia.org/sdyvqse/myhbw/ngbwh/onize.js,0
https://netflix.com/wtz/vtcsnjo.svg,0
https://facebook.com/analytics.*/event?/lwtjd,1
https://reddit.com/slfpvufz/ossae/ggfruhev.woff2?view=7uw8k&theme=3g1ur,0
https://cloudflare.com/hzxk.png?q=y5f6b,0
https://-geoIP.js/oztnv?affiliate878=gtqesc&campaign334=xgtreq&sessionid987=pdqema,1
https://youtube.com/gv-analytics/riveted.js,1
https://twitter.com/heris/ijkb,0
https://microsoft.com/ivbaigho/rykidobl.jpg,0
https://facebook.com/oijmkkrw.woff2?id=w4qun&theme=up8kx,0
https://adobe.com/addEvent?action=/mvek,1
https://facebook.com/itwp/inmqddpe/vrq/hulannvv,0
https://cloudflare.com/transparent_pixel.gif,1
https://cloudflare.com/msxipl/tcclbqmj/ahgo/okudo.css?id=a8nrx&q=r4sj3,0
https://facebook.com/sps/xzgon/tvqzxbqd/joif?q=8fast,0
https://linkedin.com/mwurgdp/qzjvyq/acae.svg,0
https://netflix.com/bim.woff2?theme=orkz0,0
https://reddit.com/xbvs.svg,0
https://facebook.com/dbi,0
https://netflix.com/perfmatters/js/analytics.js/bteh,1
https://google.com/psaqoahb/ecfml/raonwbi/xhfwobij.woff2,0
https://adobe.com/jaijgavd/xjayd/mtcvr.svg,0
https://cdn.shopify.com/qbli/nebc/zbxr/cdehcrws.png,0
https://.php?tracking=/oxivun/fkj?cid866=gteloe&cid570=khewno&utm_751=ykmwbh,1
https://cloudflare.com/events?rpId=/ltkmcnhn/dfirdc,1
https://instagram.com/ykan/gibp,0
https://cdn.shopify.com/sitetrek.js/vxz/ifp,1
https://youtube.com/tiara/tracker/*/xdmld,1
https://linkedin.com/wmkka/xyvsm.ico?theme=33unm,0
https://twitter.com/fgr/fzakbn/cgcyp.js,0
https://netflix.com/adobeanalytics.js,1
https://?action=track_visitor&/msdy/pjujxz/felp?utm_632=mvsdcd,1
https://apple.com/ppc.js,0
https://facebook.com/yciv/zfvxlwjk/err.svg,0
https://cdn.shopify.com/hxsr/gvole/grr.svg,0
https://reddit.com/track?event_id=,1
https://apple.com/PageTracker?/eoksts,1
https://google.com/optimizelyjs/*,1
https://twitter.com/ynahbyg,0
https://apple.com/js-sdk-event.min.js,1
https://microsoft.com/isvcbcwp/vuxrmo/djb/jfbgzua.js,0
https://netflix.com/mqz.js,0
https://facebook.com/brightTag-min.js/fskmnmt,1
https://facebook.com/referrer_invisible.js,1
https://?event=performance&/fjdylp/xheya/lmvircec?affiliate235=zxqvkm&utm_498=dyiuod,1
https://wikipedia.org/traffic/status.gif?,1
https://linkedin.com/cyjatgc/qjnpqlvb/dted/neileo,0
https://amazon.com/insitemetrics/uRMJ/ujutilv2sll.js/sddiigbm,1
https://apple.com/bjqslvbv/gywxdbu/zhc/eeiasl.svg?lang=kg2z1,0
https://reddit.com/page/load?/oustxcal,1
https://wikipedia.org/bmbds/nolkhqum/iwoc?id=1nent,0
https://netflix.com/xabwhzo.ico,0
https://instagram.com/gtm/gtm-/vidfebxq,1
https://google.com/metric/?mid=,1
https://microsoft.com/exhdjf/mvbcygj.png,0
https://netflix.com/dvw/lors/myimvman.jpg?q=pi7tl&lang=4qzy6,0
https://wikipedia.org/TrackWebPage?/vzm,1
https://facebook.com/impression/track?/ctpar,1
https://apple.com/fizep/tghxgi/zgptvfa/eapogplh.woff2,0
https://netflix.com/bagmpxzu/hevujwnx/brif.svg,0
https://cloudflare.com/cxpbhyg/iasj/urqbne/thtlyqff.css,0
https://youtube.com/ojcfko.jpg,0
https://reddit.com/rdtf/xwbe/sbmxujtm,0
https://reddit.com/ccpqrlas/tjyt.jpg,0
https://twitter.com/vom/qdwja.svg,0
https://apple.com/esuxetkx/ooilqm?page=0yfid&id=0voxe,0
https://twitter.com/pageview?client=/pihne,1
https://microsoft.com/outbrainAd.,1
https://microsoft.com/pmzembtz.svg,0
https://cdn.shopify.com/tki/zqxhosmr.svg,0
https://twitter.com/aekq/otthtgxd.jpg,0
https://youtube.com/amp-access/set/*/gbhdeq/cgmm,1
https://cdn.shopify.com/load_analytics.php/jrpqxj,1
https://cloudflare.com/gjcssm/wpftmom/jlervaw/ame.js,0
https://twitter.com/jsqtpv/rkvw.png,0
https://netflix.com/jaws,0
https://adobe.com/knnpukr/ugq/roc/tcz.ico,0
https://wikipedia.org/ihhuokjg.css?lang=1xzqi&page=y0c1f,0
https://cdn.shopify.com/ztsq/cysxtvq/xrwbxk,0
https://cloudflare.com/bqvlff/zpmwjt.woff2,0
https://youtube.com/kyobh.png?q=qrqlc&lang=pxatj,0
https://instagram.com/ptrack.js/pjuotg,1
https://adobe.com/zsf/uipxjj/ufi/zpv?lang=lx208&view=llcfa,0
https://microsoft.com/frgsrduk/kovo.jpg,0
https://instagram.com/fzes.css,0
https://wikipedia.org/jvtbbzxt/ciznuzl/qwv/tciwfg,0
https://netflix.com/rgea.min.js/jdd,1
https://cdn.shopify.com/etqqaaw/usipmlc/jvugje/edvh.jpg,0
https://wikipedia.org/add_page_view?/gmwbq,1
https://twitter.com/qklrjxp/flxatu/axfddlp,0
https://instagram.com/pvcount.php/jfmnkc,1
https://microsoft.com/jupif.woff2,0
https://apple.com/otlp/traces/zssbftw/ylpxcss,1
https://facebook.com/awqro/cstxy?view=a8aak&q=9vusz,0
https://apple.com/wgkhquxp.js,0
https://wikipedia.org/page-addviews?/bmk,1
https://apple.com/lfn.jpg,0
https://instagram.com/lnukp,0
https://apple.com/cykzak/opotljg/juizfgrp/tra.css,0
https://reddit.com/mlmzznc.ico,0
https://reddit.com/kmkiicdj/ptojvqf/lnpxvek/dfhun,0
https://facebook.com/cgi-sys/count.cgi?df=/mucetpi,1
https://linkedin.com/zazs/nkmaogkk/awbbn,0
https://wikipedia.org/tracking-events.js/clur,1
https://netflix.com/wqn/juvmittw/auaushu/bqtq.js?view=3xzwg&theme=1pn9t,0
https://instagram.com/zoa.css?theme=vivsc,0
https://facebook.com/trackpxl?/jiknhpq,1
https://linkedin.com/crdlmtu/kfkhv.ico?lang=elxgb&q=hrkoj,0
https://netflix.com/jvnpq/hru/wbfzpoj/ekroq.jpg,0
https://reddit.com/fmm.js,0
https://-didomi.js/ljco/sbk?affiliate476=bzoypr&affiliate574=eobzwo&campaign384=utrwhr,1
https://wikipedia.org/videojs.ga.js/evortkvz,1
https://instagram.com/iqh/mvpryr.svg?id=wwiwb&id=x2pqm,0
https://linkedin.com/madAnalytics.js,1
https://google.com/uwdzyihn/ywsnrdv/fixa,0
https://apple.com/kyxmebko/yak/iozqvszv/xftwhamv.jpg?lang=eb2vd,0
https://adobe.com/yzz.css,0
https://apple.com/zelpmey?page=3dje7&page=bs6xa,0
https://cloudflare.com/tmbunz.js?q=ua78q&theme=uwazi,0
https://wikipedia.org/TrackShopAnalytics.aspx?,1
https://cloudflare.com/addLinkerEvents-std.js/sjv/jceon,1
https://cdn.shopify.com/trackPage.js?,1
https://reddit.com/t/event.js?,1
https://cloudflare.com/lpw/oyn.png?theme=jclzp&q=05xaj,0
https://microsoft.com/qcdq/qcaye/sknyvk/kvdth.js,0
https://wikipedia.org/sfgdr.woff2,0
https://wikipedia.org/lzi/dkslcc/ojcmg/wjkhmyq.ico?id=mpjve&theme=0i5o5,0
https://reddit.com/mnnzm/fmtu/rtdiorqr.woff2?id=ndz70,0
https://instagram.com/iqtycx.woff2,0
https://adobe.com/PageStats.js/rgn/uow,1
https://adobe.com/vdhdv/dnbokeb/kei.js,0
https://_chartbeat.js/lgohfp?sessionid345=ulhlns&cid895=mjxmpp&ref=556=ppbhcl,1
https://google.com/opdc.js,1
https://amazon.com/lnr,0
https://twitter.com/auvsfxn/qbdlxi.jpg,0
https://reddit.com/avsqgn/zkt/euav.js,0
https://netflix.com/uiljbaqx.css,0
https://cloudflare.com/mnppixellibrary.min.js/arm,1
https://facebook.com/ghwl.svg,0
https://microsoft.com/pcllwyvb/cjh,0
https://youtube.com/qmdlihww/ble.js?q=wlf7t,0
https://linkedin.com/fxku?id=7apxp&q=pvcta,0
https://cloudflare.com/matgynpf.png,0
https://cdn.shopify.com/czdt/tfolhr/fpvhfsk/ibpg,0
https://twitter.com/weblog.js?/dpco/zjr,1
https://linkedin.com/count?pid=/ncesbgej,1
https://microsoft.com/wmx,0
https://youtube.com/pdvdh/zhkr/gdwaqkjo.woff2?theme=k7u6l,0
https://facebook.com/yst.css?page=9o12a,0
https://youtube.com/xmru,0
https://instagram.com/ResonateAnalytics.min.js/binm/dhiieaj,1
https://amazon.com/cxcf.ico?page=5xddo,0
https://google.com/gmywct.jpg,0
https://twitter.com/tilda-stat-1.0.min.js,1
https://.php?action=browse&/ecyneq/nvu?cid486=ltdtnu&affiliate810=cnjsik&utm_842=wtdqad,1
https://linkedin.com/obbkxr/jefomb/cvs,0
https://microsoft.com/zaloatj/zrry/lokk/tvio.ico?q=jr495&view=a2yij,0
https://wikipedia.org/sbfdksag/jxm/cfkavn/mqufzbih,0
https://adobe.com/owa.Analytics.m.js/adaxg/xmyw,1
https://linkedin.com/mhqz/vjtnaqn/kkw.woff2?id=847pk&id=kmef5,0
https://adobe.com/trckUtil.min.js/zizei/utch,1
https://youtube.com/fjo/egoygmak/zmxdycg.js,0
https://google.com/eet/ictx/idcqk/jsd.png,0
https://wikipedia.org/utm-tracking.js/efkjmx/zgcxf,1
https://cloudflare.com/plausible.manual.js,1
https://twitter.com/kpzucbv,0
https://instagram.com/tki/dephe/sfzmjw.svg,0
https://instagram.com/statscript.js/bbdwfv,1
https://cdn.shopify.com/csqubp.jpg,0
https://linkedin.com/csnobt/vlnyyi.css,0
https://twitter.com/bv-analytics.js/xdrii/wmjzk,1
https://reddit.com/segment/js/*,1
https://youtube.com/PageCount.php?,1
https://google.com/hit/tracker,1
https://?v=2&tid=G-$~third-party/ibloff/sztxpdpt/bujnhm?campaign274=jytrqg&ref=733=xiqobp&utm_767=rutfgw,1
https://reddit.com/impresion/zona/*,1
https://microsoft.com/fe_logger?/rvdani,1
https://adobe.com/eraq/znzjtpo/fmixstv/yobcbe.svg,0
https://microsoft.com/wwwcount.cgi?/vhlsecww/sdff,1
https://linkedin.com/vnh/oopwh/tntyfs.svg,0
https://adobe.com/sszyqu,0
https://linkedin.com/facebook_fbevents.js/rkjfcnqa/cuvi,1
https://instagram.com/webAnalytics/*/rlrqqh/lhpkue,1
https://amazon.com/rjlq,0
https://netflix.com/vgw/jljg/nlfe.js?q=18x6x&q=873b7,0
https://linkedin.com/cfformprotect/js/cffp.js/ogccyu/fbgd,1
https://amazon.com/yitwtmht.jpg?view=thumm&q=afjuy,0
https://cloudflare.com/rqyamfe/fhpfoqqt/nebej?q=c3oys&view=bw4cg,0
https://wikipedia.org/trackga.min.js/adzc,1
https://apple.com/wmxtracker.js/mrvcteyv/aixw,1
https://youtube.com/qnmm.png,0
https://youtube.com/tkjivmm/oxgocr/aqt/cailwmm.svg,0
https://cloudflare.com://load.*.js?st=$~third-party/qsd,1
https://reddit.com/rqkgas,0
https://google.com/rwof/iphiky/bxeglz.svg,0
https://instagram.com/ehinkv/jusue,0
https://wikipedia.org/vmgrubc/bomv/gqgnvzb?id=o83o8,0
https://reddit.com/vkpyfd/fuc/hsrwl,0
https://netflix.com/fptsuvlo/zkpk/ulsuimr?q=fh7dq,0
https://wikipedia.org/soo/whk/ipdhu/ftre.woff2,0
https://cdn.shopify.com/brightTag-min.js/sqeuvbw/awptc,1
https://google.com/qbq/dpxsud/gsgisk/csngmmow,0
https://netflix.com/uquxumbg/rqjrnfam/taqva/rfw.js,0
https://linkedin.com/xlzjjrb,0
https://netflix.com/flipptag.js,1
https://netflix.com/qoljolw/cmq.png,0
https://instagram.com/comscore?/msyb,1
https://facebook.com/beacon/metrics,1
https://microsoft.com/usage/ReportEvent?/zul/ovbrcv,1
https://reddit.com/yrecqp/kkl/izhur/nmg?view=ltkil&page=djh04,0
https://reddit.com/metrics/rum,1
https://google.com/lfqip/yvweyu.woff2,0
https://wikipedia.org/ppoyxk.svg?id=y237v,0
https://microsoft.com/ryem/mkm/uoalj/qysrmx,0
https://wikipedia.org/igb/mpnzltsy.svg,0
https://instagram.com/app-measurement?/lib/dzgl,1
https://cdn.shopify.com/san.png,0
https://netflix.com/mkjm/xpi/vkbjxm,0
https://cdn.shopify.com/nbtt/vyovxe/pzeprzkp/nloegww.jpg,0
https://cdn.shopify.com/rgo/jug.png,0
https://reddit.com/fb_pixel_page_view,1
https://facebook.com/pemf/cyn/rygcakjt.png?page=hd4g1,0
https://instagram.com/perdl.ico?page=ah9s6,0
https://linkedin.com/obtp.js,1
https://amazon.com/kissmetrics.js,1
https://apple.com/tracking/jitney/*/vkz/qtmhs,1
https://google.com/ajax/analytics/*,1
https://microsoft.com/xjnzt/dly/cjti.woff2,0
https://netflix.com/fat.jpg?theme=f50k3&q=1469g,0
https://microsoft.com/mvccqsvz/bfwcgyd.css,0
https://amazon.com/wan/llwdkhul.png?view=0zb56&page=tju6o,0
https://instagram.com/fad/anpmdap/qcbxzls.jpg,0
https://reddit.com/zvjj/rnbdrr.ico?theme=db7tp,0
https://google.com/eafbehic/glzdf.svg,0
https://instagram.com/nwt.js,0
https://apple.com/xjzuhucb/gotiyq/ixugjua/mhrnzex?q=vtwzs&view=w0jdy,0
https://apple.com/pxl.gif?/hjsnb/rspyq,1
https://&refer=http$script/jjxxu/vulbvu/eyn?campaign356=cafqjh&utm_003=vyjhka,1
https://wikipedia.org/juxa/dtyv/upzdfgg.ico,0
https://amazon.com/t?tcid=,1
https://google.com/ribixrnj/vsx.js?page=hlosl,0
https://adobe.com/fmcoeqp/rkgtnmk.png,0
https://facebook.com/jgrqokr/kgqlecuh/yvv/lvsx.png,0
https://reddit.com/eqzszmdi/yyyfxsvo?page=7enll&page=jj102,0
https://microsoft.com/gwccv?q=aizd9&q=vzu8r,0
https://linkedin.com/awdr/xjnvfuct.ico,0
https://linkedin.com/movespu/gvxgbl/bpdybi.js,0
https://apple.com/oglo/rknat,0
https://linkedin.com/stats/search-log/bhbiwfw,1
https://cloudflare.com/Hit.aspx?/glz,1
https://youtube.com/uckwnbzk/usrdoloy.js,0
https://wikipedia.org/ia-sentry.min.js/xij,1
https://youtube.com/newrelic.js,1
https://reddit.com/qyz/atdz/nunqzar.js?lang=fdzfs,0
https://instagram.com/eax/vulesb/zqqlufm/ywozvp.svg,0
https://youtube.com/iti/dxkvbn,0
https://wikipedia.org/vjnhb/qplhcm/rhepcry.woff2?page=8gw60&page=uejjk,0
https://cloudflare.com/tracking/views/*/mjksthf/axvem,1
https://wikipedia.org/js_logger.php/oyw,1
https://adobe.com/hsfpftx/dea/bgg.jpg?lang=dpig1&theme=loicc,0
https://cloudflare.com/bzwlwbn/filz,0
https://facebook.com/onckwhv/spr,0
https://amazon.com/acsqxe/gqsg.woff2?theme=rzj3l,0
https://youtube.com/vmflrvc/vvhozy/pkmgk.woff2,0
https://?action=statsjs&/abfxaaxi/xosek/nytpr?utm_312=kpgxnb&sessionid667=ijvicq,1
https://google.com/sirzhe.ico,0
https://twitter.com/googleTracking.js/gdrzcaog,1
https://netflix.com/dot.gif?/ndj/crrw,1
https://twitter.com/a/performance_timing/*,1
https://apple.com/inmcacg/gud/afcak.png,0
https://apple.com/aztracker.js,1
https://wikipedia.org/zxvfii/kve/arxj/svxvvnly.woff2,0
https://twitter.com/iynj.css?page=7xecn&theme=wuikg,0
https://instagram.com/ybf/rhcdydgw/vxxlyu/hdgpbj.jpg,0
https://google.com/ydak/eojqwjs/oofkou/kvrwqhv.woff2?lang=8h7x6,0
https://apple.com/ndjo/onrrz/nvdzmtc.woff2,0
https://youtube.com/lszjcose/ucjhot/efkx/hhghh.woff2,0
https://?action=tracking_script/xqffaq?sessionid342=rwzmbl&sessionid591=jfmizu&ref=803=maqfpv,1
https://amazon.com/wdqnek.js,0
https://netflix.com://gtm.*.js?st=,1
https://google.com/ervqtr/xuso/gtmxupdk/ncpvhchu.ico,0
https://_imp?Log=/cdmdc/bvfledi/bgtdc?cid944=pbgyln,1
https://amazon.com/rudder-analytics.js/iajinf/lykj,1
https://google.com/pyrt/utht,0
https://instagram.com/hmh/xcs.ico,0
https://cloudflare.com/xxhyqt/lvcor/uga.jpg,0
https://youtube.com/xpc/jbdlimhl.js?theme=htuo1&q=qtt23,0
https://facebook.com/mcount.cgi?,1
https://wikipedia.org/ilbt/fiam/yszxtk/pnjugyi.png,0
https://facebook.com/jjz/lheeh?page=nkh2a&lang=qcsw8,0
https://linkedin.com/qxkcpzy.png,0
https://instagram.com/ocrvzjh/ylek.woff2?id=pgcrw&lang=olfsv,0
https://linkedin.com/svkxy,0
https://adobe.com/jeyvvt?view=lxx56,0
https://twitter.com/jgsjerpp/yttyw/pypqxjq/iekaz.woff2,0
https://cdn.shopify.com/iprhg/ekbr/zdxx,0
https://amazon.com/ygyxgh/ksah/ofp.jpg,0
https://amazon.com/google-nielsen-analytics.js,1
https://apple.com/tagmanager/pptm.js,1
https://linkedin.com/qzpxhelc/qwv.ico?view=5sz9j,0
https://google.com/gnrzulp/rqdm/hkvhyldh/egpset.ico,0
https://instagram.com/zox/xbafxc/dtx.ico?view=m0wx3,0
https://youtube.com/ccckcnvm.svg,0
https://instagram.com/uuiy/egklq/fph.js,0
https://cdn.shopify.com/rtv/oukxxglc/rtf/obwz.svg?theme=55yrx&q=75rh2,0
https://youtube.com/qgrgdjhk/xgknz/zixyt/cip.woff2,0
https://apple.com/mongoose.fp.js/tcef/lndjkvn,1
https://reddit.com/analytics-data-collector.js/jdi,1
https://instagram.com/btn/yvtox.ico?q=6m1mo,0
https://.js?id=GTM-/jdzzerop?affiliate591=ysxeip,1
https://microsoft.com/sevbcs/gpttbcl,0
https://google.com/addLinker.js/ygtomb/hwq,1
https://_stat_counter.php?/rlwdm?cid811=vuanux&cid881=rnaged&campaign913=mqivvn,1
https://wikipedia.org/eiwvr.ico?theme=h4zqk,0
https://facebook.com/oyc?q=r4jid,0
https://cloudflare.com/dpnxzwx/hgll/rhzs/mnfi.js,0
https://twitter.com/ddg/vqrcna/qomc.png,0
https://reddit.com/nzo.js,0
https://amazon.com/stats/page_view_/xqzfv/urtzqnj,1
https://adobe.com/vbehcs/ksc/vzwoxnk/cri.ico,0
https://apple.com/nmdpfzzq.jpg?q=pplcc,0
https://wikipedia.org/dhzc/ygc/eyo/uysdli.ico?view=47xr3,0
https://amazon.com/snvrb?q=abscp&page=01ii5,0
https://instagram.com/zgayug/vlhcex/svxqsny/bjzrngn.woff2?view=yfj53,0
https://cloudflare.com/czexy.js,0
https://microsoft.com/qgtaqzke/tfdoxgi/pjhow/sttqyq.ico?view=twxxq&q=8nsrl,0
https://twitter.com/vkia/vlfvd,0
https://linkedin.com/ymd/tnsloj/hac/qlr?q=yy1q0,0
https://instagram.com/eiuh/yqubo.ico,0
https://adobe.com/outbrain.js,1
https://google.com/maofuxpe/dhwg.woff2,0
https://instagram.com/log/exposed?/exmrezak/waantphb,1
https://wikipedia.org/udup/wgbyycs/jpxhykzv/ylsaki.ico,0
https://amazon.com/jenjvcqh/lzsuftr/znedjfy?id=ntf3y,0
https://adobe.com/bksglz.svg,0
https://linkedin.com/appGoogleTagManager-/zqdrdo,1
https://google.com/statscounter/*/pdkylm/bdmo,1
https://cdn.shopify.com/wkoqe,0
https://twitter.com/sanqpl/lsuyjvu/kgrcqgj?page=4one6,0
"https://&http_referer=$script,xmlhttprequest,domain=~biletomat.pl|~facebook.com|~jobscore.com/yicbd/iijaodi?ref=439=ogercc&utm_957=iuydck&ref=950=paahty",1
https://reddit.com/google_analitycs.js,1
https://facebook.com/kcuopshq/udmwve/ibhgz/qtiwzjld.css,0
https://amazon.com/lqjwsy/jqky.ico,0
https://youtube.com/fustwvuy/tijwtgfg.css,0
https://reddit.com/xnellqt/afizgvjx/knqsxeos/fhywv.ico?theme=4aafk&lang=fz9l9,0
https://reddit.com/gtyvr?lang=who9z,0
https://&EventType=Impression&/uvxia/rseqgoez?sessionid060=prjykj,1
https://reddit.com/kmuedisp/hqt/ikrrnn/xvtrvry,0
https://youtube.com/oejstumz/ccwlqi.png?id=5bbk5,0
https://instagram.com/aizbxnvq/mhc/ushuavt,0
https://netflix.com/dftxw/rnu/tnpqzym/kxkeri.png,0
https://microsoft.com/wukkx/mvdz/tdph.css?view=4rmel,0
https://amazon.com/dla_tracker.js,1
https://reddit.com/iay/wbapflap.jpg,0
https://netflix.com/caiy/qiw/lcuehc,0
https://netflix.com/ifundbo/dordq.png,0
"https://$csp=child-src 'none'; frame-src 'self' *; worker-src 'none',domain=fileone.tv|theappguruz.com/faoysr/qtzy?cid666=vuykcd&affiliate342=hrtsek&sessionid553=ifhgin",1
https://amazon.com/b.gif?/hkac/ctquqqvg,1
https://linkedin.com/ujwf/ksjfxznz.ico,0
https://apple.com/core-tracking.js,1
https://wikipedia.org/sTrackStats.js,1
https://amazon.com/tracking.asmx/AddTrack?/patmi,1
https://facebook.com/dnzuydfq/cevqildj/pvds.woff2?id=hxrsh&lang=xzk2d,0
https://cloudflare.com/oazsz.svg,0
https://microsoft.com/gzu/fivemx/dxhfgipo/qnkqliwq.jpg,0
https://wikipedia.org/tir/nskooog/ctmjc/afoxx.woff2?q=flarg&q=k0zt7,0
https://facebook.com/rpc/log/*/wkts,1
https://instagram.com/hhllem/cymdk/uujfiw.css,0
https://wikipedia.org/pqo/tzjjdzhk/kfbvi/ozhkhrax.jpg,0
https://google.com/prnx_track.js/wkoxgurr,1
https://cloudflare.com/sophus3/logging.js/vcajil/hcjxns,1
https://apple.com/ibujm/ktwlw/incwaidq/esm,0
https://instagram.com/tuu/xhjj/epqlruoy.js,0
https://adobe.com/xyc/tkcrvt/obuhje.png?theme=rpvef,0
https://youtube.com/i2a.js/kzlbwys/qiwny,1
https://cdn.shopify.com/frjplak/zgevsg/lgislh/qlpx.png?view=altdb,0
https://linkedin.com/plog?id/wkavpls/xzn,1
https://adobe.com/inkyzsc/pbkodfkt?page=jf0ha&view=trwdq,0
https://adobe.com/pfyixj/ryqgcld/tuw,0
https://amazon.com/visitor_info?,1
https://netflix.com/boyamj/tlphf/onssljp/hbtaane.svg,0
https://amazon.com/whlv/brsov.svg,0
https://reddit.com/wp-stats-manager/js/wsm_new.js/cgjqpegx,1
https://&refer=http$script/wjyogmy?affiliate704=qbtiwa&sessionid895=wvnixc&affiliate401=gnvgei,1
https://adobe.com/realytics.js/kdn,1
https://wikipedia.org/lpxhlwv.ico,0
https://linkedin.com/nnwo/zwqwouq.js?lang=yk7xa,0
https://apple.com/cgi-bin/ivw-ssl/*/cwtuxx/lsvmsbim,1
https://youtube.com/wimirk.woff2,0
https://facebook.com/bcz/qtqyfrkz/cismk.png,0
https://microsoft.com/adsct?,1
https://adobe.com/tealium-external/utag.js/exd,1
https://youtube.com/hwfpjn/isrl/tymb/lphi.js?id=5dact,0
https://wikipedia.org/buuc/otamxut/pcw,0
https://netflix.com/emktvhev/uxgw/exi.jpg,0
https://amazon.com/muwkt/exau/yijya.svg,0
https://apple.com/tracking/user_sync_widget?/nkharal/xqr,1
https://instagram.com/pcwpwun/zaqs.css?id=ngtjt,0
https://apple.com/zxpwo/fjoj/lih/lzbucsy.svg,0
https://twitter.com/trk.gif?/vbx,1
https://adobe.com/jwcrtcq/mswagmo.css,0
https://youtube.com/ertnti.jpg,0
https://adobe.com/tck/gif/*/uwsa/vvy,1
https://apple.com/log.php?id,1
https://cloudflare.com/ncuiuixo/jvorqnt,0
https://instagram.com/nfdrf/zrfktfa,0
https://google.com/joscsrr/nztstksj/tvzvhjzw/ozyjud.ico,0
https://netflix.com/muirtnxb.woff2,0
https://cdn.shopify.com/dtq.woff2?q=fgi69,0
https://apple.com/oxeu/vuszhoce/ceemsxh/fwmesw,0
https://cloudflare.com/include/js/ga-set.js/ellzs,1
https://netflix.com/numcvjp/kjuicz/fivo/nauiwo.jpg,0
https://wikipedia.org/vissense.js/axvc/kpsvbry,1
https://apple.com/zezqvzps/nrow/wdipsno.png?lang=158b1&view=gst31,0
https://reddit.com/woocommerce-google-adwords-conversion-tracking-tag/*,1
https://linkedin.com/izfb/zuihplmq/pviaob/kxqlut.jpg?lang=8h7gc&page=vsf22,0
https://youtube.com/lyknz/ulylqa/szwefruv/pyf,0
https://linkedin.com/vyzbyzps.css?page=elyop,0
https://cdn.shopify.com/lxxfv/knm.ico,0
https://linkedin.com/tlk/yzvhp/zpitxlq.svg?id=pxsqm&theme=onqyo,0
https://apple.com/track?data=/kdabx/axd,1
https://_chartbeat.js/cogssd/eqrcily/eog?cid162=kpaptb&cid332=tihhuy,1
https://apple.com/eleet.svg?q=uq20x,0
https://twitter.com/wgpr/zku/yxkqvswq,0
https://microsoft.com/iycq/chfyo/xmpfs/zhk?q=lucc0,0
https://adobe.com/Quantcast/cmp_v2.js/szgzz/irz,1
https://wikipedia.org/clickstream.js/fabamflm/ctt,1
https://linkedin.com/aeelhfqr/hegf/vbboqcs/giu.css,0
https://wikipedia.org/kdgc.css,0
https://cloudflare.com/trck/etms/*/qntmajal,1
https://instagram.com/yrdzdw/mfoqudr.svg,0
https://linkedin.com/axb/kjdadmr/cxeffz?view=lnk07,0
https://instagram.com/qet/kvdzj/hccymazb.png?q=y58ob&theme=zzac8,0
https://reddit.com/irfwb/tyf/aqbla/smaepb.ico,0
https://reddit.com/oeacnfvq/nlio/baowxwj/krsz.woff2,0
https://cloudflare.com/tracking-analytics-events.js,1
https://cloudflare.com/api/pageview/*$ping/ztmnoend/guummgu,1
https://.pageview-props.js/qhlkc?affiliate579=stwuvq,1
https://cdn.shopify.com/ppxiuxz?theme=x7qi2,0
https://facebook.com/nbnhpkhn/ogoaskh/qhnhar/nzio.png,0
https://wikipedia.org/statcounter.js/dgbdwtlf/rwlfiavz,1
https://apple.com/shgtquw/ufnzg/klfpx.png,0
https://instagram.com/trc/emnr/nqx,0
https://###cxense-recs-in-article/vvk?utm_343=zovnxu,1
https://?action=track_visitor&/jdpikt/qjxfco?campaign494=ppeput&utm_192=oombtn&cid195=yjfuwt,1
https://apple.com/nielsen.js/ldgabdt/rwmbzwe,1
https://linkedin.com/foebew/oslyc,0
https://cdn.shopify.com/jmsn/idn,0
https://microsoft.com/ghaczxm/nbcgkl.js,0
https://wikipedia.org/nunreu/krc/dbtgjnl,0
https://reddit.com/pixeltracking/sdk-worker.js,1
https://youtube.com/rky.js?q=072ah,0
https://_view_pixel&$image/xxzpg/nbdei?ref=521=piwpek,1
https://adobe.com/stats/welcome.php?/epzzpmc/khvnkgrw,1
https://instagram.com/trace/mail/*$image/tbsrwp,1
https://twitter.com/ugm.css,0
https://youtube.com/vyfsqx/ibafioxp.svg?q=277sl,0
https://?action=statsjs&/ujnjm/ohyi?affiliate190=qmyfxh&ref=515=amheip&utm_465=bdxzjt,1
https://netflix.com/hqtc/jhy,0
https://instagram.com/public/visitor/create?,1
https://cdn.shopify.com/dxnrxru/xtjspxy/wwvt.woff2,0
https://?log=xhl-widgets-events&/xqf?cid228=okertl&sessionid600=rlhyjk&affiliate855=kvyefq,1
https://linkedin.com/xumqlwhz,0
https://facebook.com/gzfgx/mkukhat/ogwbqhs/qjj?id=0hwph,0
https://wikipedia.org/stats/impression/rkeynqvc,1
https://twitter.com/j.gif?,1
https://facebook.com/puga/nwhrey/tlm/uahleg.svg?lang=dpu1s&view=p8fo4,0
https://reddit.com/beacon.gif?,1
https://linkedin.com/track/hit.gif/ywxorbky,1
https://cloudflare.com/oeldrms?id=e9ljn,0
https://twitter.com/agz/iqdqgxya/dcydnge/nkccactz?q=wjfal,0
https://twitter.com/esnwvcz/qizoxgx/yaxfjerd.js?view=7i44h,0
https://.php?tracking=/cdu?affiliate327=lzvdbt,1
https://google.com.net/l.gif?,1
https://twitter.com/i.php?i=,1
https://apple.com/czte/yqqromfu/kwoveaao.png,0
https://wikipedia.org/admys.svg,0
https://facebook.com/gfylutf/jphc/nbuu.ico?view=edtby,0
https://facebook.com/rvorepe/lti/ybqxm/evi,0
https://amazon.com/lkcjci/rbflln/dryzdvcf/zaybyrip,0
https://netflix.com/xdwgf/pjfj/rqiefbmk.ico?q=zgudl,0
https://wikipedia.org/pageview?key=/udkeb/phwehk,1
https://reddit.com/bekroop/vpwbnf/bursexq/yzr.png?theme=5agty,0
https://cloudflare.com/pdf.png,0
https://cloudflare.com/ukcdbhsa/okofg/zxbfzrh?q=ub7k3,0
https://twitter.com/jbn/zopwzwhn/natrc?page=2iw9g,0
https://linkedin.com/search-cookie.aspx?$image/hqcdhx,1
https://facebook.com/jihzgqr/gyuhupsc/jokrracq/oqdljbla.jpg,0
https://netflix.com/fjbyywkp,0
https://cloudflare.com/jlgecg/qexpvctj,0
https://cloudflare.com/kgoeo/fqsi,0
https://microsoft.com/iqhunh/iyeprysn/mexjq/mvsco.ico,0
https://facebook.com/harsemws.svg,0
https://wikipedia.org/tzgiaco/qjub/shaz/kaman.svg,0
https://google.com/bjhjdc?lang=6zuki&view=1xkvr,0
https://cloudflare.com/rmftdtb?theme=y5mqx,0
https://apple.com/Tracking?id=/bch/uiq,1
https://adobe.com/uun?theme=2vl82&view=wdcnt,0
https://youtube.com/satismeter.js,1
https://linkedin.com/keywee.js/ddn/yqrxqb,1
https://?event=impressions&/cdtv/cgkgvxt?campaign025=hunqzi,1
https://instagram.com/tracker/event?/lsdzhjnt,1
https://facebook.com/livestats.js,1
https://microsoft.com/baynote.js/tjriyx/rxos,1
https://microsoft.com/anrn.css,0
https://facebook.com/ksxybdw/fywwmr.css?lang=4auxx&theme=3zps5,0
https://wikipedia.org/analytics-library.js,1
https://netflix.com/page/load?,1
https://netflix.com/galww/uvex/zeafpcm/mawkg.woff2,0
https://cdn.shopify.com/bjykccal,0
https://twitter.com/GoogleAnalyticsEvents.js/tgnd/bifsuenf,1
https://cloudflare.com/new-client/trackers./bmqnrcl/ukem,1
https://reddit.com/lkgi/ntx/cbjzxjck/nvlb.jpg?q=lvjl8,0
https://google.com/yru.jpg,0
https://apple.com/mdpexo,0
https://google.com/analyticsjs.js,1
https://instagram.com/oir.js?page=dmjjv,0
https://reddit.com/jzzyeeos/ibuqba/dfmdmrs/gdcpxi.png,0
https://twitter.com/adds/counter.js,1
https://_nedstat.js/loklkwtp?sessionid773=cuxfrb&campaign809=irsqsp&affiliate057=pzlqzc,1
https://.gatracking.js/zrvu?cid314=ucqyif,1
https://amazon.com/rwe/choqhu/ypqx/qwxvgal.css,0
https://adobe.com/pixel_V2.js/iovcv/wrqqwigc,1
https://cdn.shopify.com/nadegqn/udmr/hfolugw/top,0
https://wikipedia.org/ihsnm/ktstln/whahj/gjoqhes.woff2,0
https://netflix.com/log?event=,1
https://adobe.com/fp/top_fp.,1
https://?pageviews=$third-party/slbqwtse/jluir/nznlxfmk?affiliate986=mkzoln&campaign946=eqzyzv,1
https://instagram.com/a/performance_timing/*,1
https://wikipedia.org/fkvlitx/juot/rbhtffv/qzcb.jpg,0
https://adobe.com/pismszy.png,0
https://adobe.com/bznml/fto/hzdufm/vyaedkbs.png?page=i6jiv&id=uh17n,0
https://google.com/bwcow/oxx/naklqdj/jvvhdg,0
https://cdn.shopify.com/zsoibly/xvmwip.css,0
https://amazon.com://collector.*/event/mficbzqn,1
https://adobe.com/keywee.js,1
https://microsoft.com/vqzxkpt.woff2,0
https://cdn.shopify.com/revinit.js/dyairagr,1
https://instagram.com/luhft/cbmbdfjq/tja,0
https://cloudflare.com/gkkfc.png,0
https://cdn.shopify.com/jrbrcsx/bwodowc/yslsmbh/dhipugag.svg?page=iv6ek&page=8z4qv,0
https://cloudflare.com/solarcode.js/kpt,1
https://instagram.com/iysg/igbki.css,0
https://google.com/twp.css?view=fxdm9,0
https://google.com/exvwgv/goyi.js?page=pee7s,0
https://amazon.com/umwiwlfc/bdzbjz.css,0
https://youtube.com/webmonitor/collect/badjs.json/bgtgivx/eywharmc,1
https://?type=page&event=/vnqg/xdpvpm?sessionid321=lqyaal,1
https://adobe.com/pv.gif?,1
https://netflix.com/log.gif?/aesgtmca,1
https://&EventType=Impression&/rjkrctb/sgxj?sessionid702=qfdcde&ref=249=fhdqqr&ref=282=pkfirg,1
https://instagram.com/nslgoqv/yrq?theme=urz6e&lang=0pj82,0
https://google.com/awp.log,1
https://linkedin.com/gtag/js?/ogbbw/xvt,1
https://adobe.com/bwtrle,0
https://microsoft.com/qxsskfl/etpcmzx/clxwx/qecujnyq.jpg,0
https://apple.com/nnlv.js,0
https://cloudflare.com/fhhzpepf.jpg,0
https://amazon.com/inboundAnalytics.min.js/kqfbd/obmhz,1
https://reddit.com/trackVisit/*/jldbedp/kvsy,1
https://linkedin.com/besieb/zfxrgaq.woff2,0
https://instagram.com/prnx_track.js,1
https://amazon.com/boomerang.js,1
https://cloudflare.com/bxm/tkxqavfi/ywztwvli.ico?page=wxjfy,0
https://reddit.com/event_logging/*,1
https://youtube.com/ayqsqcij/bawje,0
https://reddit.com/event?s=$ping,1
https://cloudflare.com/yzi,0
https://microsoft.com/akxaj/ykdno/zqlcmvuh/bbqe,0
https://amazon.com/slk.svg,0
https://.php?action_name=/rirc/vcwg/srdlbggx?affiliate876=qrfxeb,1
https://netflix.com/mtljlw.css,0
https://apple.com/qzcpufn/msvqnc.ico,0
https://reddit.com/taboola.js,1
https://instagram.com/qcyhczis/gsncnt/kgizcr.png?page=jr45k&theme=z4cey,0
https://netflix.com/sitecrm.js,1
https://linkedin.com/hzblg.ico,0
https://adobe.com/ASPixel.js,1
https://twitter.com/letcvna.js,0
https://adobe.com/cms/stats/*,1
https://?action=tracking_script/rvpeg?campaign913=uwppdb&ref=335=xjphzy,1
https://amazon.com/umu/huqq.css,0
https://google.com/addx.woff2?q=py9io,0
https://youtube.com/lqjiusl,0
https://cloudflare.com/beacon/page?,1
https://facebook.com/zxjwj/hpry,0
https://cdn.shopify.com/yjnamzxr/uozwc/uupqn/zbdzfgrw?view=87t9h,0
https://amazon.com/geoip?/ths,1
https://cdn.shopify.com/ccwnajbx.js?view=8eu19,0
https://cdn.shopify.com/ewpzke.jpg,0
https://.js?id=GTM-/gsov/dndaww/zfdef?ref=206=jzvjiv,1
https://wikipedia.org/zbbqnu.js?page=mlzx2,0
https://apple.com/jslogger.php?ref=,1
https://cloudflare.com/adqg.js?page=4g52d&q=7j93g,0
https://facebook.com/trackingGA.js/ssljdxo/iykjmubd,1
https://apple.com/esgvv/edyql,0
https://cloudflare.com/bvsls/jjqwu/rgzl/rnmge.js,0
https://youtube.com/collect.gif?/axwylym,1
https://amazon.com/counter2.gif?,1
https://microsoft.com/sspqer/eeu.ico,0
https://twitter.com/ia-sentry.min.js/onvuquna,1
https://instagram.com/ms-widgets/tracking-cookies/*,1
https://instagram.com/analytics-facade./mcaiebzx,1
https://linkedin.com/ttv/jig/xuwvipa/veqhlrw?q=rsn5j&q=fqonn,0
https://adobe.com/vakym/tjmyb/fedddma.woff2,0
https://twitter.com/gacf/csoz.jpg?page=ag3i5&page=mpwv1,0
https://twitter.com/cnbmekod/obaq.css,0
https://twitter.com://blue.*/script.js,1
https://cdn.shopify.com/aoyh/lkeoqguu/zzwr.png,0
https://netflix.com://a02342./deja/scg,1
https://adobe.com/dfxwyygb/cvkksob?view=isjpf,0
https://instagram.com/juzaayv/swap/qkaw?view=4rpaj,0
https://adobe.com/umyl/yyremhm/yvzxbpt/glvozx,0
https://apple.com/vbnc/ntsalh.css,0
https://adobe.com/augre/sbgbx/bfvb/nwcaqh.js,0
https://google.com/imp_img.php?/vcwwkb,1
https://apple.com/api/v1/reportData/*/sbspa/rnpshz,1
https://amazon.com/ojj/nitct/usgsyzxc/rgsjo,0
https://wikipedia.org/library/svy/broker.js/darer/dlw,1
https://instagram.com/rawua/echyon/sgn/dgmghpee.ico,0
https://apple.com/rm-gtm-google-analytics-for-wordpress/js/gtm-player.js,1
https://google.com/xzbyfi/kitrmtg/dgijljdu.png,0
https://facebook.com/oocnjjz/lhxq.js,0
https://linkedin.com/gozpchg/ibjr/uxhfjpkb.ico,0
https://instagram.com/cqkri,0
https://facebook.com/analytics/pagestats,1
https://youtube.com/nprs/vqx.woff2,0
https://&EventType=DataDealImpression&/ayru?utm_890=zfciij&cid535=rnzyme&cid203=isbnwa,1
https://linkedin.com/fmzjizc/oww/svl,0
https://linkedin.com/ftkspax/onn?view=i0rb8&lang=s0k3p,0
https://youtube.com/pixel/nvrwe?/dqmzh,1
https://google.com/gemius.js/gvzec,1
https://apple.com/common/ga.js/ppdlkmxj/bdrumzl,1
https://facebook.com/ofw/kfzjqnws/wgtopjxl,0
https://reddit.com/nouqae/ejg/xvibah,0
https://amazon.com/fhnsip/ymfixlaf/gjhcdby.css?theme=iqgca,0
https://microsoft.com/cgi-bin/lcpnp/*/kqzxnqoa,1
https://twitter.com/gatag.js,1
https://linkedin.com/fxegu/glheiub/zuppwtq,0
https://amazon.com/ifjvph.woff2?lang=08vgk&lang=l2ukn,0
https://facebook.com/gjemkypz/iobgehqd.woff2,0
https://instagram.com/cgi-bin/CP/*/dddp/yxkrgad,1
https://microsoft.com/NitroCookies.js,1
https://adobe.com/qlgd.jpg,0
https://youtube.com/cffrcird/giq/lnk/mnku,0
https://youtube.com/snowplow-tracker.tatest.js/ptzbag/nxkdptau,1
https://cdn.shopify.com/xcdnhu.woff2?id=ki3u6&lang=nk110,0
https://linkedin.com/pingAudience?/wzazi,1
https://cdn.shopify.com/cozqqcjw/led,0
https://apple.com/cma,0
https://apple.com/bbrxjnb/ucg/wamybko.css,0
https://linkedin.com/metric/?wid=/tcxtghc/vkbtjka,1
https://netflix.com/rat/uyddq/vyna/zgmkke.ico,0
https://facebook.com/blogcounter.js/gfo,1
https://linkedin.com/maz.svg,0
https://microsoft.com/yecl/ndzpf.jpg?q=o90kh&theme=j5gd2,0
https://cloudflare.com/xxvz.css?theme=kdawg&q=ftcy2,0
https://facebook.com/dfdozllf/knpwmd/etq/lbvede,0
https://netflix.com/pixelyoursite/dist/scripts/public.js,1
https://cloudflare.com/tracking?referrer/irc,1
https://facebook.com/sytjoy/iyh.css,0
https://amazon.com/xxkhings/vrxyo/dejrzbo.css?id=tjbog&id=7cq67,0
https://&EventType=DataDealImpression&/cznwqpx/fstj/pyfupuc?affiliate879=iikqnn,1
https://youtube.com/cpixnjcj/naqv/leigarw.png,0
https://cdn.shopify.com/analytics/comscore.js,1
https://instagram.com/tfcnpsd.js,0
https://wikipedia.org/gbn/jqr/nikmoc/zkyoueig.png?theme=7qska,0
https://cdn.shopify.com/gtcktm/aiymdk/vcfgnywx.js?theme=ir25w&id=gujca,0
https://?action=event&/tia/dsoqs?affiliate935=uyhljr&utm_125=hwzsrv,1
https://youtube.com/wrwmklax/uegxrbu.woff2,0
https://instagram.com/dsuzlfjn/tbhwb/lhla,0
https://reddit.com/log?uuid=/deqc/xddlpmxf,1
https://facebook.com/nlzi/qrztsio.jpg?lang=88fwg,0
https://netflix.com/obPixelFrame/*/pjoh,1
https://instagram.com/cmp/messaging.js/qcy/tniizxem,1
https://cloudflare.com/tracking/events?/noepy/jou,1
"https://linkedin.com://l.*/counter.php?id=$script,~third-party/wzem",1
https://amazon.com/xsvs/oonyasuw/fmrnokz/uqf,0
https://cloudflare.com/oudt/wshao/xqvmzbos.png,0
https://cloudflare.com/tfhknsuo/qeoiw/lhyeok,0
https://reddit.com/qnrgpus/tgy/hqrmktw/hdru.woff2,0
https://cloudflare.com/urcfpr.js?lang=ua8fy&lang=xazlh,0
https://wikipedia.org/brx/heo/bprek/rde.woff2,0
https://linkedin.com/pvaseri/rayi.jpg?q=2eqgn&view=qswld,0
https://cloudflare.com/zqcudqio/pea.woff2,0
https://cdn.shopify.com/bukqjmr/hkcckddb.svg,0
https://amazon.com/lln/msz/cmxwz/vnf.png?lang=evlek&view=aj9ft,0
https://google.com/znhqledz/usjfr,0
https://cdn.shopify.com/oynjvtk/dnezrf/fpl/volj.jpg,0
https://wikipedia.org/gprggctb/rdicejw/lfmhwp,0
https://youtube.com/bluekai.min.js/synoz,1
https://youtube.com/trackingTools./jbjhq,1
https://youtube.com/vhncgd.svg,0
https://linkedin.com/gzfnjzwm/yhbmerke.ico,0
https://apple.com/wutime-adblocktracker/*,1
https://cloudflare.com/wf-beacon-/kipt,1
https://reddit.com/aqplvrwr/ullaqry/gmj.css,0
https://wikipedia.org/lvyggyd/tldil/memo.woff2?q=jss47&theme=whhap,0
https://youtube.com/cpdy/madxvd.png?q=ucexj&view=6fmzo,0
https://cloudflare.com/jlq/avjck.ico,0
https://reddit.com/popu.js$script,1
https://linkedin.com/eqxaovw/sbdabmh,0
https://wikipedia.org/loknsdg/myto/tqymogb/llkkoviq.css?id=waz1p,0
https://apple.com/unsc/cfxw.jpg,0
https://reddit.com/bzzd/ureh/iiiy/mzslcf.woff2,0
https://instagram.com/HitCounter/*,1
https://cdn.shopify.com/vmhr/syxlwub/npkvkpt/hgywqd?q=359il&page=anfs9,0
https://microsoft.com/clxhwbs/drfoja,0
https://apple.com/rkrt_tracker-viajs.php/cvf/djt,1
https://microsoft.com/zwy?id=sv18o&id=1plfq,0
https://google.com/mvhi/muogyai/koshm/xjn.ico,0
https://adobe.com/qss/fdb/azitjxp?view=f9zsn,0
https://facebook.com/hkkrj/ykaqr/vhnb/uecqlo?theme=zr4ag,0
https://google.com/rubflc?lang=apayp,0
https://cdn.shopify.com/dowjov/ttwkzyh/nrxrmp.png,0
https://cloudflare.com/qnmropus/kse/ypoh/rdxe.svg,0
https://cdn.shopify.com/lpvzzper.png,0
https://instagram.com/lkb/mfv/yfdwp/ajri.ico,0
https://wikipedia.org/rzrtghix,0
"https://$csp=child-src 'none'; frame-src *; worker-src 'none',domain=thepiratebay.org|vidoza.net/ryivoxs/qgepoqqd?cid297=irctct",1
https://reddit.com/hptyfbxf/sqefrn/cqju.ico?page=tbyfw&page=wnx8k,0
https://linkedin.com/dehsnnad/slejlbqs/duieijvy/ctg.css,0
https://cdn.shopify.com/npoqj/trwblh/novz?q=l4nqa,0
https://.js?id=GTM-/vcrd/iidpo/eylwp?utm_794=ifezql&utm_492=ixoanq,1
https://reddit.com/ntwxu/ccmkzqy.woff2,0
https://youtube.com/iwkbw/vsl/gzgzijj/dtaok.js?page=abzf3,0
https://microsoft.com/logImpressions?/war,1
https://?logType=trackEvent&/qba?utm_179=emzyra&campaign746=qtijzf&ref=770=ixbmix,1
https://facebook.com/qbvr?id=l52xh&id=cy89k,0
https://apple.com/openpixel.gif?,1
https://google.com/htpzwxgh/watstfib/xvcio/ahqzb.js,0
https://apple.com/valnet-header.,1
https://twitter.com/yapzmj/muxnznx/pdvuzli,0
https://netflix.com/htlco/bbx.js,0
https://apple.com/ziiopdk/oevtdis.png,0
https://wikipedia.org/wkmqgpgf.svg?lang=anwps,0
https://microsoft.com/xsgm,0
https://google.com/rklcbm/kwc.png,0
https://linkedin.com/ihlryr/tbqp/jpjfezm/mmokvjrq.js?theme=cuy2s&page=m5uqa,0
https://netflix.com/_vercel/speed-insights/script.js/qxwgweje,1
https://twitter.com/zhassfv/fdponsh/ply/agpng.png?lang=l9gs5&theme=i9pf5,0
https://reddit.com/hpefr/hplezd/mjt.js?view=in7k5&id=97p6m,0
https://netflix.com/tfmju.css,0
https://youtube.com/jdzrrsp/vhzoxx/mqqr/wscgxpq.js,0
https://netflix.com/ls.gif?/wdm,1
https://wikipedia.org/eslnehfl/xxvnebc/frc.jpg?q=uz6z7,0
https://google.com/xweops/iatjtsaa.css?id=ohcqz&id=lzehf,0
https://?action=tracking_script/kly/pwuxr?cid153=kyjrvv&affiliate220=ndzcae,1
https://twitter.com/luyhvh/ksnyr/giterv/plnqsp?view=m95qv,0
https://wikipedia.org/jkpvpegn/cytvc/pcih/iejqtbk,0
https://_c.gif?c=/hkunxp/wwtnfdvu?sessionid042=rhiwmn&cid860=ssldzt,1
https://wikipedia.org/jcxcwu/uffusr/rmzs/irxzhr,0
https://netflix.com/szf,0
https://cdn.shopify.com/wpstatistics/v1/hit?/iaqt,1
https://amazon.com/ldezrt?page=rm1dt,0
https://instagram.com/yqc/ifachtre/bbl/jncwiet.js,0
https://adobe.com/pfkhk.ico,0
https://microsoft.com/ejoljhf/fkrdyt.woff2,0
https://reddit.com/qla/llwa/tll/bnidif.jpg,0
https://netflix.com/shba/nrmgoyy/uehb,0
https://?action=track_visitor&/fat?ref=023=losmqs&sessionid415=khmpoh&utm_767=jcxsor,1
https://amazon.com/_visitcount?/pmw,1
https://facebook.com/googleAnalyticsTracking.js/vimal/tvubkf,1
https://adobe.com/ktsavmt/ldtahb/ezijlyt?page=uanri&q=q1vks,0
https://amazon.com/yzbwnu/hvanyfg.jpg,0
https://netflix.com/tphhkwvt.js?page=8s54l,0
https://facebook.com/mlk.svg,0
https://microsoft.com/fjtjiq/cjdrosac/dpz,0
https://linkedin.com/val/zaxs/lipybg.css?view=xu4s0,0
https://apple.com/track-the-click-public.js/jdz,1
https://youtube.com/pagedot.gif?/nrh/fnndnsay,1
https://cdn.shopify.com/dldkpa/pkm/thqgzwz/idiy.svg,0
https://cloudflare.com/qmlb/hicgebl/leoewqoc.ico?theme=j7zmr,0
https://twitter.com/ssewbxy/zpd.jpg,0
https://linkedin.com/hit.t?/rjpxd,1
https://reddit.com/webtag.js,1
https://twitter.com/mbz.js,0
https://netflix.com/ping/pageload?/awwfl,1
https://cloudflare.com/acctag.js/wwkw,1
https://adobe.com/.well-known/shopify/monorail/yme/rcazlidv,1
https://adobe.com/jcatxu/urw/cevk,0
https://cdn.shopify.com/shjexy,0
https://instagram.com/adobe-analytics-$domain=~business.adobe.com,1
https://apple.com/trrxxmn.js,0
https://reddit.com/xxiavc.css,0
https://youtube.com/track/hit.gif/vyjfyk,1
https://google.com/apy.svg,0
https://reddit.com/rgefp/sbclcav.png,0
https://reddit.com/dgm.woff2,0
https://cloudflare.com/ptlobsbn.jpg,0
https://amazon.com/bk-coretag.js,1
https://google.com/dot.asp?,1
https://apple.com/cgi-bin/hits/*/tda/rlylfvhe,1
https://microsoft.com/rhrhf/bdcxb?theme=b4ujg&id=22twg,0
https://linkedin.com/nfl/obrixwjk/gadouwv/prhxicr?theme=h0i2l&id=td88d,0
https://amazon.com/rhrfher/qdzq/qrh?theme=dvdhn,0
https://reddit.com/v4/analytics/*$~xmlhttprequest/jck/wkisew,1
https://linkedin.com/fcikmit/tnxxoeq/wnbomni.png?theme=4oqvn&view=ynwdj,0
https://wikipedia.org/hjqzcs/nfmzbid/yryevas.jpg,0
https://facebook.com/mixpanel-init.js,1
https://cloudflare.com/golxv/grr.png,0
https://youtube.com/nkgpxb/tqcab,0
https://_chartbeat.js/kjeqee/ixpucqbz?affiliate367=zeaczh&campaign721=sgnjtq&affiliate829=jgmkky,1
https://wikipedia.org/dyfklytc/ujzqy.svg?id=sblyk&page=iuwez,0
https://linkedin.com/jquery.google-analytics.js/yvaddt/qqjprjd,1
https://wikipedia.org/smg_tracking/js/onthe.io.js/yiinem,1
https://apple.com/tilfxc.png?id=2yu40,0
https://reddit.com/fp/es.js/hgashvo/zzk,1
https://linkedin.com/LogRecorder.php/urfw,1
https://microsoft.com/cklog.js/eghzl,1
https://apple.com/gukvq/cpkndgt/zeeuvzws/wpxk.js,0
https://twitter.com/uwlzwfo/igkmf/bcfxed/dupdlt.css,0
https://twitter.com/uiyp,0
https://facebook.com/scys/udmnknq.jpg,0
https://netflix.com/rqzazwx.ico?view=vzbz4,0
https://reddit.com/yujhqmun.js,0
https://google.com/jquery.trackstar.js/kwteytbj/drni,1
https://linkedin.com/service/track?,1
https://amazon.com/aiwnzzot/zyr/wenol/jsofk.css,0
https://cloudflare.com/jgxwv.js?lang=aub9f&view=bx3b8,0
https://twitter.com/np?log=,1
https://amazon.com/wivlnq.js,0
https://amazon.com/sxwshy/qehtzctz/byu.jpg?page=1wtgv,0
https://cdn.shopify.com/tag?tags=,1
https://cloudflare.com/zwxqr/dql.svg?id=t045l,0
https://apple.com/sckc/otkryrwi?page=1fico&q=kv9xi,0
https://youtube.com/zhtg/ggx.js,0
https://wikipedia.org/fywcin?view=tfsh3,0
https://apple.com/err0r/rum/*/qbiqdybo/vgvgtyi,1
https://cdn.shopify.com/VisitSite.js/cghoflj/bsox,1
https://adobe.com/kensqi.css,0
https://facebook.com/collect?callback=,1
https://twitter.com/pxre.php/bcwzoftv/rmrdm,1
https://facebook.com/mkdb.css,0
https://&ev=PageView&/wizpav/hpqmpt/rrvrt?cid660=qlruwe,1
https://microsoft.com/vvpoyr/xvqv/aojxvgq.css,0
https://microsoft.com/tytociua/ipwusqix/nudnjm/qtcy.js?q=y9xop,0
https://microsoft.com/xley.woff2,0
https://cdn.shopify.com/lpedxl/jjs/uzqmfjv/ksingc.png?theme=5rg8w,0
https://instagram.com/ebscepz/jbo/ejlrlaa,0
https://google.com/qtkpi/avy,0
https://adobe.com/tkikfou/xxwzklj.png,0
https://amazon.com/pixel_tracking?/znpqq,1
https://cdn.shopify.com/omniunih.js,1
https://.gatracking.js/ltamanfe/ndmz?utm_049=xgpxzq&campaign976=lnvqsn,1
https://cdn.shopify.com/vmijqooq/fvas/dkx.js,0
https://microsoft.com/fxhhpx/ahe/dyr/tvagytmb.woff2,0
https://google.com/plugins/status.gif?/ssow/llubiiuf,1
https://?event=performancelogger:/jjmtqx/forkwehs/vbpl?utm_875=pdwgef&utm_981=onkfbz,1
https://adobe.com/hxs,0
https://instagram.com/hgxooee/vzja,0
https://instagram.com/event.cgi?/locx,1
https://microsoft.com/api/log-visit/adaoh/xzlxa,1
https://amazon.com/bf.gif?ac=/bokdmdn,1
https://youtube.com/cta-loaded.js/gblg/kwdkqb,1
https://netflix.com/adlogger.php/ezv/qyfj,1
https://cloudflare.com/zmzbjhx.ico?id=dmggy,0
https://wikipedia.org/icb/lansyes/plpo/aspb.png?page=avw89,0
https://adobe.com/hgceeumz.woff2,0
https://facebook.com/stattracker-,1
https://cdn.shopify.com/ynlxnbh.woff2,0
https://cdn.shopify.com/uen.css?q=u1c1n,0
https://instagram.com/beacon/affiliates/sitbk/otfsg,1
https://cloudflare.com/logaholictracker.php,1
https://wikipedia.org/uulzcx/gtwcf,0
https://microsoft.com/PixelTracking.js,1
https://google.com/eswdgmg/lkac/zvn/uctdydh.css,0
https://&EventType=DataDealImpression&/xfmpw/jrdo/boicg?affiliate006=ypozhz&cid923=fiaczo&sessionid422=otvgaw,1
https://twitter.com/postview.gif?/qvhc/rqwhxdw,1
https://adobe.com/teg/donik,0
https://?action=impression&/osm/fhvc?utm_025=dcaody&cid973=yckujv,1
https://amazon.com/hbipxv/seuw/wetoo?page=b7mg4&id=du4qc,0
https://instagram.com/yitobtvw/akiae/qjzlu/krvygw?page=aladw&theme=k83ub,0
https://cloudflare.com/bfabaue/wzjqd/hclpool/enuqs.js?lang=532d2,0
https://facebook.com/comscore_beacon/*/tjmg/ddy,1
https://netflix.com/BKVTrack.js/cjkvoucr,1
https://netflix.com/analytics-event-adapter.js/vbjpgyh/prwdyoha,1
https://instagram.com/roiengine.js/hvkg/vfwql,1
https://microsoft.com/zjjkmkv/ngeqe/mxsa.woff2,0
https://facebook.com/rrweb.js/mlwthutx/aacia,1
https://amazon.com/?livehit=/npcwefmf,1
https://microsoft.com/addLinkerEvents-ga.js/fshjcsms/zzayjm,1
https://-didomi.js/pusjxfg?campaign706=wbuilu&campaign538=dnldcg&affiliate753=olmgbp,1
https://adobe.com/site_statistics.js,1
https://?log=xhl-widgets-events&/dwtvy?sessionid826=cvbgpl&cid055=nfizep&campaign185=yeozyb,1
https://wikipedia.org/opi/simyywl/dafqy/lcdxloff,0
https://youtube.com/sophus3_logging.js/fzdgv,1
https://linkedin.com/tfbued/nku/ixgdf.css,0
https://twitter.com/tongji.js/nuw,1
https://netflix.com/api/ipv4check?/rsfzgpi/ssbzb,1
https://reddit.com/cyh/zfge.css,0
https://adobe.com/figanalytics-short-ttl.js/gsgcdyo/fekrlo,1
https://twitter.com/xlwskj/cpf.woff2?view=nrx7v,0
https://amazon.com/vubmlezb/avqwubiy/rubaxopk.woff2,0
https://facebook.com/iueadmas/qwogjar/vfhak/ivyc.png,0
https://instagram.com/adobe/visitor-/unrcvjyf/pwea,1
https://google.com/uyaz/mjvmhno/zwe/tgqiji.css,0
https://wikipedia.org/impressions?$~xmlhttprequest,1
https://twitter.com/hapatufa/wnwpg/fvadqj/qvl?lang=7bqr9,0
https://reddit.com/dtttirv/icm/ysxkvb.js?theme=5cefd,0
https://instagram.com/swliqno.ico,0
https://instagram.com/lvzpm/nqhksxis/urr/lnyfsye.jpg,0
https://cloudflare.com/cfizbk.png,0
https://wikipedia.org/ukux?page=1cwsr&q=2lxnk,0
https://linkedin.com/mnfwuo.jpg,0
https://youtube.com/cgi-bin/refsd?/ajbbx/fbe,1
https://apple.com/qtlm/fzrlwf/ntevdhxf/eth.png,0
https://apple.com/tosf/scixpeq?lang=w7dgu,0
https://google.com/xssakah/mfpyttr/xkis/pvfikp,0
https://microsoft.com/tcefcbd/gazjyx/kskkfhgp/bwil,0
https://twitter.com/qjzucym/tvf/fvwyoh/pyt.jpg,0
https://adobe.com/qgxmsrer/jxouxdr/rtqcgcyw/rudx.jpg,0
https://netflix.com/fvktlqjq/xwk/zzkm/xxyptb.svg,0
https://reddit.com/sdctag2.js/iiarbt/dksyt,1
https://reddit.com/stzzef,0
https://-inview-tracker./nvkhwy/vlrq/yvffq?cid327=lokuhf,1
https://netflix.com/lvmzhzro.woff2,0
https://facebook.com/SiteSearchAnalytics.js,1
https://netflix.com/jgvovsvm/knbk.css,0
https://cloudflare.com://elqtrk./kcuzqg/bsfddhv,1
https://cloudflare.com/hints.netflame.cc/*/munvo/lnvz,1
https://instagram.com/jyslyab/zels/ptjqure/gkhjmahr.woff2,0
https://adobe.com/uhufyd/ycmfks.svg?page=kc24a&lang=a0gz4,0
https://wikipedia.org/sentry-logger.js,1
https://cdn.shopify.com/xyldf/bhwibakr/fhpbxdi.js?lang=crlea,0
https://cdn.shopify.com/userfingerprinttoken/*$xmlhttprequest/wylu,1
https://reddit.com/mid.js?view=yrbwa&view=4yhui,0
https://netflix.com/dgoi?page=bq366,0
https://google.com/collect?r=,1
https://twitter.com/trackjs.$domain=~trackjs.com,1
https://cloudflare.com/vuvjnuno/bobxji,0
https://linkedin.com/gzn.ico,0
https://facebook.com/dtjdesi/iqd/oeidxoa,0
https://linkedin.com/udktoxc,0
https://microsoft.com/logaholictracker.php/zdeel/lkgxp,1
https://microsoft.com/vglnk.js/hcv,1
https://microsoft.com/fypb/aoj/zzawqte/zqhxvbf,0
https://reddit.com/rrh/pvq.ico,0
https://twitter.com/ryesjrm/lqnjvpb/vzhocthv,0
https://instagram.com/snowman.gif?p=,1
https://.v4.analytics./vxkwnt/gspu?ref=059=xanedo,1
https://microsoft.com/eiq/rjeiv/keypmaz/aohstrx,0
https://cdn.shopify.com/sp-2.0.0.min.js/ywtej/lyrnuc,1
https://?event=impressions&/zommtwq/dfawmagt/hhuatm?campaign903=cafkhf,1
https://twitter.com/pcj/uqax.ico?theme=oxa3h,0
https://reddit.com/pfrpexsv/hljs/jdigefwt/zkzw.svg,0
https://apple.com/bfklez.ico,0
https://instagram.com/aaxqxzu/phctv/eyv.css,0
https://netflix.com/bf.gif?ac=/gqm,1
https://microsoft.com/log/metrics?/tuypjq/rsea,1
https://microsoft.com/mrss/aeoggvgm/rparnq.woff2,0
https://linkedin.com/qbx/uriud.svg,0
https://youtube.com/fthqm/efnzfe/hnhsi/dnpi.js,0
https://cdn.shopify.com/inba,0
https://.v4.analytics./dqdaqny/bpleumhz?affiliate421=mrvzwy&cid881=koqpws&campaign638=efpfpp,1
https://wikipedia.org/zkio,0
https://cdn.shopify.com/quant.js/mpihy,1
https://microsoft.com/obtp.js/qybxptso,1
https://cdn.shopify.com/sitestat.js,1
https://adobe.com/log/web?,1
https://reddit.com/mhsfqd/ijccxyc/bwfjj.jpg?view=gq0h8,0
https://apple.com/uudxq/jykkyn/ikh.svg?theme=l3rcj&id=5qr6c,0
https://cloudflare.com/fql.svg,0
https://facebook.com/onzqyalq/pkvgy/sowzi/jxbuwa.css?id=ny2id,0
https://wikipedia.org/kwcrqlu/bgjmp/gqoesc,0
https://wikipedia.org/uqhptjfa/qjk/mgbf,0
https://reddit.com/ltaxwde/erbbxx/iehjpiwf.css?view=9wq90,0
https://amazon.com/xdrfwhgb/phimq/xqq.js,0
https://instagram.com/pfcahhh/qvjnmt.woff2,0
https://twitter.com/cbluodr/luwy,0
https://wikipedia.org/sfdc/networktracking.js/xwhrc,1
https://cdn.shopify.com/uahtt/dycj,0
https://google.com/tzunb/acdr.jpg?page=yo8ce&view=no2ot,0
https://facebook.com/oo/cl*.js?rd=/marcbslk/ucdnmyl,1
https://netflix.com/mclrnqbx/zeugvz.css?q=ima89&page=kj3td,0
https://adobe.com/sgwkm/efxjt/rwdobcvv/bzjsl,0
https://instagram.com/ezunw.ico,0
https://youtube.com/tzao/xrnydpr/fyq.js?view=xha1n&lang=1gcl5,0
https://reddit.com/madb/hys/qnatu/wnznk.js,0
https://netflix.com/cooroo/jnwvl/atzno.js,0
https://###cxense-recs-in-article/jdc?affiliate817=tstfvr&cid207=oqfvtd&ref=321=ogrrhf,1
https://youtube.com/combiefh/cwwrcm/gxddysrp/acxaj.jpg?theme=kbz6h&lang=bc87y,0
https://adobe.com/cnt/start.php?,1
https://microsoft.com/beacon/stats/wzdk,1
https://reddit.com/veqcljxr/gwlkug/cvj/wjwe,0
https://youtube.com/ojc/rktnc/rwqcipql.ico,0
https://cdn.shopify.com/hhg/ulhwxgwf,0
https://google.com/gmyv.jpg?id=7f2c4,0
https://facebook.com/aggbug.aspx?,1
https://google.com/nsiyejsi/slgjpaax/xedzkt.ico,0
https://cdn.shopify.com/xqcjam/ghz/imwcqqs/nihw.js,0
https://google.com/mfx/apusjshf.ico?q=r6u3y&view=p9i30,0
https://reddit.com/collect?iid=,1
https://netflix.com/xrhdaul.ico?page=pg57p,0
https://.skimlinks.js/gnhl/njk?affiliate091=oiwdkg&cid828=eoqxbb&campaign261=dqsphn,1
https://cloudflare.com/sjylekif/lciof.png,0
https://_nedstat.js/mdstz/vula?utm_968=hzsllz&affiliate141=grzkuj&sessionid021=gcppqj,1
https://youtube.com/pbkjs/fdaunvl/fkkxm/ryripr.ico?id=0g58m&view=vjrkm,0
https://cdn.shopify.com/eipxtk.jpg?lang=q73wc,0
https://linkedin.com/hbtlcl/udthe.woff2?lang=txda6,0
https://reddit.com/uecomscore_cmp_event_mundo.js/kkptcib/neis,1
https://wikipedia.org/comscore_beacon/*/yqxwwggg/frpn,1
https://linkedin.com/track/client-event/*,1
https://.gatracking.js/nqlmbogn?cid637=yukrmc,1
https://amazon.com/emavoup/adsb/owitmu/iqibwosm.ico?page=mpytg&theme=hfj9l,0
https://google.com/xpkebybr/ygcebxj/kgnv.woff2?lang=fvchp,0
https://linkedin.com/revinit.js/yyyuw,1
https://cloudflare.com/unkggo/eiddxs/llvrxbqv/lxdnsjdt,0
https://amazon.com/iblew.svg,0
https://reddit.com/zvlqrft/fdqqv/wmbmda?q=tgkh6,0
https://linkedin.com/tuaida/bnsumlpo/dknzonka.css,0
https://cdn.shopify.com/cknnawt,0
https://adobe.com/uoru/yeohinki.js,0
https://netflix.com/tqz,0
https://youtube.com/ljqwij/fzszmn.css,0
https://instagram.com/gaEvents.js/ulhilz,1
https://netflix.com/rbqwm/fbebwnx/zdjujn/yxvw.png,0
https://wikipedia.org/npvtqd/dmrkp/eiaazlh.png,0
https://netflix.com/track/svbaff01/*/zti/iiippep,1
https://netflix.com/tspqhhm/lrpkg,0
https://apple.com/plstvrmi/eaer/mesiiob/hwv.js,0
https://adobe.com/readthedocs-analytics.js,1
https://apple.com/ipozkgkx/pjhdeo.jpg,0
https://microsoft.com/plugins/visitors-traffic-/wlg,1
https://&pagegroup=*&url=$script/ubvaf/aebhdgtv/jxijhcir?affiliate298=kbvwfw&sessionid169=stsxvg&campaign819=ppvlrs,1
https://facebook.com/vqyvusdq/gtx/ztkrq.css,0
https://apple.com/standalone-analytics-/kbukrcm/wzrclvyd,1
https://youtube.com/kmbck/uhdeo.svg?lang=x7sj0,0
https://cloudflare.com/log-view.js/jdu/jsexhq,1
https://linkedin.com/pbfnvrqb/nbsowy.jpg,0
https://amazon.com/rook.tracking.min.js/zxdjfu/eiwinq,1
https://reddit.com/jvx/ioocvu/git.css,0
https://youtube.com/wzseochc/mtqm.jpg,0
https://twitter.com/inhsszox/ndgmpb.ico?page=w5abs,0
https://cdn.shopify.com/nqrqg/tpxtcw.js?page=et5o1,0
https://amazon.com/njvdqwhx/nrcdcr/rgvoi.css,0
https://google.com/tagmanager/event?,1
https://linkedin.com/knowbios.js?theme=iw0gj&q=9ai39,0
https://linkedin.com/cx_tracking.js/ihh,1
https://youtube.com/yvsntxy/uul/wuzvawi.png,0
https://microsoft.com/xbs.js,0
https://_stat_counter.php?/vivfz/ssx/nqbpyk?affiliate267=ckhroh&affiliate030=spujqh,1
https://apple.com/zgovsprp/ponizf/xvcvi.png?theme=y48bu&page=2pj9r,0
https://youtube.com/xdvtxykf/fomyuzp/umjo.jpg,0
https://linkedin.com/xvamin/exiuk/cevlso/obanuph.css,0
https://instagram.com/dot.gif?/gsfsxaa/rclngc,1
https://amazon.com/xejhs/mdqt/kacye.ico?theme=u9rpc,0
https://cdn.shopify.com/fvwpmln/khmz/epap.css,0
https://netflix.com/duuyl/jajwhtzb/wvu/kiuipd,0
https://google.com/fgkevnlb/bccpn/xbrccmq/vkshof.ico?page=5z3f1,0
https://wikipedia.org/statcounter.js/idapgi,1
https://youtube.com/ba_tracking.js/hgsi/qwwp,1
https://adobe.com/johduj,0
https://adobe.com/eltqwjue.jpg?lang=cly50&theme=j9d70,0
https://facebook.com/warrpi/tukt.jpg,0
https://facebook.com/qhjay.woff2,0
https://wikipedia.org/wvmecsm,0
https://microsoft.com/qsr/jne,0
https://_chartbeat.js/rzky/kzk/tqauk?ref=402=mfyzaq&cid552=ghykbo&utm_322=ccowzw,1
https://instagram.com/nqzslhu/vve/lcxgc,0
https://microsoft.com/vissense.js/qxh/besbketq,1
https://reddit.com/ahysmzy.ico,0
https://youtube.com/adstats.php/vgyg,1
https://netflix.com/stwc/code.js/vwck,1
https://netflix.com/gatag.js,1
https://twitter.com/hits/logger?,1
https://instagram.com/pixeltracking/sdk-worker.js/uflj/qdjyftrm,1
https://twitter.com/ualzz/hzhdn.ico,0
https://linkedin.com/i?stm=/ujz/lrqw,1
https://cloudflare.com/aff_i?offer_id=/cdlm,1
https://wikipedia.org/log?count=/vejzmdsi,1
https://cdn.shopify.com/sourcepoint.js,1
https://cloudflare.com/nhhcmvdv/xpoko/ttai/hxbii.png,0
https://wikipedia.org/wnt?id=xdknf&page=tk19u,0
https://facebook.com/ftzdk/lxhe.svg?id=ukqjj,0
https://youtube.com/chxjs.ico,0
https://&EventType=DataDealImpression&/kvomo/vzzagw?affiliate329=zolfuw,1
https://netflix.com/ping?referrer=,1
https://google.com/rtwaxz/cod/kfodlp.svg,0
https://wikipedia.org/owtxegx/ztpc.jpg?page=9q5lr,0
https://reddit.com/ga2.js/ltdgxvaq,1
https://youtube.com/rtmrx,0
https://instagram.com/dye/rikxct/rvvgwapo.css,0
https://facebook.com/uipdjyih/breh/amq/pjxvcxts,0
https://?event=log&/pcfs?campaign350=sxkmze&affiliate669=kqovqe&ref=640=hvqpfk,1
https://google.com/xahjr/nzcvteft.png,0
https://amazon.com/zqehuqct/kujsmnsl.svg,0
https://cdn.shopify.com/dqj/lnlf/zyyt.jpg,0
https://wikipedia.org/svs.gif?,1
https://wikipedia.org/ogsh/qddvu/vhuaya.jpg,0
https://youtube.com/obplr,0
https://youtube.com/ygposcog.woff2,0
https://cloudflare.com/mgx/powiuh/mledc.svg,0
https://netflix.com/ping?h=/zlwbsq,1
https://adobe.com/ixtrlfu/nwa.woff2,0
https://apple.com/lkvcp/kvp/vedfzapl.jpg,0
https://adobe.com/oplms/nmpz/lgkenpw/lthah.js,0
https://amazon.com/cxkmctsw.png,0
https://google.com/rnnkxrmo/brh,0
https://amazon.com/fiosw/mwun/tiesxrhp/nvb.jpg?page=941a9,0
https://instagram.com/analytics/capture/*/ewlt/xrxx,1
https://?action=statsjs&/itspcrfu/necu?cid122=rbqwsd,1
https://amazon.com/akmdauq/nzxb.js?q=9rvc2&lang=ai2xv,0
https://netflix.com/tr/pageview/*/kczlshko,1
https://netflix.com/ujbpv.png?theme=biyz1&theme=c54j2,0
https://reddit.com/zvj,0
https://netflix.com/iiaaja/tsxtj/jbncfaq/qiqxmycj.png,0
https://cloudflare.com/qiq.svg,0
https://facebook.com/pmfzjg.jpg,0
https://cloudflare.com/SessionHit.aspx?/jhzl,1
https://linkedin.com/jrpbvds/hnmu/kzd/ooaavesx.png,0
https://google.com/wukpvsf,0
https://_imp?Log=/xhxdv?utm_469=oajuia,1
https://facebook.com/hxkh/gsjcopq/zlmaboyn.ico,0
https://cloudflare.com/udcgqfxh.js?id=18zo1&id=regyj,0
https://apple.com/logcollect.js/tetymg/soxorfd,1
https://amazon.com/pixel.*/track/*/mquhzgt,1
https://google.com/yzgtpri/uimtbu/jkll/rjrozcc?view=znso9&q=nbbkr,0
https://cloudflare.com/ric/gwzup/gdano.png,0
https://facebook.com/busmk,0
https://instagram.com/b/ss/*/JS-/qojbf,1
https://cloudflare.com/nogx.png,0
https://twitter.com/wmbczsa/jiund/wmlurz.woff2,0
https://linkedin.com/huischmo,0
https://youtube.com/article_hit.php?/xtazkxbw,1
https://twitter.com/trackerPageAnalytics.js,1
https://linkedin.com/wp-sentry-browser.min.js,1
https://netflix.com/dmnownwh/jsrbp/mzuczz/ocphfhm.woff2,0
https://microsoft.com/wobdvv/apxph/aydm/rtj.woff2,0
https://apple.com/monitor_analytic.js/sdqrq/ggmqdjy,1
https://instagram.com/gmr/cjm/vusj.jpg,0
https://youtube.com/balbkjg/hxej/unedoh/lkguksz.css,0
https://amazon.com/dxab.png?view=ak8ng,0
https://google.com/koefpx.png?lang=kt0iw,0
https://reddit.com/lrnsph/noymjky.woff2,0
https://instagram.com/stnu/cyenzr/npylt.js,0
https://google.com/nchale/wrwa/ftqi.jpg?view=r7adb&page=j9iar,0
https://instagram.com/arzp?lang=nxdht,0
https://wikipedia.org/akxoav.jpg,0
https://microsoft.com/sdxtipmt/uosr/kmxvg/rncdfhh.svg,0
https://google.com/mzlfrxxd,0
https://twitter.com/xwaeqg/eufxima/nfdpuin/odd.css,0
https://amazon.com/sensor/statistic?/xqye,1
https://wikipedia.org/adtrk/tr.gif/aofuclx,1
https://cdn.shopify.com/fingerprint2.min.js/ngll/wxo,1
https://reddit.com/bingimpression?,1
https://youtube.com/repm/opewmw/mba.css,0
https://microsoft.com/lwepebdy/slbbds,0
https://facebook.com/tags.js?org_id=,1
https://google.com/bxyjdv.js,0
https://linkedin.com/pxlljhz.svg?view=vtb8l,0
https://?log=player_*&stats_tkn=/tkzdxgu?ref=045=hoqnlq,1
https://amazon.com/qfjvm/xydb/ktcoxpo.js,0
https://microsoft.com/fagl/zyfbzyv/xmver/egxpt.svg,0
https://adobe.com/iygfe/dtpd/tmshl/emcaqyl.jpg,0
https://google.com/hlgp/nimi/orix,0
https://wikipedia.org/hgzkr/krjht/sya/bxzwtaw.svg,0
https://reddit.com/yad_sortab_cetlog.js,1
https://cloudflare.com/exittracker.js/jueci/fayyjf,1
https://microsoft.com/xihmxig.ico,0
https://netflix.com/ijeny/lght/qbl.png?view=sqlp7&lang=mgmb2,0
https://cloudflare.com://fallback.*/collector/yeuhkhr,1
https://amazon.com/__sttm.gif?/neathu,1
https://netflix.com/obPixelFrame/*,1
https://linkedin.com/mjqo/twwypur,0
https://netflix.com/article_counter.php?/kgnd,1
https://google.com/ttcbmsor.png,0
https://cloudflare.com/gls/hbj.png,0
https://youtube.com/hynqu.jpg,0
https://cdn.shopify.com/somtag/logs/*/gjesz,1
https://microsoft.com/frlbc/rsgmj/gvlacryt/ixahv.js,0
https://wikipedia.org/amp/analytics,1
https://cloudflare.com/uulcg/pdqzpgb/zwdvn/mybb.svg,0
https://youtube.com/eduv.js,0
https://apple.com/user-context?referrer=/frboa/amfpq,1
https://cdn.shopify.com/vljithau/esn/kkiecmlk/frtkeakx.woff2,0
https://youtube.com/hgct?hc=&hb=*&vjs=/ssvtomfj,1
https://linkedin.com/ysmhuwf/lhsw/xxn.jpg,0
https://cdn.shopify.com/mztt.png?view=jvwns,0
https://youtube.com/ping?h=/fvvqwe/fgax,1
https://youtube.com/ykrnb?lang=pina7&lang=glqll,0
https://cloudflare.com/zawxqur?lang=xe8c6&page=mflej,0
https://facebook.com/site_stats/*,1
https://?log=xhl-widgets-events&/cqbwfbqf/eymw/eqcetb?cid048=mmmhxj&cid352=pqwjmc&affiliate904=kelclc,1
https://reddit.com/qkh.png,0
https://reddit.com/rlz.png?lang=kovwr&q=bm6l8,0
https://adobe.com/rhlmue/xsw/cmmq.woff2?lang=9e6z5&lang=2to7l,0
https://google.com/tbgt/ymppe,0
https://?log=player-*&stats_tkn=/nmspyivw/vpmzas/lchj?campaign437=uzqsav,1
https://apple.com/analytics-dotcom/*/xnqjeaf,1
https://facebook.com/ydglf/xsjzxt/bmad,0
https://reddit.com/zfoy/xrmzvj/ralqqlu/rpwxpp.woff2,0
https://wikipedia.org/counter5.min.js/mix/uhyhnph,1
https://amazon.com/yuivw/gwcw?theme=fgxxp,0
https://cdn.shopify.com/ppty/mzbld/oufazhu/icavkzw.png,0
https://wikipedia.org/fya/rmhedrxp/vibxat.ico,0
https://.gif?Log=/sier?affiliate882=omlwcp&ref=154=xmewgw&cid851=lzsarm,1
https://apple.com/njtw/wqfxuwl/xbgjjxch/ytptels.woff2?theme=nw9t6,0
https://cdn.shopify.com/kzumqkwg/kaeeiuu,0
https://netflix.com/jma.jpg?lang=3kguq&lang=zkc5x,0
https://amazon.com/syky/heuo.css,0
https://google.com/zjlve/mcqcilyk/stivox,0
https://amazon.com/vcpq/mxxyyo/hhba.jpg?lang=cwjl5&q=puac1,0
https://cloudflare.com/pinger.cgi?/glkc,1
https://cloudflare.com/qqfpotu/wfftfk,0
https://reddit.com/report_visit.php/rmhb,1
https://linkedin.com/caibjk/nzbfbe/rre/eplov,0
https://instagram.com/prime-email-metrics/*$image/juqbr/ghv,1
https://cloudflare.com/rgnbf/xlilwb/ffanrhq/wwzrpj.js,0
https://google.com/aejkht/mqk.png,0
https://wikipedia.org/zblpqbds/ijx/iuu.png,0
https://cdn.shopify.com/w.gif?/cjb,1
https://twitter.com/hlog.asp,1
https://microsoft.com/gklwx.woff2,0
https://instagram.com/ohco/rlu.ico,0
https://twitter.com/javgyvj/each.png?view=pgxqu,0
https://youtube.com/ckk/qbbfp.svg,0
https://youtube.com/olwx/kagwrtcc/rjhee/gtqsso.svg,0
https://wikipedia.org/g_track.php?/hegxev/zpmpokx,1
https://_c.gif?c=/nkpewl/vij/duofia?sessionid408=jaojjb&affiliate985=cjnqhe&ref=146=secume,1
https://instagram.com/count.png?,1
https://youtube.com/bnod/cbnucd.woff2?view=a9w2u&lang=rxy7c,0
https://linkedin.com/qktsure.svg?lang=oyfad,0
https://instagram.com/kxeuu/ksmx,0
https://instagram.com/favqks/otyjeop.js,0
https://netflix.com/trackVisit/*/qwbx,1
https://amazon.com/zrvqmnv/sibl?lang=mvcja,0
https://-scroll-tracker.js/eeo/daxhhmf/hlz?utm_360=lapymg,1
https://apple.com/xkzjnvc/gjtauoj/gwkzsw.svg?q=h6yra,0
https://amazon.com/uvhow/pfdr/pxsamb.svg,0
https://instagram.com/tslngx/akzv/zyzb/asmpx,0
https://amazon.com/mixpanel.$domain=~mixpanel.com/zoqcc,1
https://twitter.com/ktevip.woff2,0
https://youtube.com/pageviews?token=,1
https://instagram.com/aipuqz.js,0
https://wikipedia.org/sgemrmcz/fdnvxmq/ueetu.woff2,0
https://youtube.com/jsonp_geoip?/zcepdhwh/ilk,1
https://reddit.com/cpbs/olignab/cnf.woff2,0
https://cdn.shopify.com/impression.php?/rbenhae/ucimajrk,1
https://reddit.com/pyhisu/zat/fsoqa.svg?view=c74dq&q=ndrdv,0
https://reddit.com/nvnqoepn?lang=msty4,0
https://apple.com/oiqa/wtrfkgtb/imitmxcz.ico?theme=8zblg&id=t4kbe,0
https://netflix.com/yzlhxipc/jhrhls.ico,0
https://adobe.com/avpiq/yvk/mck.png?page=no9of&q=wzsx7,0
https://youtube.com/uutsfqye/ozkbme.ico?theme=5hgwm&id=01hfv,0
https://google.com/spacer.gif?/evf,1
https://.sharecounter.$third-party/mak?utm_074=eyjaof&ref=179=tbrnfs,1
https://adobe.com/ofg/qacp/yoakfmo/twpyhk.js,0
https://_stat.php?referer=/ebldvyzy?affiliate447=msmtuw&campaign307=ldvclu,1
https://reddit.com/hlog.asp/kytdtau/quorw,1
https://adobe.com/log/client/messages/oypxqk,1
https://cdn.shopify.com/gknce/nsd/cvkoc/xxac.js,0
https://youtube.com/trackpxl?/zmrmfy/jktylj,1
https://_event_tracking?/xydolo?campaign509=yzinea,1
https://amazon.com/yagqb/odfe/kek/zpbk.png,0
https://netflix.com/jqid?id=qld1p&page=vh0k0,0
https://facebook.com/qtesaz/yyhksfmf/gbrzbjg.js,0
https://reddit.com/rgvh/evizv/sbbl/yhxt.js,0
https://microsoft.com/pixall.min.js/oskd,1
https://adobe.com/gfkb,0
https://google.com/monitus.js/ejh,1
https://adobe.com/analytics.sitecatalyst.js,1
https://-scroll-tracker.js/jrkprfo?sessionid945=ftuysj,1
https://adobe.com/onl/track.php?,1
https://amazon.com/ddgkzylp/gtrqm/yntrcbuh/sivcqxqc.ico,0
https://wikipedia.org/fxa/djkrrst.ico,0
https://netflix.com/penizya.js?page=4g19i&id=2cd1s,0
https://instagram.com/qbucv/mnyoroe/zfnezbk?view=e5w88&id=w9a6o,0
https://apple.com/xxu/zvo/bqlwx.js,0
https://amazon.com/instantpage.js/nkrvcgra,1
https://wikipedia.org/stjyxm/icg/corweg.png,0
https://instagram.com/opirc/dhknc/ugzgk,0
https://wikipedia.org/nuxnio/rtxr/xnt/ettam?id=zz6ry,0
https://reddit.com/taganalyticscnil.js,1
https://.php?action=browse&/flqh/pkmsey?campaign954=xhneuf,1
https://reddit.com/firebase-performance-compat.js/dxpnui,1
https://instagram.com/acexs/ntnfpzk/tfkrjs/irtfnjzt.woff2,0
https://google.com/wrnpgvl/lrdyp.css,0
https://linkedin.com/emi/ttipo/iwcsvcg.png,0
https://amazon.com/qrkyzbwz/uit.png,0
https://reddit.com/event/track?/yexqbwvj/rkuuzpc,1
https://reddit.com/jebn/igc/lujscau.png?page=y958g&id=l5nhp,0
https://adobe.com/event?event_id=/dyd,1
https://microsoft.com/plugins/pageviews-counter/*/dohme,1
https://wikipedia.org/qravp/aporxt.js,0
https://reddit.com/loggingService.js,1
https://google.com/vnljg/wpj/simeyea/ejffzr,0
https://youtube.com/analytics/analytics.js/ffswnxkz,1
https://cdn.shopify.com/ovlq/pok.png,0
https://google.com/plugins/pup-comscore/*/eyl/wtmxjr,1
https://wikipedia.org/trackTimings.gif?/zaeyzqtm/vaqvqrw,1
https://twitter.com/logview?referrer=/xhqb/zqspxga,1
https://instagram.com/fvcg.ico?view=ybf8c,0
https://youtube.com/pcount.asp,1
https://cloudflare.com/mgeqh/rzkex/ejne.svg,0
https://facebook.com/rum.min.js/dvhn,1
https://reddit.com/xkato/ynkiedvb.jpg,0
https://cdn.shopify.com/oppcha/xluzxd/utwspsrn.css,0
https://youtube.com/amlgsp/ipu/fvpjhdtk/ramgc.png?view=hiq21&page=fn3o3,0
https://google.com/fqqyj,0
https://.stats?action=/pprxugdo/clzsbadf/ztdwhwc?sessionid475=lxnutb&campaign645=maabio,1
https://google.com/anclytic-ajax.html/dce/yfyuoft,1
https://cloudflare.com/wphunbn/iefkt/zzl.woff2,0
https://facebook.com/new-relic.js,1
https://cdn.shopify.com/analytics/searches?/cvtaw,1
https://cdn.shopify.com/knoa/qjpght.css,0
https://adobe.com/yandex-metrica-watch/*/zymfuz/muyl,1
https://netflix.com/rzvehhbr/hswkt.css,0
https://amazon.com/dnasotdn/ukwkkgk/znhnsez/oke.woff2,0
https://adobe.com/generate_204?$image,1
https://cdn.shopify.com/mxmicspw/daplxsm.css,0
https://cdn.shopify.com/rrzz.js,0
https://apple.com/vozp/ouh.css,0
https://microsoft.com/woaua/inats.woff2?lang=cnmc4,0
https://adobe.com/vrhpk/nbsx/mar/lgtxiufv.js?q=ohj0h,0
https://youtube.com/tobqjk/udobwdel,0
https://adobe.com/caomp/sabpe/fjqi/pugufnhb,0
https://netflix.com/lss/vqslkjht/hejtwb/ttovo?theme=14eqv,0
https://google.com/prfk/fzbq/ocgytoy/xyaeousz?page=ls81y&view=jv4m6,0
https://amazon.com/uazllg/lqkiohpr/qufepae,0
https://twitter.com/ticimax/analytics.js,1
https://google.com/nfo/fxfc/dkt.css,0
https://microsoft.com/bmii/pwxb/jemlid.jpg,0
https://adobe.com/uuded.js?page=mrqrm&theme=v54nk,0
https://netflix.com/comscore?,1
https://adobe.com/yxojuwbk/eotjtoh/ybvhgr/cogoeh.svg,0
https://microsoft.com/ubicm/zimpq/amcpoq/oslcjs.jpg?id=761bh,0
https://facebook.com/jeavtj/yribbitp.png,0
https://microsoft.com/CaptureStat.asmx/nqypo/yhppmbx,1
https://google.com/szvkoykh.css,0
https://linkedin.com/jkwjgzik/jyxyxp/bwf,0
https://google.com/qleacppt/efwlv.css,0
https://microsoft.com/bwyxatgl/rqmidqoo?view=8mc1i&page=mew3b,0
https://linkedin.com/ieslaq?lang=tghke,0
https://instagram.com/uindhht.jpg,0
https://youtube.com/fp3.min.js,1
https://twitter.com/xlp/aazfjd/dempu/lkvv.svg,0
https://microsoft.com/ascwe,0
https://netflix.com/sewbam/lpn/zymllsmk.ico?lang=k5cq4,0
https://instagram.com/kgyjy/knw/qbzu.jpg?theme=7sifq,0
https://adobe.com/pxl.gif?/wlltl,1
https://linkedin.com/yuiamjvg,0
https://google.com/beacon/init?,1
https://wikipedia.org/cmcs.css,0
https://youtube.com/bmebhig.css,0
https://amazon.com/wp_stat.php?/byzlwa,1
https://youtube.com/impress.php?,1
https://cdn.shopify.com/impression.track?/pqubcvr,1
https://netflix.com/analytics-tracking.js,1
https://netflix.com/qukal/psfkntz.css,0
https://.content_tracking.js/eohx?sessionid544=udfort,1
https://facebook.com/lsl/iruiwt/gez/okff.png,0
https://microsoft.com/rrweb-script.js/bne/vdfooa,1
https://apple.com/paudyxi.css,0
https://apple.com/drkn,0
https://twitter.com/ecgyy,0
https://linkedin.com/arqhbrub/ldw/pdzxea/vuek.js,0
https://instagram.com/caixinlog.js/pbwoo,1
https://instagram.com/nrnvigr.js,0
https://instagram.com/gxb/lbbs,0
https://apple.com/swkfchi/smisq/mkvfz.js,0
https://adobe.com/uqdstbx/bldzov/gyspxsgi/cdxrl.js?id=juve2,0
https://.php?logRefer=/skmjex/jiwevl?sessionid688=aoamyi,1
https://netflix.com/xxy/yliufe/eob.ico,0
https://reddit.com/collect/kasupport/thpyusj,1
https://amazon.com/edata.js/cor/dpzwrt,1
https://youtube.com/iikd/arxiygn.svg?id=n5boj,0
https://instagram.com/gtof.woff2,0
https://apple.com/rfwngja/todygsrp/tgxstb.css,0
https://apple.com/log_agent.php/bybynhdv,1
https://twitter.com/rum-collector/*/ivouleso/hhzskzuu,1
https://?log=stats-/czgr?affiliate151=cwxlbv&utm_803=lfzccf&ref=918=bygoxc,1
https://google.com/ws_client?zone=gen$websocket,1
https://reddit.com/trackui.min.js,1
https://linkedin.com/zamciih.png?q=qkzy1&id=xug78,0
https://youtube.com/bpwixfs/jidoxaxi.js,0
https://amazon.com/kqdxkwxh.woff2?page=e2d8t&q=dlluc,0
https://google.com/qibwjtz.png?page=0myiw,0
https://cdn.shopify.com/referadd?,1
https://youtube.com/sawq/izrf/hbvqm.css,0
https://linkedin.com/qti.css,0
https://microsoft.com/analytics-helper.js,1
https://-click-tracker./skt?utm_266=ybseti,1
https://instagram.com/vsvd/lsu/ujdn/aakgqq,0
https://adobe.com/ocomkoy.jpg,0
https://netflix.com/index.track?,1
https://google.com/TrackClick./lgbqze,1
https://google.com/hfnrdcsk/sjmkwfh.jpg,0
https://netflix.com/ygbnb/mltil,0
https://twitter.com/xxwwjv,0
https://apple.com/jqcn/uyrd/sihlqwgo/laqzx,0
https://google.com/shopify_stats.js,1
https://apple.com/ynqavw/dokufdgj,0
https://facebook.com/ijj/shh,0
https://cloudflare.com/vua.png,0
https://cloudflare.com/hitCount.js/xvrq,1
https://apple.com/cfofvlg/lkgj/uociwph/cyhbc.png,0
https://adobe.com/dl-web-pixel.js/acjdok/nlabvrsv,1
https://amazon.com/iklso/xonxmtk.woff2,0
https://amazon.com/uutils.fcg?/xqs/oep,1
https://amazon.com/census/RecordHit/vexena/buedofrv,1
https://wikipedia.org/zierqabo/qiawot/kxtvumg/htzrauju,0
https://microsoft.com/mmcore.js/whfpryr/qcjudgfw,1
https://adobe.com/cltqv/aiepqlp/tplde/byg.png,0
https://microsoft.com/oo/*/l.js/jvxwauxj,1
https://microsoft.com/ccws/zfc/cno/iwwyv.ico,0
https://microsoft.com/erozfrhn/haw/ldm.css?id=zai33&theme=9txb8,0
https://apple.com/yvswm/acfhdv,0
https://cloudflare.com/log.aspx?/rnrafj/luzk,1
https://cloudflare.com/hdnzctj/bujojsa.js,0
https://linkedin.com/adk.css,0
https://amazon.com/track/pixel.php/swkk,1
https://cdn.shopify.com/jhaxh.png?page=o1504,0
https://google.com/cxdvxjg/xlkiwsf/lujvwwg.ico?q=lr3tr&q=h8u4p,0
https://youtube.com/yvgryg/vggjkn/kyolhg/fvhvms.svg,0
https://instagram.com/footerpixel.gif?,1
https://netflix.com/weaw/kvkc?theme=gk32e,0
https://wikipedia.org/ojmvd/ccjnly/roz/uaawp.ico,0
https://amazon.com/rbgkyxt/hcxn,0
https://microsoft.com/api/v1/streamtelemetry/bbqv,1
https://netflix.com/sbjkvs/fpimdydz/ctksl/vurlefsp.png,0
https://google.com/fp_204?/qrhlkg,1
https://adobe.com/nqkhmmh?q=04y1o&theme=g76o3,0
https://cloudflare.com/juxy/uwf/ljwwylw/ejd,0
https://microsoft.com/log/track/*/nhg,1
https://reddit.com/dgkoq/wadvhyer/fuuxpwx,0
https://reddit.com/cyn/oex,0
https://.EventTracking./gdolnsqh?utm_419=neqwzp,1
https://twitter.com/hbd/kegvy.svg,0
https://netflix.com/events/analytics/*/cpqe,1
https://adobe.com/kissmetrics.js,1
https://cdn.shopify.com/uhxenj/ovixyca/xkqt/utgfpo.ico?theme=ym8jg,0
https://youtube.com/fps/check.php/uvt/bftwo,1
https://wikipedia.org/ucio/ecbvky/gxidz,0
https://amazon.com/iwxjex/bypsbdq.png,0
https://cloudflare.com/rvq/enjga/gsgpbdsl/khbs.jpg,0
https://adobe.com/knuaf/ghfp.js,0
https://reddit.com/fkvl/pwtngnz/uwkyi/zavy.woff2,0
https://instagram.com/storefront.google-analytics-4.min.js/ahnrt,1
https://reddit.com/muq/lnkehvl/hipvm/rujijhc.js?id=rw1op&lang=rugr4,0
https://linkedin.com/ga_social.js/gtsafnme,1
https://cdn.shopify.com/pfayf/rwjgjmt/qyd.woff2,0
https://cdn.shopify.com/loggly.tracker./awmv/vjigz,1
https://twitter.com/dgnak/jwlsrwz/fxsaaww/gvclwnv,0
https://amazon.com/lbada/qxx.png?theme=3vbce,0
https://wikipedia.org/pixeltag.js/unuuar,1
https://cloudflare.com/wp-monero-miner.js/yquiczfy/ildibiw,1
https://google.com/countly.min.js/anh/pyjtvday,1
https://google.com/svjc/qcrcgki/uohpoyw/zhkqx.css?q=wnjps&page=gz6jw,0
https://instagram.com/rcr/pfdg/szwwvj/lzhzxhhm,0
https://apple.com/yfmazg/wye.png?q=7mejx&page=mjflg,0
https://microsoft.com/gaaddons_univ.js/kccmw/supx,1
https://apple.com/btyqgzbj/bkp/tmwbnwdk/wnb.svg,0
https://linkedin.com/hgkqnn.js,0
https://linkedin.com/fe_logger?,1
https://wikipedia.org/qubegv/rmzkvj.png,0
https://-track-inview./fkhrzzv/kfw?sessionid933=ohgqhz,1
https://facebook.com/uhztb.css,0
https://linkedin.com/track/batch?/iuqbyp/gmognmht,1
https://cdn.shopify.com/pxiicty/niahymq/ghsiohba,0
https://netflix.com/epro/mtnyc/fhupxgg/yqyvij.ico,0
https://linkedin.com/ljlbek/tbfzj/bqxtoxv/oycvgwne?view=3gku3,0
https://youtube.com/ccnrpm/bep/votomd/beszdfgf.woff2?q=gs3kb,0
https://netflix.com/ubgs/uqvjhn/yyh.css,0
https://amazon.com/llsw/rakxos/zwomg.css,0
https://cloudflare.com/sendLogs?cid/bny/ucgrcs,1
https://google.com/plugins/vdz-google-analytics/*/eeklb,1
https://cdn.shopify.com/lsxtfk/fhsl/rnkctt.svg,0
https://google.com/hfu,0
https://netflix.com/pcu/mus.css,0
https://youtube.com/zjufnws/luxp/jmt/vewf.png,0
https://linkedin.com/qomznk.css,0
https://cloudflare.com/web/push?/koldc,1
https://google.com/xlsuowb/bmlgxkbc.js,0
https://facebook.com/gxqpvmju/wdo/xnzdvek?page=ni19n,0
https://instagram.com/sectdufr/fdv.png?page=l65r2,0
https://youtube.com/hffbksi/nuo/chl/wrpi,0
https://youtube.com/xosh/mfsjelyy?lang=9eg19&page=huux1,0
https://youtube.com/cmhb/wdrsw/wnfbdvij,0
https://wikipedia.org/yur/lfzpclw/iluggs.jpg,0
https://instagram.com/eold/awgopc/vbknmjy/ctjffktq?page=ljm0b&q=nvmor,0
"https://$csp=child-src 'none'; frame-src *; worker-src 'none',domain=thepiratebay.org|vidoza.net/fvoesoe/wtfkkye/pvq?cid014=buptvi&cid261=llvclx&ref=539=ytqiyd",1
https://reddit.com/cgi-bin/cnt/*/osjs/cihtwtj,1
https://microsoft.com/livezilla/server.php?request=track&/rywx/oey,1
https://google.com/qcgcbeop/vdk.woff2,0
https://apple.com/statcountex/count.asp?,1
https://apple.com/pixel2.gif?,1
https://amazon.com/martypixel?,1
https://wikipedia.org/bvrpoemc/qvljlsv/amicufl,0
https://linkedin.com/GlancePresenceVisitor_/vngdvzw/ejehref,1
https://facebook.com/dily/xnif/ibupz/yizsc.ico?theme=ijze0&view=zec4w,0
https://apple.com/uds/stats?/mtskxi/fasiqfx,1
https://wikipedia.org/pagetag.gif?/ixlv,1
https://instagram.com/galdore.woff2?lang=v16m5,0
https://_c.gif?c=/uwapba?utm_515=zrgpni,1
https://google.com/wkrlk/tnw/xujvg/caq.svg,0
https://instagram.com/mrkzaaf,0
https://linkedin.com/wfobgms/oowgytzb,0
https://netflix.com/performanceMetrics?,1
https://facebook.com/webtraffic.js,1
https://linkedin.com/ntpy/oyagsc/nbmjl,0
https://google.com/ahfg/eetfarj/zqeuskc.ico,0
https://cloudflare.com/track/statistic/*/mvv,1
https://adobe.com/comscore_pageview,1
https://netflix.com/zqzvs/bpioqn/cvx.png,0
https://cdn.shopify.com/keywee.js,1
https://cdn.shopify.com/ayzvljr.woff2?q=031g0,0
https://microsoft.com/qrfd/yclswq/nngxw/jjc.woff2,0
https://_trackWebtrekkEvents./qenges/ntjkxebf?affiliate011=moctyg&cid204=arqdtb,1
https://netflix.com/GoogleAnalystics.js/lbvk,1
https://wikipedia.org/xac/ddxkmhx/hopm/rspbiqos.js?page=fknt4,0
https://reddit.com/njttmmd/pkg,0
https://twitter.com/fqtg.css,0
https://microsoft.com/lnfxil/mjr/pjvtyyt.ico,0
https://instagram.com/uwmaz/omxx/jtf/rrhmnz?q=a2jkw,0
https://linkedin.com/ovro,0
https://amazon.com/xscjtkx/xbio/htnqvro/apql.woff2,0
https://linkedin.com/phpmyvisites.js/kqh,1
https://apple.com/rudder-analytics.min.js/qdclejp,1
https://twitter.com/rnhdvp/vogkojfy/ukw/yuhqptkr.css,0
https://cdn.shopify.com/beacon.gif?,1
https://microsoft.com/analytics/?event=/pqgtq,1
https://cloudflare.com/ulzyrobe.ico?lang=md6pr,0
https://linkedin.com/ybc/urlogdx/zjrpeqdz/ybgpvgaz.css?view=60unn&view=elw5a,0
https://adobe.com/zckgnja/dvhc/iuvmfunj/zzpff.css,0
https://wikipedia.org/prbh.ico,0
https://adobe.com/truehits.php?/lnsokbqx/mdorpf,1
https://instagram.com/tui/owf/jahqwl,0
https://wikipedia.org/kypxco/jbt/xqaszam?id=5j1wa,0
https://amazon.com/resource?zones=/tae,1
https://facebook.com/vwljb/kzcnbxrq/kcgl/zueovmd.woff2,0
https://youtube.com/vaai/hft/cbsj/wqptz.svg,0
https://adobe.com/mkampiav/nprsxa,0
https://facebook.com/jutcssy/ncz/tki/lkji.ico,0
https://?log=xhl-widgets-events&/wozd/hnf?campaign517=ajchha&cid277=mubznw&campaign461=dkqchh,1
https://netflix.com/sranalytics.js/zjgbngqd/lpz,1
https://adobe.com/joow/qdtlcbfe,0
https://facebook.com/cfzhi/hmwvdwa/crv/hntfa,0
https://wikipedia.org/bguijk/roybdoi.jpg?q=2pv5u,0
https://twitter.com/amp-tealium?/pmbtltf,1
https://netflix.com/unihds/rgsfnpzc.js,0
https://linkedin.com/myzvd/iyeksgv/miocowj/lom.ico,0
https://youtube.com/log?track_/kssftboo,1
https://google.com/nativendo.js/uwwd/kdqvpr,1
https://cloudflare.com/mjjhm/bnths/hubc/ozowt,0
https://facebook.com/monsido.js/jmupf,1
https://reddit.com/wxnu/qch.jpg,0
https://reddit.com/ecjt/hpq/pubfejyc.svg?id=3wdy2&id=gxtpk,0
https://wikipedia.org/rwtag.js/bkb/fwsyncxh,1
https://microsoft.com/zns.svg?q=po61b&id=w1mfw,0
https://facebook.com/analytics/ga.js/vbcoxynj,1
https://netflix.com/trackit.php?/dfrr/rhy,1
https://amazon.com/trafic.js/emigrjtf,1
https://twitter.com/hdrqsjup/rzebvxd,0
https://_logHuman=/vdpcnny?cid428=stckxs&campaign670=gwwdki&cid917=aeoqgh,1
https://adobe.com/yzk/vfan/gxh/hccwk,0
https://adobe.com/a.gif?/bojcu,1
https://instagram.com/cqgkwpwk?lang=efra0,0
https://netflix.com/wnqbm/aepf/tbvts,0
https://instagram.com/rghyqw/itbns/xsabgh/sthakusc.ico?lang=9r3vs&view=ck5kx,0
https://reddit.com/dynaTraceMonitor?/eenbb,1
https://twitter.com/adobe-analytics-$domain=~business.adobe.com/kuk,1
https://wikipedia.org/bjvko/eobryvg/najn/esalfs.js,0
https://reddit.com/dgxmrgn,0
https://facebook.com/frtaokj/vuwowi.css,0
https://apple.com/dty?page=s5958&id=2ayqp,0
https://reddit.com/vaftkpz.css,0
https://cloudflare.com/vfqd?id=q64zg,0
https://adobe.com/r.rnc?/pmfyfr/cxlpsgr,1
https://adobe.com/chgfnwjq/pzmuya/ibe/agyvpa.ico,0
https://reddit.com/kfiuq/jooucsm/ndvkaj.css,0
https://netflix.com/tibrjezn?view=9ygio&page=kjp3i,0
https://?[AQB]&ndh=1&t=/hfxn?utm_075=blivdq&utm_229=tzjfca&sessionid376=abtpvz,1
https://twitter.com/mmngpzoe/aihhaes.svg,0
https://google.com-universal-analytics//dmbrnhw,1
"https://youtube.com://l.*/script.php?i=$script,~third-party/hmdyir/mrjkvzwt",1
https://?statify_referrer=/ftomiy/rpot?sessionid654=bycfdw&affiliate544=abhsih&affiliate645=tjjgoc,1
https://amazon.com/pbbu/hawfqnmn/xqosng/oujivwy.jpg?page=n78rk&view=gxegp,0
https://microsoft.com/wrpz.jpg,0
https://adobe.com/nhvjky/crh/ycq.png,0
https://reddit.com/agczvwcc/flzyqbr/anyfmwjm/jpxj?lang=xurna&page=lhajd,0
https://_nedstat.js/qnbi/radpe?affiliate376=osarcl&utm_538=oupyfp&cid616=bhvyqx,1
https://twitter.com/ofx/biitl.css,0
https://netflix.com/activity.gif?,1
https://netflix.com/ncfmmmn/amcoer,0
https://cloudflare.com/fqsk/lwb.ico,0
https://youtube.com/qpwymwo/abjstc/ezyow.svg,0
https://linkedin.com/vkfmfbce.ico,0
https://reddit.com/domcount.nsf/WebCounter?/toe/vopzfud,1
https://##.embed-responsive-trendmd/gsmmylo/ixufkcva/ylxkm?campaign549=heuqzw&campaign509=ktzrnf&utm_154=fbnumq,1
https://youtube.com/kvrpqy/jtwy/dldioayx/dpkug,0
https://cdn.shopify.com/yzzxanl/bfjbeww,0
https://wikipedia.org/tqeljg/kszgsl/rdiqrg.jpg,0
https://apple.com/huoheqv/kykjv.svg?page=29fnn,0
https://google.com/lwvjvbv.svg,0
https://linkedin.com/wovrj/jtl,0
https://reddit.com/zbipzg/hax/pnvgkgk/azwqjbo.svg,0
https://netflix.com/eeozif/xtenjyjt/lwncv/jfuookqm.woff2,0
https://.php?notrack=/rhidn?cid517=kasibw,1
https://facebook.com/countus.php,1
https://amazon.com/locotrack.js,1
https://facebook.com/vtep.jpg,0
https://reddit.com/pddlqig/ajyrvrba/geinketa.svg?page=660wy,0
https://instagram.com/awdazo/rhtzqxzr/sxb.js,0
https://cdn.shopify.com/mzqlagol/mnayr/zlt/vstwgz.woff2,0
https://instagram.com/zkvgaguo/norryosf/jgp.png,0
https://cloudflare.com/iuiu/vvulyrzz,0
https://apple.com/jcxvj/ify/jmgaufyq?lang=acf3q&theme=09hut,0
https://instagram.com/enmx,0
https://apple.com/eta/events?/xmw,1
https://google.com/aolnctwu,0
https://google.com/taytscio/rraj/vso/mtewxgv.css?q=fp0mg,0
https://cdn.shopify.com/fyvcbvi/cmgwodu.jpg,0
https://facebook.com/wtp.js,0
https://wikipedia.org/webstats/track.php?/oqq/rsc,1
https://netflix.com/nez/colux/zrth/utn.css,0
https://?action=log_promo_impression/imm/oelsg?ref=043=lbdcjk,1
https://adobe.com/rt_track_event.js/gxrvmng/ktmbimrm,1
https://cdn.shopify.com/uzheg/nxprkek/cfsts/pupvvwna.png,0
https://&EventType=DataDealImpression&/rmpujwvv/cacz/qbas?affiliate947=lugtii&cid515=npgkkv&ref=443=afqmix,1
https://amazon.com/metric/?wid=/abahhk,1
https://?action=impression&/nusdaakv/kzxy/qjhzc?sessionid406=zsrfop&affiliate449=yhjfeh&utm_727=xyckpt,1
https://twitter.com/fcqm/zzs/ltuqr.jpg,0
https://cloudflare.com/quwfen.js,0
https://adobe.com/wuq.css,0
https://adobe.com/imp_check.php/wfuszdr/tjig,1
https://microsoft.com/utm_cookie.min.js,1
https://microsoft.com/vaes/tsrp/nrgyzx.jpg,0
https://twitter.com/mi/insite/*/camgrggb/txwtnw,1
https://linkedin.com/ubdulv/idzlzk/cmdvy/uip.png,0
https://netflix.com/sensorsdata.$domain=~sensorsdata.cn/xsgvlc,1
https://reddit.com/ubwrifom/ifscnsj.jpg,0
https://facebook.com/rdhgmez/sllh/qvm.woff2,0
https://instagram.com/qpamoit/jixb/fuin.svg,0
https://facebook.com/rwtag.gif?/monrmds/ktfar,1
https://facebook.com/iaavrmz/ilbnpf,0
https://cdn.shopify.com/iuy/jspz/xfnvpcpj/giucbci,0
https://youtube.com/nbvyn/tve/msz/mjmyewfy.ico?theme=6ly6v,0
https://-click-tracker./cqwfn/objaz/snp?affiliate604=vgfjqp&affiliate759=ouhuwj,1
https://cloudflare.com/mpel/mpel.js/oeyi,1
https://cloudflare.com/pijlkv.svg,0
https://cdn.shopify.com/qklo/fcfwuqrc/perumrt/hhl.svg,0
https://adobe.com/xikt.woff2,0
"https://$csp=child-src 'none'; frame-src 'self' *; worker-src 'none',domain=fileone.tv|theappguruz.com/swwrl/pukm/yogrt?sessionid899=waqlwv",1
https://adobe.com/cdn-cgi/zaraz/*,1
https://twitter.com/cnbubzs/szkvmjue/emp/tlidf.jpg,0
https://twitter.com/sessioncam.js,1
https://youtube.com/LandingPageHitLog.aspx?/ligkhqm/mzthfx,1
https://linkedin.com/qoioent/milbfs/oqwkey,0
https://facebook.com/vaf.js,0
https://amazon.com/kmnbflmn/uxywl/fijtf.png,0
https://microsoft.com/nrfwg/wfhsceka/uzj/odauadw.js,0
https://amazon.com/oetyvi/uxn/dkmvww.png?lang=j6s5f,0
https://.sharecounter.$third-party/wpimmpde?utm_963=yqbdgu&affiliate257=sinqrc&sessionid857=ttaidj,1
https://adobe.com/VisitorIdentification.js/vxnmpg,1
https://instagram.com/rtcmjo.css,0
https://reddit.com/czf/hdzis.ico?page=i5n28,0
https://cloudflare.com/nadbwm/mddv/xbsdfkb/dwvqha.png,0
https://microsoft.com/urchin.js/ndzdoeud/jvq,1
https://google.com/hlog.asp/nherv,1
https://youtube.com/izdnmxj/lhtr/vum.js?page=jkyuj,0
https://cloudflare.com/fwhwhxst?page=bn61k,0
https://twitter.com/gdsmjnbg/umaso/kfabjps/bqyd.css,0
https://amazon.com/tmmf/xnbflwez/ssn/umxh.svg,0
https://google.com/neoworx_tracker.php/ycn/tioimagi,1
https://netflix.com/sjf/zepup/tyzru/lfsrhne.svg,0
https://cdn.shopify.com/rqj/urlpp/qqvyfl.woff2?lang=dtx90,0
https://.php?action_name=/oadmm/svbqnu/cfgsgyn?affiliate192=kpdncl,1
https://microsoft.com/czfq/tyyt,0
https://cdn.shopify.com/pfabj/qbhbhf/eelb.woff2,0
https://?log=united-impression&/ktzgx/gxlcdwe?sessionid840=txpban&affiliate651=somfug&utm_859=olrxgx,1
https://apple.com/khf.svg,0
https://twitter.com/opkeeywe/motn/bmufzqho/npgl?view=ry5rv,0
https://cdn.shopify.com/njixtkh/fvqpqm,0
https://cloudflare.com/gigyaGAIntegration.js,1
https://adobe.com/sp_analytics.js,1
https://cdn.shopify.com/muewpct.png,0
https://facebook.com/ojidxer/vqo/ukmqw.png,0
https://cloudflare.com/vhs,0
https://apple.com/fbkp/xfrf.svg,0
https://amazon.com/dhabgg/folbs/rpb,0
https://twitter.com/oval_web_analytics_latest.js/kppuqtat,1
https://wikipedia.org/qrh/vixu/xniya/ntyfnl.woff2,0
https://cloudflare.com/gudzh/gwohhm/ewxz,0
https://cdn.shopify.com/xzaxpyj/xws.png?q=1ze1x&view=aa2bn,0
https://reddit.com/jijuwjjt/chqtgka/wprrvbgk/kdmt,0
https://youtube.com/dorzug/axv/xkktp,0
https://linkedin.com/fpv/oet/ntpsmk.js?id=amwdx&theme=7bm4a,0
https://cloudflare.com/ghwwe/xhveo/najtt/aqpzl,0
https://adobe.com/AppMeasurement.min.js/kwp/tly,1
https://reddit.com/mibmegy/cqofycu/ckls,0
https://twitter.com/UserTraceCookie?/uqepuzqv/xguyi,1
https://linkedin.com/wrdgwa/axf.woff2?page=7ctfm,0
https://amazon.com/page_perf_log?/yokjyk/tklot,1
https://cdn.shopify.com/xme/haixllo/mjuz.woff2,0
https://?type=page&event=/rubo?ref=490=nkpyqj&sessionid862=sfgxvd&sessionid362=kccjpj,1
https://adobe.com/ttysr,0
https://.beacon.min.js/bteaaxt/qddtlpag/bludh?campaign380=vmmdhb,1
https://adobe.com/piwik2./teg,1
https://linkedin.com/track/pixel.php/dearyzhg/aofcakuc,1
https://youtube.com/darsut/kgvcycp/naupdky.jpg?page=30rr8&theme=1wbr9,0
https://netflix.com/ejgcoc/dauv/caphm.ico,0
https://?log=player_*&stats_tkn=/diqxi/oblwzzng/tdl?affiliate586=jjayrr,1
https://linkedin.com/jxqvmwv.ico,0
https://amazon.com/rth/owkfk/huxuq.js?id=gfiiw,0
https://instagram.com/analytics/?event=/yaz/iut,1
https://linkedin.com/tking/ajax_track_stats?/etc/advoy,1
https://cdn.shopify.com/uhlvexna/bhnxvmcv/vwlrdphf/gejkimde.png,0
https://instagram.com/edwypnsu.css,0
https://cloudflare.com/yon/mdcfk,0
https://apple.com/uxpkqxrl/mty.css?page=tnh87,0
https://google.com/pdxvbane/ikgl.svg,0
https://microsoft.com/tlmdk/wvau/tujrm,0
https://youtube.com/jstats.php,1
https://adobe.com/analytics/track_event/*,1
https://facebook.com/geoip_cc,1
https://adobe.com/zxi.woff2,0
https://adobe.com/uzvyldsp/kxpinhtb.ico,0
https://instagram.com/vka/wmeb/dxeprrcs.svg?id=kuqvp&page=p8euo,0
https://amazon.com/pxs/ntmiwej/odb.jpg,0
https://apple.com/nqbk/cpeu?q=mfcoi,0
https://&t=pageview&/wrtmvwg?ref=746=nbbvpa&ref=841=iffjft&cid431=eptjnp,1
https://twitter.com/nbwjpciw/fnkmtkti/sisv/pnoomlqv.js,0
https://facebook.com/moksa.js/bdpov,1
https://linkedin.com/ptki/qoas/gkeycssz/kdufq.css,0
https://apple.com/qkci/lpvheddl.css,0
https://reddit.com/tking/ajax_track_stats?/eyk,1
https://google.com/cchr/idsjv,0
https://instagram.com/llr.jpg,0
https://microsoft.com/urchin.html?,1
https://reddit.com/probance_tracker.js,1
https://microsoft.com/event/track?,1
https://microsoft.com/px/client/main.min.js,1
https://cloudflare.com/track?events=/vlbinubz/kod,1
https://wikipedia.org/natero_analytics.min.js,1
https://linkedin.com/trk.*/impression/*/cgtthx,1
https://google.com/envi/arhaw,0
https://google.com/click_tracking.js/taxy,1
https://reddit.com/yfltc,0
https://cdn.shopify.com/ngnxztmi.js,0
https://amazon.com/tyfqds/safgt/qkz.woff2,0
https://netflix.com/bxambjhr/xkiuz/yug.js,0
https://microsoft.com/newfte/otv/zdvomtvd.woff2,0
https://?logType=impression&/kxpx?cid125=ijhply&affiliate692=cftwxk,1
https://linkedin.com/boost-sd-analytic.js/canpwutt/nnw,1
https://google.com/bwvu/fvtq/idbs.js,0
https://linkedin.com/zuiigqgh/fbpska.png,0
https://microsoft.com/track?event_id=/djfqy/urh,1
https://google.com/qrbqdtnw/oapmgmnc/phjvacu/ehhyrslv?view=eqodi&page=cedlr,0
https://amazon.com/CreateCookieSSO_,1
https://microsoft.com/lbescyjc.jpg,0
https://instagram.com/sof.woff2?view=kuz3w,0
https://instagram.com/jmg/eof?page=70hxg&id=msmra,0
https://amazon.com/sdormto/tvye/rzihc/vtbyi.woff2?view=oeq2f,0
https://linkedin.com/cqydai.js,0
https://adobe.com/alvnpe/vfmqomcb.svg,0
https://wikipedia.org/tycxkuad/ezsxcy/ftn/urnmvq.woff2,0
https://netflix.com/vpckvav/vsqtnv/azngzrjc.png,0
https://linkedin.com/lgkdg/lmbda/oqgdswv.jpg,0
https://microsoft.com/iyizg/smbi.jpg,0
https://facebook.com/zlpsnofr.png?id=5hhgn,0
https://?event=performance&/febcyh?utm_488=oquuqx&affiliate080=flbkpo,1
https://facebook.com/kfk/ekaonok/itfwcvox.woff2,0
https://instagram.com/amp-access/cta?/gwm,1
https://google.com/wp-useronline/useronline.js/fjrth/crzosh,1
https://amazon.com/uhpjwrh/ztsla.js,0
https://cloudflare.com/rxtl/tyzrnfz/blxyija/blvr?view=zsfvt&page=yagop,0
https://linkedin.com/olxtc.svg,0
https://linkedin.com/wvfbk/wgmkkjrd/rjyegu.woff2,0
https://apple.com/rnpacpn.js,0
https://google.com/joxwf/ldyky/nddcete.svg?view=w04dc&lang=1r3ew,0
https://apple.com/rzlyf/xlybyciz.jpg?q=bqjqd&id=ic8x0,0
https://wikipedia.org/fzzlw/hueocund/dema?page=i8azr,0
https://netflix.com/nfogc/wzwyceyn/sim/cdvmekhq.js,0
https://microsoft.com/jlort/shgkxr.ico?page=av8ox,0
https://youtube.com/mormont.js/jskajdfw/fdxre,1
https://twitter.com/_ga?send&,1
https://adobe.com/analyticstrack.js,1
https://microsoft.com/collect?eid=/awyufywy/dtrhxok,1
https://twitter.com/yvzxezdt.ico,0
https://apple.com/audience-extraction.js/qykl,1
https://instagram.com/disp_cnt.php/mgn,1
https://google.com/stat?sid=,1
https://linkedin.com/rqswfmn/tlugiqyi.svg?id=9sjj7,0
https://amazon.com/bpgt/mhfx/wpku.woff2,0
https://apple.com/uuu/bvk/solgx.jpg?lang=an9n3,0
https://instagram.com/track?page_view/ritwyesq,1
https://linkedin.com/fgzfijsz/eoaa/eguabczt/cutis.woff2?id=ewzgx&lang=d0rt4,0
https://microsoft.com/stats/search-log/hzkknbeg/lvwwinsu,1
https://twitter.com/jgtk/lecz/oawpawbq.css,0
https://reddit.com/wtbase.js/yyyke/cqn,1
https://instagram.com/kgcplvf/mustyq/dvmw.js?page=gj3uy&id=lbmtn,0
https://apple.com/jmo/atss/uxhwsgky.svg?q=d3feh&id=2yit8,0
https://amazon.com/dkhj/zxlrvikw,0
https://amazon.com://gtm.*.js?st=/sdtk,1
https://linkedin.com/wpstatistics/v1/hit?/bynks,1
https://adobe.com/track/impression/*/snsklg/ivk,1
https://amazon.com/abayuvkp.png,0
https://cdn.shopify.com/_gz/counter.php?,1
https://apple.com/stats/record.php?/yoyfgci,1
https://apple.com/leslyrms/jzqjhgut.ico,0
https://reddit.com/edapi/event?,1
https://twitter.com/njp/xbuovlon/rphmqtgn/gec.ico,0
https://amazon.com/qcjqxcv,0
https://wikipedia.org/dyi/irq/mtncos,0
https://instagram.com/uaxuad.png,0
https://reddit.com/tracking/events?/nttbn/obrkrm,1
https://apple.com/impression.js?,1
https://cdn.shopify.com/jdnvrysr/vujo/kwqshgwo/yqo.jpg,0
https://instagram.com/rthsc/ebab/luzbbkd.css,0
https://&EventType=Impression&/obhj?cid461=plwzij&utm_883=ixdstp&affiliate343=uytdqj,1
https://?v=2&tid=G-$~third-party/zylihov/vxirb?cid220=xekyue,1
https://.skimlinks.js/khnjrus/rgcuvpwd?sessionid339=ziqogk&utm_447=nnwycv,1
https://?event=performancelogger:/ezcjs/wmmu/vlsnpbg?campaign056=mqviug&affiliate514=pitgvh,1
https://amazon.com/ajax/bz?_,1
https://wikipedia.org/qwaxjxu/vdfzrk/fiddyol,0
https://adobe.com/myqmx.ico,0
https://google.com/track.php?toggle=,1
https://adobe.com/liferay-analytics-api.js,1
https://?action=impression&/toccq?campaign674=pwrwfn&affiliate253=hhlvwq&ref=451=uppgzh,1
https://cdn.shopify.com/stwc-counter/code.js/tbjuvoaq,1
https://facebook.com/rrhzlvav/ldk.jpg?view=py3rl&id=lxbxk,0
https://amazon.com/xebwllf.png,0
https://adobe.com/rwhuzs/bwuow.png,0
https://netflix.com/ajbnd/zjtle.js?q=rbhvc&q=koh72,0
https://linkedin.com/emhwo/jdvo/yorzwksg/qsys.svg?lang=zntkz,0
https://youtube.com/lilb/ndpeg/tglgqinz/ohvmjgc.ico?id=26sh4&q=y6kav,0
https://youtube.com/pyhxmmef/atzb/zedte?lang=tyx0h&lang=spkmr,0
https://instagram.com/puvw/hislwtsd/nycnl.css,0
https://cloudflare.com/sarlvht/rfy.js,0
https://linkedin.com/synkwy.woff2?page=lam7k&theme=0mqtf,0
https://wikipedia.org/track/pixel.php,1
https://cloudflare.com/statcounter-$~image,1
https://linkedin.com/llkryllc/nhvlq/aknftb.jpg?page=fosvx,0
https://adobe.com/mpixel.js/dgmmpydz/tatcsc,1
https://youtube.com/evercookie/swfobject-2.2.min.js/qvnzlq,1
https://microsoft.com/dui/jhnqfura.ico,0
https://google.com/btodo/fxaodew/heuzwmde/gqefdgb.woff2,0
https://twitter.com/iiuxxlh.js,0
https://reddit.com/gueraztq/bdbiuoun.woff2,0
https://reddit.com/tofmkx/petjwlhp/kpukg.ico,0
https://amazon.com/neustar.beacon.js/qjcnvw,1
https://reddit.com/ysqzha?view=k6t2u&id=f3hrp,0
https://instagram.com/ktlgttbk/tbn/efddnh.css?view=v6to2,0
https://wikipedia.org/xlulotvf/vhcxug/vjmth.woff2,0
https://wikipedia.org/2x2.gif?$image,1
https://cloudflare.com/mjjcpd/lbybqpx/jylzsjob/flyx.jpg,0
https://youtube.com/zmko/zhczc/ghch.js,0
https://twitter.com/api/0/stats/yon/nhoptno,1
https://microsoft.com/clickdimensions-2.js,1
https://amazon.com/autotrack.js/zmiezwr,1
https://cloudflare.com/ktfdxfms/iuefdti/uiqx/driw.js,0
https://twitter.com/ssg/smzof/qviugs,0
https://linkedin.com/cgxqglk.woff2,0
https://amazon.com/aix/icsugmww/lwpm,0
https://linkedin.com/monitus.js/nvqqn,1
https://apple.com/qxy/qtxubs/yknxcl.ico,0
https://cloudflare.com/gatrack.js/lzl/ukhxbli,1
https://cdn.shopify.com/smartpixel-1.js/jfifhxb,1
https://twitter.com/event_logger/pmega,1
https://adobe.com/pixeltag.js/kjsdnu/strvxfe,1
https://linkedin.com/ewyuls.png,0
https://cdn.shopify.com/oemv/ohxjwcn/hkwnnus/ibmil?page=nt5y3&q=lj6th,0
https://netflix.com/awh.js,0
https://wikipedia.org/dai?view=v9s86,0
https://wikipedia.org/fau/xqxcjq/cuvhg/chcckwhm.css?lang=awbeo&lang=ff3yi,0
https://google.com/psckb/ejzefnpc/bvaequu.css?view=eg69i&lang=iaxxr,0
https://&pagegroup=*&url=$script/frvly/utnfurrg?utm_858=gxhrgf,1
https://apple.com/viewcount/record-page-view?/zhuqa/bkrmrn,1
https://microsoft.com/o_tealium.js,1
https://cdn.shopify.com/neohstyw/czdyick/rlkxvzom,0
https://cloudflare.com/opinionlab.js/vqs/dmp,1
https://adobe.com/falyzde/ttpz.svg,0
https://cdn.shopify.com/wp-slimstat.min.js/bwbtebv,1
https://cloudflare.com/lzbhec/oiq.ico?id=uze3g,0
https://google.com/stats.php?*http,1
https://amazon.com/rkmmoesj/nvbqg/agiuez,0
https://adobe.com/analytics_wbc.min.js/wli/qbwgg,1
https://youtube.com/bfqabvko/ojkvfix/xpr/xiixzrh.ico?lang=1jh96,0
https://.content_tracking.js/smbuf?campaign007=flejna&campaign409=vcihqj&utm_456=gykgtk,1
https://wikipedia.org/tfqtj/hxgdzh/aks/xzfu.ico,0
https://amazon.com/nmenvq/yxnkqvua.css,0
https://microsoft.com/PhoenixGoogleAnalytics.min.js,1
https://adobe.com/ebogps/jszbsep,0
https://linkedin.com/nqva/fik.css,0
https://microsoft.com/google_tag.script.js/eil/cvrqx,1
https://reddit.com/embzqfvp.css?id=pgvh2&id=sgh5q,0
https://microsoft.com/nxxy/tlguh/wgjut/fotnh?q=i5258,0
https://youtube.com/shopify-boomerang-/fvcoticx,1
https://wikipedia.org/views_tracking/*/qlyqs,1
https://reddit.com/feuael/cljha.woff2,0
https://microsoft.com/megacounter.php/xofalkn/ahi,1
https://microsoft.com/v1/viewport_events,1
https://reddit.com/uqruiq/iwuulu/splmle.svg,0
https://apple.com/axnypw,0
https://apple.com/jthstu/elzl,0
https://instagram.com/mixpanel.$domain=~mixpanel.com/iiivh,1
https://youtube.com/tc_analytics.min.js/eabt/mrr,1
https://wikipedia.org/wjxsi/fmmlcjuw.woff2?page=7gf11,0
https://youtube.com/IIQUniversalID.min.js/fufbzp/oumldx,1
https://cloudflare.com/beacon/perf,1
https://wikipedia.org/log?id=,1
https://linkedin.com/ib_pvcounter.php/gebuit,1
https://youtube.com/tracker/?key=/ote/uqo,1
https://youtube.com/shgjl/mmyq.css?q=bvqzn&lang=265s0,0
https://cloudflare.com/jiyepprm/blzno/jezqu/iir.css,0
https://reddit.com/hybsk/unbisl/xowabbnj.woff2,0
https://google.com/pdor/dmwhelyy/unm.css,0
https://wikipedia.org/fzpqxjyi/vwwg/ubwliqa/lfulpv.png?id=5cvxx&lang=qhad6,0
https://youtube.com/kaizentrack/resources/scripts/script.js/xons/xmy,1
https://netflix.com/glujkq/ltgwz/pxyka?q=s4q0g&theme=2cd7f,0
https://youtube.com/irowv.jpg?view=y9xfp&lang=bw0t6,0
https://reddit.com/dm.gif?/gfebbde,1
https://adobe.com/pv/?aid=,1
https://youtube.com/gatag.js/bblnxt,1
https://facebook.com/VisitorIdentification.js/epsthad/xpfal,1
https://netflix.com/gioywjze?theme=ku4in,0
https://amazon.com/qck/fwmzxfa/smfagr,0
https://amazon.com/ezkxbsag,0
https://adobe.com/lubrnz/duopnae/eyo.woff2,0
https://netflix.com/geocompteur.php,1
https://amazon.com/odjzfqij/jvoepol/ukaiwrq.png?theme=xqq6y,0
https://google.com/phenomtrack.min.js/rxhdheqc/tvmnuqj,1
https://cdn.shopify.com/clicktracker.js/pbznxpfr/jyww,1
https://twitter.com/eluminate?/jbnmnog/bkgd,1
https://reddit.com/rbgnyxrx/fonwi?view=ntf70&theme=b3iwi,0
https://amazon.com/fccxdni?q=zud7n,0
https://wikipedia.org/ninokci/kzb/mjt?page=wfhoa,0
https://reddit.com/googletagmanageranalytics.js/elenginl,1
https://reddit.com/ixsrb/nygxlloa.svg,0
https://google.com/InsightTrk/guuidSkeleton.do?/ezhoc,1
https://cloudflare.com/hjux/sjsgnuhl.svg?page=iy45h&lang=zyj80,0
https://netflix.com/xmrxwq/pzaqhkp/xlya/teyd?q=cslul,0
https://adobe.com/bxxmmnit/xsukr/ylhtyqe?q=k17ml,0
https://microsoft.com/emos2.js,1
https://apple.com/cwhqndb/bmkh/dkayc,0
https://-inview-tracker./hwevxlae/urchc?affiliate559=cwsphv,1
https://wikipedia.org/mvhbshe/vhw/trsw.svg,0
https://youtube.com/psfoiisg.svg,0
https://youtube.com/activity.gif?/idnc,1
https://microsoft.com/svjn/bvgonh/tow.woff2,0
https://twitter.com/vvo/glq.ico,0
https://cdn.shopify.com/tracking/log?/ijj/prct,1
https://twitter.com/nnxs.jpg,0
https://cloudflare.com/atxoedcv/qthgy/iyk,0
https://cloudflare.com/bmy.js,0
https://cloudflare.com/ajax/eulerian/*/tog/rmi,1
https://twitter.com/ejhx/ekv/udijmz/ylxnnb.png?view=0uwbv&id=vlxga,0
https://apple.com/page/page_view/vcu,1
https://youtube.com/yomcf.woff2,0
https://linkedin.com/iaod/kob/dzzzqs/bki.ico,0
https://cloudflare.com/rzlc/ctfl.css,0
https://linkedin.com/gdfhq,0
https://netflix.com/hli/gluli/hzisivm/ardk?view=ngzt3,0
https://wikipedia.org/xgemius.js/grzy/xvwnmciz,1
https://twitter.com/nupaol/ocmqy,0
https://microsoft.com/umyfka/cpd,0
https://reddit.com/ViewCounter/*/ftbvbx/siqzd,1
https://cloudflare.com/bstat.js,1
https://apple.com/vycxhwg.svg,0
https://?type=page&event=/qhlpaqyt?utm_018=yuinae,1
https://reddit.com/uutils.fcg?/ogmgtbl,1
https://facebook.com/outLoging2.js,1
https://twitter.com/sgh/ruqklad/mtau/ahss.woff2,0
https://adobe.com/bsrckfmq/yubqnkqf/pqxb.woff2,0
https://linkedin.com/rguk/frtpa/lfvjtffs.jpg,0
https://adobe.com/sgzrvmr/jqvp/ahaypefk/xzq.png,0
https://google.com/wmnpiys.svg?lang=8kv4q&q=d7d37,0
https://facebook.com/xstat.aspx?/plwmuny,1
https://wikipedia.org/anwj/hnyliptd.svg,0
https://facebook.com/stctgs/pch.jpg,0
https://linkedin.com/kzxjpguj.css?lang=2e9b1,0
https://google.com/vgzbu?view=ngee4,0
https://cloudflare.com/shreddit/perfMetrics/cphld,1
https://reddit.com/ynrinzi/mvf/eenls.ico,0
https://instagram.com/jfaxk.woff2,0
https://apple.com/mpjzyjna/gienounw.png,0
https://wikipedia.org/otcqq,0
https://.skimlinks.js/ppb/bhw?ref=304=xfspfe&affiliate950=fhifgs&utm_182=seccmf,1
https://linkedin.com/fyj/zmgzfzdx/tbzq/gkjs.js,0
https://cloudflare.com/syyfpf/zgfntro/yzzhbj/gxl.svg,0
https://cdn.shopify.com/pixeltrack.pl,1
https://instagram.com/elzawejh.png,0
https://netflix.com/rej/zxdo/jqxzbrqm.css,0
https://adobe.com/spojnju/wmw/eramx,0
https://twitter.com/chtmsv/bucmyz?theme=kimjz&theme=78ccq,0
https://cloudflare.com/ms-widgets/tracking-cookies/*/lamhg,1
https://amazon.com/ddp/qmhnfg/dhkdq.png,0
https://adobe.com/evbrn/orasvvj?lang=kjul7&id=knqoj,0
https://linkedin.com/RecordAnalytic?/cbhj,1
https://netflix.com/chcounter/counter.php,1
https://google.com/complianz/v1/track$xmlhttprequest,1
https://reddit.com/dzogkk/ijddi/bkiuk.jpg,0
https://youtube.com/qzrmdzhj/rfxwjy/ejrs/btqbiybd.svg,0
https://google.com/mjtqji/djpnabhm.svg,0
https://instagram.com/pvyg/obclvqr/fdxme/yseeewgm.png,0
https://adobe.com/vach/bropgrvv,0
https://reddit.com/pexzez/vgznhw/mvma.ico,0
https://wikipedia.org/bstat.js,1
https://wikipedia.org/wvedey/dfezfk/gawp.png,0
https://apple.com/szl/sojqgx/eic.woff2?id=nztry,0
https://cloudflare.com/bhilsg.ico,0
https://facebook.com/cbndobd/yorton/slrlw.js,0
https://adobe.com/sitecatalyst.js,1
https://instagram.com/wlokc/abi/wigygbv.css,0
https://cdn.shopify.com/xceqqsn/fwgrceri/nemrsnpc/cjoz?view=wjn1x,0
https://google.com/buvh.png,0
https://cdn.shopify.com/quusfh/yhlgii/ecl/ooaci.ico,0
https://netflix.com/generate_204?$image/vqcvas/haqshf,1
https://linkedin.com/ufub/jaoamvoe.svg,0
https://facebook.com/mdvwpjqj/lxeduj.woff2,0
https://amazon.com/sfcojxm.css,0
https://amazon.com/daoln/lknu.ico,0
https://facebook.com/yjplre/nbhuziaq.svg,0
https://linkedin.com/trade/in.php?*&ref=/ytkjlct,1
https://microsoft.com/cdadhyno/spn/plhd.js,0
https://youtube.com/wtlmsnwr/rucvlk/ufgf,0
https://microsoft.com/stat_vue.php?,1
https://google.com/ezgcppol/nauwczwd/zoeiuc.js,0
https://amazon.com/callbacks/stats?/inlr,1
https://apple.com/itqqdhv/bicv,0
https://cdn.shopify.com/trackingpixel.php/ofnsz,1
https://youtube.com/ftloj/pnf.png,0
https://google.com/baiduStatistics.js/wtosle,1
https://cdn.shopify.com/fmgdbx,0
https://?log=united-impression&/twdrdmz?cid460=royxzg&affiliate775=rsscat&sessionid468=ccmtrv,1
https://twitter.com/tzqfe/dxbq/ebdgusbi.jpg?view=7v4ox,0
https://cdn.shopify.com/xxo,0
https://facebook.com/gfend,0
https://youtube.com/collect?iid=/qhkj,1
https://reddit.com/yrgkbekh/rkgeua/qhsp,0
https://-tracking-pixel./hbgyf/mewr/mkfh?cid019=dzlzav,1
https://adobe.com/oxAnalytics.js/srqxpy/keymn,1
https://reddit.com/xezynh/pwfxcbq.ico?lang=zpaoa,0
https://google.com/vkw/pcw/tsuabz,0
https://_stat_counter.php?/tgdtfus/uagw?affiliate665=motuww&campaign728=rdnjpu&cid171=sngjvb,1
https://apple.com/iauso.ico,0
https://facebook.com/kjgpp/gprcr/ewpaqrz.ico,0
https://netflix.com/asvmfho/jmw/oxx/tzfxi.ico,0
https://instagram.com/ezxzsqtr/gnccr.jpg,0
https://cloudflare.com/voxdlg/egap?id=395uf,0
https://youtube.com/vqsioof.woff2?lang=ehmrh&theme=9h1cr,0
https://facebook.com/tcxtmvt/jcqx.js?q=s853i,0
https://amazon.com/xjyb/aovm.js,0
https://facebook.com/cfformprotect/js/cffp.js/coxmqn/bnnzuh,1
https://google.com/hxonl/pfl?view=aerho&q=7v5j5,0
https://amazon.com/bbgniu/gmkn/jvo/gvlukz.woff2,0
https://linkedin.com/yhh/ekp?page=jyyul,0
https://microsoft.com/licsc/orkjuq/bgss/jbfdims?id=r74sq&view=ljlop,0
https://youtube.com/qowo/qqt/wcz/xnmhqsvi?id=7jls6,0
https://microsoft.com/collect?r=,1
https://apple.com/cxense-candy.js/zmrud/ita,1
https://_social_tracking.js/pnh/zsnepah/ainlrs?utm_903=rifvhh&affiliate633=pfwmpw,1
https://netflix.com/fln/ebubbkxq?q=04aiq,0
https://netflix.com/metrics/ga.js/fipz/bugsfn,1
https://netflix.com/uxnyupe/wmke/gpwe?q=ztopt&page=9i4vy,0
https://apple.com/statcounter.js/siemuc,1
https://twitter.com/stat/fe?/yvkcta,1
https://youtube.com/gasocialtracking.js/lrhd/iiduh,1
https://youtube.com/gawmdqjz/hnvcyyws/heosekp/vyf,0
https://youtube.com/fhim/lowj.js,0
https://netflix.com/tmeczb/krezjx?lang=97mh6,0
https://linkedin.com/doctracking.js,1
https://amazon.com/astracker/ast.php/iuxdq/lygqv,1
https://adobe.com/ajax-track-page-view/*/staebwmi/okznxk,1
https://adobe.com/jljicw.jpg?view=pg87o,0
https://twitter.com/iMAWebCookie.js/urbagr,1
https://google.com/irlykgr/pdkbyk/vdsp/krganfdi.png?page=grij5,0
https://.php?tracking=/hfsgwjcj/fewzuhx?utm_766=lctupu&campaign497=wurtkp,1
https://reddit.com/ryzoztcb/vxaezga.css,0
https://amazon.com/bzxwesye/zlpzio/kkuie.ico?id=36qbn&q=mqzvr,0
https://youtube.com/clicklog.js,1
https://adobe.com/siwzlh/jtuokl/mqi/aouhj.ico?view=ux0oh,0
https://microsoft.com/uiiw/usl/mtpup.css?view=emvn2&lang=lme3t,0
https://amazon.com/uezvzug,0
https://reddit.com/igqs/qivtv/gankly.css,0
https://cloudflare.com/ohd/vcx,0
https://youtube.com/soho/wftsfp.svg,0
https://netflix.com/aojpfutc/juexwvn/acsc/zauxj,0
https://instagram.com/printtracker.js,1
https://cdn.shopify.com/lrbev/fwyqocfo.png?q=fa524&q=kflhv,0
https://twitter.com/hs_track.js,1
https://microsoft.com/whgzbr/bpls/gazl/trbggqsw.js?id=apfi6,0
https://instagram.com/wmjmamud/kuchefkv/jrn/sybcd,0
https://wikipedia.org/dcnig/wcfc/pbakq/xpwsoo.png,0
https://google.com/obdece/zcqokrt/nqxyficq,0
https://?pageviews=$third-party/jeqw?affiliate682=iyxpmo,1
https://twitter.com/tracking?vs=,1
https://youtube.com/tcvfvp/atclkz/ofwtg/ipkntim.jpg,0
https://cloudflare.com/aznyhi/xwtntal?theme=iqtgu&page=371d2,0
https://youtube.com/pbpegp/wmd/sdxr/uliru.css,0
https://##.embed-responsive-trendmd/vwec/bjmdxlcj?campaign116=tkvmrm&affiliate591=mlussr,1
https://netflix.com/huze/lbqu/xkz/xwxsq.ico?id=r2394&q=40iq4,0
https://reddit.com/stat/event/*/gwovkg/cwkneioh,1
https://linkedin.com/mpjjc/jcyt.ico,0
https://amazon.com/qmcmy/dgop,0
https://adobe.com/tgu.ico?view=9rees,0
https://facebook.com/count.png?,1
https://wikipedia.org/onulovab/fdnzpqhw.png,0
https://twitter.com/xcku/jiqqdzl.woff2,0
https://apple.com/ucxv.svg?q=5xdgr,0
https://twitter.com/jdvd/bnpusuj,0
https://youtube.com/nuncqd/yzrkxh/knl/yejv.png,0
https://facebook.com/tnsjyypb/dob/qfe/sfzopbk.jpg,0
https://amazon.com/ahvcy/kpgakzs.svg?view=wy2sh&page=bmwra,0
https://google.com/ucod/gsmljeh/byucra.css,0
https://youtube.com/GoogleAnalyticActionLib.js,1
https://twitter.com/njxjg.js,0
https://cloudflare.com/fdj/ceevbe/zwjfl.ico,0
https://twitter.com/googleAnalyticsTracking.js/urbvkfez/zljrbdje,1
https://netflix.com/whzf.svg?id=66ulu,0
https://apple.com/rlf/fly/vnfmsfl.css,0
https://amazon.com/bi/doop/*$ping/poedrmr,1
https://amazon.com/htwab/xcnrcq.png?q=g8dk6&q=9b9rl,0
https://apple.com/rseide.jpg,0
https://linkedin.com/analytic/pageview/pudbitx/qcfk,1
https://apple.com/urvqfvfy/lhdql.jpg,0
https://linkedin.com/trackpixel?/rduptma/bcgrd,1
https://adobe.com/farkj/xjogazer/qzsxr.jpg,0
https://netflix.com/bcfvl.woff2,0
https://youtube.com/matomo.php,1
https://youtube.com/analytics-ping.js,1
https://google.com/_owa.gif?/jdvxmjs,1
https://amazon.com/rum.min.js/lkiqgre/ssuwhlf,1
https://-click-tracker./mrvtwn?sessionid273=ghfjsj&sessionid691=zvrfdj&utm_559=dssdoj,1
https://facebook.com/giehbmit/rikxuv/ckvpwc/vqvsd.woff2?theme=16z0d,0
https://?action=tracking_script/rmlxevh?ref=174=jgyaqe,1
https://wikipedia.org/s_trans.gif?/qldvp/ifh,1
https://google.com/gjyv/aseps/llyscd/nhx.woff2?q=o6nyg,0
https://cloudflare.com/bfe/ihi/xawxswyl.css,0
https://amazon.com/hsrbzho/yvz/gwhubkvn.woff2?theme=ncmcs,0
https://amazon.com/rum-track?/ofz/helb,1
https://twitter.com/fyfv/fngnhrg.woff2,0
https://linkedin.com/eqvxk/nhwhqn/igx,0
https://youtube.com/fawdmwia/crpvd/wut.ico?id=oce1r,0
https://cdn.shopify.com/ngyl/gfclgbf/tlqq/etiywyrn.ico,0
https://linkedin.com/nzgxdtsr.png,0
https://_trackWebtrekkEvents./ldiqmtv?ref=278=ajuvpm&affiliate166=vncmuo&campaign791=nhhwpo,1
https://apple.com/SessionHit.aspx?/qenlgat/iftqf,1
https://youtube.com/analytics/ga.js/swenh,1
https://cloudflare.com/pv/?aid=,1
https://netflix.com/jengn/aqrjk/rtd/xhoxmo.png?view=xbe13&view=2d9j0,0
https://cdn.shopify.com/ewfa.ico,0
https://wikipedia.org/bow/mds/uvpl/tpuws,0
https://google.com/roeiu.css,0
https://adobe.com/track?cb=,1
https://wikipedia.org/gcx/yplssk.js,0
https://microsoft.com/cyk.js?lang=csttm&view=e4gcl,0
https://netflix.com/qmgyqti.jpg?lang=ywiqb&id=kk3cn,0
https://youtube.com/kjk/unxdhhyh.css,0
https://reddit.com/cgi-bin/ivw/*/ntf/bsbg,1
https://instagram.com/honeybadger.min.js/wsegumvm,1
https://cdn.shopify.com/hawkeye.js/sgcmppe,1
https://youtube.com/truehits.php?,1
https://microsoft.com/bjgc/umm/lszmstp.js,0
https://google.com/ewowl/edxpivt/yuccg/cbgwtuf.ico,0
https://microsoft.com/qezstu/mhjas,0
https://wikipedia.org/lpmw/wirub/ugrhy.png?id=t0gwr,0
https://amazon.com/akqm/vlixiwre,0
https://instagram.com/pfgszg/pew?lang=ejblx&page=3jf5b,0
https://amazon.com/mteojko/rjhrg/uacd/nctdalf.jpg,0
https://wikipedia.org/gaFunction?,1
https://cloudflare.com/blt.jpg?lang=dtrns&theme=h5b80,0
https://cdn.shopify.com/wyquzvcz/dbbftq/nyaasrju.css,0
https://cdn.shopify.com/kaiseki/script.php/knmgknu/sziipup,1
https://netflix.com/TrackClick.,1
https://microsoft.com/btrack.php?,1
https://youtube.com/oval_web_analytics_latest.js/eql/pdxtxutd,1
https://microsoft.com/uid/aoa/ykhnra/jahxwqpp.js,0
https://cloudflare.com/qcrofji/bio/emdgsbpl/ogn.png?lang=t2g5o&theme=y4iad,0
https://reddit.com/countly.min.js,1
https://adobe.com/site_tracking.js/bzpbcp/pvrtixj,1
https://cloudflare.com/cjs/dehs.png,0
https://youtube.com/rvoxafoi/pav.woff2?page=rmuup&id=0z65r,0
https://apple.com/gtm-listeners.js/omsw/twytaluc,1
https://apple.com/Engagement/TrackEventAsync,1
https://.php?action_name=/cckvujqg/gwzyyurl/poph?cid382=wxnjda&sessionid311=ufmqks&cid941=pbfheb,1
https://wikipedia.org/ycelsff,0
https://cdn.shopify.com/jgdrkbm.css?id=4i0qu&q=ct6q8,0
https://facebook.com/mumshe/wpndb/rvcdmfya/oqjh,0
https://adobe.com/transpix.gif/lrgwi,1
https://netflix.com/logImpressions?/acikq/ycqnbfn,1
https://google.com/pfugh/ynbvuz.css?lang=8ggon&page=iqwza,0
https://wikipedia.org/ynlgs/wmmn/hihybzqq.woff2,0
https://wikipedia.org/yrabkudz/ixxo?page=53ama&lang=qsfrc,0
https://microsoft.com/analytics-ping.js/xjh,1
https://youtube.com/fb-pixel-tracking.js/tyfuwubn,1
"https://google.com/c?siteID=$image,script/yuofgk",1
https://cdn.shopify.com/qxgy,0
https://linkedin.com/autotrack.custom.js/zuvuuljf,1
https://wikipedia.org/tenant.min.js/svsxdd,1
https://twitter.com/brbazkk/efr.js,0
https://facebook.com/setwtr/wvcb/xsnblm.jpg?id=eyksn,0
https://netflix.com/track?data=/dzxsv,1
https://google.com/vmbhcgad.ico,0
https://reddit.com/wwd/qcbkicy/fyu,0
https://cloudflare.com/analytics-secure.js,1
https://cdn.shopify.com/htjfrmk.ico,0
https://amazon.com/twfdcqk/iwhjp/auudupen/qnjeolw?q=8212w,0
https://wikipedia.org/crrgte/cpivgbob/geuhrw/zktmmpxi.png,0
https://twitter.com/eitgbd/tyzcbqj.css,0
https://netflix.com/tqbahqg/khewhpgo.ico?q=63mmq,0
https://adobe.com/uytuwlsv/oph/cobvclxq.css,0
https://twitter.com/wrvigxou.svg,0
https://netflix.com/jyvt/nag/tnllwye.woff2,0
https://wikipedia.org/ztkjmll/ltkf/lgwsnzmw,0
https://adobe.com/vcs?id=8sfij,0
https://adobe.com/pzpjrplw/irjzdtsg/tshlup/tjo,0
https://cloudflare.com/wetsyph/lhgg/ccdnrcd.js?theme=ejxjr&lang=9z73h,0
https://google.com/iiwt/iss/thioodkt/raenawrq?page=wz7ji,0
https://cdn.shopify.com/vzeynu/nwq/dicthnhx.woff2,0
https://netflix.com/xcpaslq/obxmbsw/renk/mtz.css,0
https://microsoft.com/increment_page_counter.jsp/rgld/dylb,1
https://reddit.com/hit_img.cfm?/jihusbih,1
https://?[AQB]&ndh=1&t=/etvay/gshpe/nlxy?utm_292=kgwmnx&sessionid159=agifom,1
https://instagram.com/visitorcountry.svc/*/wpdc,1
https://apple.com/jqzn.png,0
https://wikipedia.org/track_visit.js/uumhsi/sfyafwum,1
https://wikipedia.org/egcs/v2/collect/gbze,1
https://amazon.com/ynezk/gkmque.css,0
https://reddit.com/iflphkmg/suzghhb?id=ckrq6,0
https://microsoft.com/ixr/nosvtpp/uyrc.ico?page=n7jgw,0
https://linkedin.com/mnxcyy/uucb/gcogwm.svg,0
https://adobe.com/gppdp.css?theme=cl0b4,0
https://reddit.com/fowfmukm?theme=kcbl7&theme=9eer7,0
https://twitter.com/fjy.js?id=tltqs&lang=ftac9,0
https://amazon.com/gxskeprg/ezprdsv/xjnp.jpg?view=8e5ah&id=csxhe,0
https://adobe.com/mtof/njphf/hxmx/qoqa.ico?theme=adivl,0
https://adobe.com/dhfb/upgwkm/ujperibm/fyvgarc.woff2?lang=2bfo2,0
https://reddit.com/fbcounter/counter.cgi/aumm/uydlio,1
https://google.com/ddfj/pfif/gigsg.js,0
https://amazon.com/ldy.svg?lang=yx67q,0
https://linkedin.com/analytics-event.js/zkfztm,1
https://apple.com/zwxptsen,0
https://amazon.com/kvw/lxhnvig/qeamyh.css?view=wl0qw,0
https://reddit.com/tofnxlb/aehrgoz/jjuads.js,0
https://google.com/jwcmdmi/nvxslyn.ico,0
https://reddit.com/logclick.js/fjacbm,1
https://twitter.com/aviurn/vefy/gsmzvcdl/unfzeq.css,0
https://linkedin.com/ibazj/howsu/hxczumbl.js,0
https://wikipedia.org/log.php?referrer=,1
https://apple.com/pwfer/aoahwwc/uvgxa/ozm.jpg,0
https://reddit.com/pageview?pageId=,1
https://instagram.com/fnuu/satzy/punucdl/hglrqb.js?page=2515f,0
https://netflix.com/iwttolt.ico?view=dba5d&q=dk06l,0
https://microsoft.com/wtam.css,0
https://wikipedia.org/gnjupm,0
https://netflix.com/zpsesmi/cjsf/qzvc.ico,0
https://apple.com/shrneped.png?view=6qiey&view=a4k2e,0
https://cloudflare.com/counter/collect?,1
https://apple.com/kafcajs/mja.png,0
https://linkedin.com/cbhvqztf/rrczmrr/tcf/ybq,0
https://reddit.com/plfcl/kubpssb/kbyxf/xsrxktos,0
https://cloudflare.com/jgs_portal_log_bildschirm.php?/qngtb,1
https://adobe.com/pyjc.woff2,0
https://?action=track_visitor&/uuh/hja?utm_755=miqilv,1
https://netflix.com/dmp/uodj/ezlpidd/tnxsziay.js,0
https://apple.com/ot_e404.gif?,1
https://microsoft.com/tpinmx/zikgtqwm,0
https://youtube.com/counter2.gif?,1
https://adobe.com/ybagflh/hldyig/zbc,0
https://adobe.com/glochi/rnfbd/icsn.png?lang=oq5yz&lang=3hohu,0
https://amazon.com/bpe/aron/tjx.js,0
https://facebook.com/ddfmz.css,0
https://amazon.com/opinionlab.js/zpxhzmtc,1
https://wikipedia.org/tonl.png?id=yeif9&id=rp9wn,0
https://youtube.com/wetwcy.woff2,0
https://adobe.com/referral-tracking.min.js,1
https://linkedin.com/rrdgikyx/hrrzl/rtd/rxqdsqj?view=7xwr3,0
https://netflix.com/zcdxkg/jbcjn.woff2,0
https://wikipedia.org/npudmoxn/ulqbcoid.svg,0
https://twitter.com/wjrrchc/vfwpmkcr/xfqxxp.js,0
https://microsoft.com/viewTracking.min.js/bvzm/ankljpc,1
https://cdn.shopify.com/iui/buts/kfxfzre.js,0
https://netflix.com/mmtyoang/llctccvz.woff2,0
https://cdn.shopify.com/pv_count.php,1
https://facebook.com/ifk/kzi.woff2,0
https://.php?ping=/cnls/pun?cid245=xtmnwa&campaign133=hhapip&ref=449=nfwklu,1
https://twitter.com/bbteqox/vuw/dbulmf.js,0
https://netflix.com/fgjcwsrh.svg,0
https://google.com/jdr/wldap/lxbi/gljlc,0
https://microsoft.com/roitrack.cgi/zofmevq/ikzogx,1
https://adobe.com/count.gif?/zzpk/jyyabfzs,1
https://instagram.com/dvdn/zogsncoi/kvujug/lmebaqt.woff2,0
https://twitter.com/ftu.ico,0
https://instagram.com/vqktg/inrmxs.ico,0
https://amazon.com/pkfm/nivgv?lang=cxj8v,0
https://apple.com/pageTracking.js/ucw/bzadhfl,1
https://reddit.com/tracking.asmx/AddTrack?,1
https://twitter.com/fajgchg/ugyds.jpg,0
https://netflix.com/hllezuw.js?q=qde5x&page=by7k0,0
https://instagram.com/tkrtuq/lxeo/ygetus/oerm.jpg?theme=10ny8,0
https://facebook.com/zhavui/ivr/hlvo/tpydgz.woff2?lang=xt55x&page=2j2pj,0
https://netflix.com/gaxl/jmknncd.js,0
https://microsoft.com/phbga.css,0
https://reddit.com/bxsnbe/auohry.js,0
https://linkedin.com/alf/kzqwc/bboy?page=oheuu&page=r0dvg,0
https://adobe.com/whjos/fuqva.jpg?lang=5zhwj,0
https://cloudflare.com/pef.svg,0
https://amazon.com/jyfbyaf/kiiwg/dcknlrzs.css?id=3y03l&id=e727h,0
https://reddit.com/srp.gif?/wbz,1
https://apple.com/ucb/bsqvrflc/zzbf/dykfbll.js?q=39g03&q=c7c7w,0
https://microsoft.com/s/js/ta-2.3.js?/rlygjt/wzwteh,1
https://google.com/shopifycloud/shopify/assets/shop_events_listener-$script,1
https://netflix.com/strak.php?t=,1
https://cdn.shopify.com/ybbbli.js,0
https://instagram.com/bwpiizwg.png,0
https://cloudflare.com/ezlrczj/vdr/utizp,0
https://instagram.com://segment-api.,1
https://twitter.com/jzlt/ybgwnk.svg?theme=gq7uz,0
https://adobe.com/track_js/?/dpap/woxsrqr,1
https://cloudflare.com/api/trk?,1
https://netflix.com/zcwwqpl/nzww/yyfpzxi.png,0
https://adobe.com/apnvzbtu/zjtef/jqpyrucv/dzff,0
https://apple.com/know/nuwas/hwltlpf/fgk.png,0
https://youtube.com/keuux/ppfwz.svg,0
https://cloudflare.com/mint/?record/sgepph,1
https://linkedin.com/gukwo/chmdxb?q=taeuc,0
https://twitter.com/fnc/tmenjmkd.ico,0
https://cloudflare.com/uuig.ico,0
https://wikipedia.org/awds/xsbcp.woff2?id=0vnak&view=wnfgl,0
https://youtube.com/txx/aiy/tnhcrqf,0
https://youtube.com/kjtifuea/zojmpnsu/sau,0
https://apple.com/act.js?view=2ee4w,0
https://cloudflare.com/page_counter.js,1
https://microsoft.com/nqyspws.ico,0
https://linkedin.com/OtAutoBlock.js/emb,1
https://instagram.com/session/update-beacon,1
https://linkedin.com/vaodvems/nyxq/izuad?theme=1aqjz&lang=8yh46,0
https://google.com/tracklib.min.js/vappi,1
https://facebook.com/jrdierh/rrxj.css?theme=il131,0
https://wikipedia.org/sensorsdata.$domain=~sensorsdata.cn/inggdokw,1
https://instagram.com/dhtvbx/uvctged/zpt.svg?theme=n2q5o&view=bmlq8,0
https://microsoft.com/collect?v=/ljycr/ccr,1
https://.php?stats=/znvjs/akdlhk?sessionid089=bdynyc&cid315=hpjobg,1
https://twitter.com/icad?id=lb0kd,0
https://microsoft.com/cmrjfu/frzf/mtqurko,0
https://instagram.com/pointeur.gif?,1
https://cdn.shopify.com/caev/hqccdnf/dcri/amirest.svg,0
https://adobe.com/qfsaggs/szohdze.js,0
https://twitter.com/ubel/esrmbc/sffff/sjmvy.woff2,0
https://apple.com/freecgi/count.cgi?/vli/clrpffra,1
https://google.com/interaction/beacon/tkqr/ygpy,1
https://youtube.com/jscounter.php,1
https://amazon.com/collect?tid=/dpnyn/dwcvo,1
https://amazon.com/ucwthh,0
https://microsoft.com/web-pixel-shopify-custom-pixel@/wbmwupu/pqylm,1
https://wikipedia.org/lbovn/mir/xhsciuwc,0
https://facebook.com/increment_page_counter.jsp,1
https://twitter.com/prepixel?/meeloa/atgbdnt,1
https://reddit.com/referer/visitor/*,1
https://linkedin.com/jwbf/utuufzm/ettvumyv.js,0
https://linkedin.com/tjijswa/efdxqkkt/onl/izxxq,0
https://netflix.com/oyj/uswkd/fodr/ooprgn.woff2,0
https://cloudflare.com/fb-pixel-dsgvo/*,1
https://youtube.com/ufe/ckusu/kqwkum.png?q=fge8f&theme=83iir,0
https://youtube.com/wduxx/jvjzf?lang=k4zi4,0
https://adobe.com/AutoTracker.js,1
https://cdn.shopify.com/pnilwhsf,0
https://wikipedia.org/uzrdl/wks/lvudlu/ojkiv,0
https://adobe.com/realytics.js/qwegekaz,1
https://facebook.com/bufapxi.jpg?lang=6f2de,0
https://instagram.com/rvup/qtervtw/swurmf/fuayupfm,0
https://amazon.com/njuqb/lbupv/smhfm/intk.js,0
https://facebook.com/vwFiles/analytics/*/iuczgtne/iowxnat,1
https://youtube.com/pqgrj.jpg?page=wuzuq,0
https://cdn.shopify.com/mdv.jpg?lang=e4yyv&id=1hpyi,0
https://apple.com/kutzoxg/hxmbv/utdo/jtv.png,0
https://youtube.com/stats/events$xmlhttprequest,1
https://twitter.com/astracker.js/pty/bcnfu,1
https://reddit.com/ohhur/hss/fcxx.woff2,0
https://cloudflare.com/wlexpert_tracker.js,1
https://facebook.com/jlrtbmet.js,0
https://linkedin.com/amp_pingback/*/nuroxsg/iutltwuw,1
https://google.com/koesarhj/xbnlajne/pta.woff2,0
https://linkedin.com/xeu/pao/eeg.png,0
https://instagram.com/psdh?id=teq1w&theme=uraxw,0
https://facebook.com/permutiveIdGenerator.js,1
https://adobe.com://gtm.*.js?st=/mvnfqh,1
https://apple.com/rt_track.js/zzpajonx,1
https://wikipedia.org/weod/ait/vule/wykcaex.js,0
https://youtube.com/lwamnog/eaaugkm.css,0
https://cloudflare.com/cgypacat/bexmoh/mhp/vvm.css?lang=zcrs8,0
https://cdn.shopify.com/bfmpmgjv/gqrqjes/aaeo/hyiown.jpg,0
https://reddit.com/vopw/pipg/qsin/ewsmtna.js,0
https://netflix.com/zmky/wav/zuy/ucftpxp.svg,0
https://wikipedia.org/wjdtw/skbliiza/zjdonwoh/racfko.svg,0
https://apple.com/VisitorAPI.js/vtwvf,1
https://google.com/zvucva/csrorgie/yhblo/uteakg.ico,0
https://cdn.shopify.com/tptc,0
https://reddit.com/fhstb/ihiruvw/ocz/kiys.png,0
https://microsoft.com/rtoftbkz/ernkb/xfzdlv?lang=6gu7z,0
https://facebook.com/miui/xmcuvbu/wbict/rsbppwxz.svg?view=n2a6y,0
https://youtube.com/zyryozul/hhbpgn,0
https://youtube.com/pmvhgq.js,0
https://cloudflare.com/bin,0
https://?event=performancelogger:/tqsilqim?sessionid841=tqlwcp&ref=523=toexom&utm_912=ejpynb,1
https://apple.com/fwd.png,0
https://adobe.com/ping_hotclick.js/ygfozv/afejxctg,1
https://google.com/pmzzfaa/uvb.jpg,0
https://amazon.com/vljcllgh/hxgakpa,0
https://cloudflare.com/udkvo/gfbkzc.css,0
https://amazon.com/TrackingHandler.js/xacr,1
https://cdn.shopify.com/xmoyvc/zenjrm.jpg,0
https://instagram.com/dweqherz/tsmca/qfvymrq/ylf.svg,0
https://linkedin.com/Hit.aspx?/pkyn,1
https://amazon.com/plugins/nsmg-tracking/*/rwpmxch,1
https://twitter.com/zpavyrkf/vrjqs/xwlty,0
https://twitter.com/submission/pageview/jfd,1
https://microsoft.com/tlbn/klwcdzi.ico,0
https://netflix.com/ViewCounter/*/qbncz,1
https://amazon.com/pt.gif?,1
https://amazon.com/CofinaHits.js/yglt/fyfuq,1
https://youtube.com/dicmrld/qgxi/leueuk?q=bpc56,0
https://cloudflare.com/ipzg/speim/yeph/bflljnat.svg?view=twjyk,0
https://?event=log&/dclopeqg?ref=768=vuuseo&cid132=jiqaok&affiliate192=wnjmka,1
https://cdn.shopify.com/hegsmtqd/vxdgxy/zklu.ico,0
https://youtube.com/guowazko/mfe/rafhq/clouxga.js,0
https://linkedin.com/khn/jojceaff/gtw.jpg?view=an2w5&lang=jm8fg,0
https://reddit.com/renderTimingPixel./qtijt,1
https://youtube.com/qtyjj.ico?id=4euo5,0
https://cdn.shopify.com/s.gif?/xzrrv,1
https://cloudflare.com/lolve/bgaexr/arzigbv.css,0
https://reddit.com/performance/metrics,1
https://amazon.com/ksus/rydmy.jpg?lang=kflcv,0
https://cdn.shopify.com/ekq/tqbhc/wxzydfc/jxf.css,0
https://wikipedia.org/lkoo/wkp/tkikzbu.woff2,0
https://facebook.com/vflg/flhzod.svg,0
https://apple.com/jnekph/qdxuvqd.css,0
https://instagram.com/qgntplg/ynnisdyy.js?q=ycf7g,0
https://instagram.com/chartbeat.js/xcudho/zqq,1
https://netflix.com/symplr-analytics-/sllwnbk,1
https://linkedin.com/analytics/click?,1
https://linkedin.com/referrer.js,1
https://amazon.com/csp_log?,1
https://reddit.com/tilda-stat-1.0.min.js/znu/zrqbqw,1
https://amazon.com/cxzjkcm/mkmz/kqrcvxp/aeiqqhy.png,0
https://linkedin.com/qgrzwl/xnxex/eiurbg,0
https://reddit.com/fdmnqtnj/iaj/rsrklscr.ico,0
https://reddit.com/tracking/trackpageview,1
https://apple.com/analytics_events.js/ecciqleh,1
https://microsoft.com/lagpct/xzk/xsqrtj/eggvoxbo?page=5mxtp,0
https://facebook.com/hsyid/auqscjjd/zkaelo/osrbx.woff2,0
https://apple.com/wutime-adblocktracker/*/ykf,1
https://amazon.com/track_general_stat.php/opgt,1
https://reddit.com/nqlphb/xwlwfygu.js?page=vukmj,0
https://facebook.com/owa.Analytics.m.js/ajvqysz,1
https://instagram.com/1px.gif?/ghvqa/augnn,1
https://twitter.com/vidri,0
https://google.com/bcdhqkc/hiybq/uyx/ilam,0
https://linkedin.com/insyf/deiuebi.jpg,0
https://cdn.shopify.com/detm-container-ftr.js,1
https://cdn.shopify.com/gvdtjik/gecfbzf.css,0
https://facebook.com/mtvi_reporting.js/ntwqlh/bmhsn,1
https://netflix.com/b/ss/*&ndh=/nwj/eagfkkjt,1
https://instagram.com/counter.aspx?,1
https://apple.com/gjhusu/hwdbk.css?page=1gd9x&lang=puc1z,0
https://cloudflare.com/cnpenxww/yoyfq/xghii/xbvuvxco.ico,0
https://apple.com/plausible.js$domain=~plausible.io,1
https://linkedin.com/analytics-gjc-min.js/aavodp,1
https://linkedin.com/wslntbi/yaehaft/fbkqf,0
https://linkedin.com/fsluyw/tmohkss.ico,0
https://cdn.shopify.com/cerina/kbs.png,0
https://wikipedia.org/bcjg/vwcygo/vafxn.jpg,0
https://twitter.com/heo/vam/zslkbmhc.css,0
https://cloudflare.com/rzufhpzk/woifogyb/fyqpbe/noyun?view=sp8f2&id=ipmgf,0
https://reddit.com/pyjlkkco/rdkkin.ico,0
https://apple.com/taboolaHead.js,1
https://youtube.com/nioqdy/nttkeal,0
https://cdn.shopify.com/shd/wghcsli/rkjhnmz/qzuslau.css,0
https://apple.com/cedexis.radar.js/etcalypq,1
https://linkedin.com/qtw.woff2,0
https://wikipedia.org/rxz/ejurfo/mwfgm.css,0
https://youtube.com/kqq/mleb/cya.js?view=o91h5&theme=oe8kj,0
https://twitter.com/phtlyf/crs/jcggcye.svg?lang=r2k2i,0
https://microsoft.com/frow/epddducw.css,0
https://netflix.com/yukqos/nkjmf.svg?view=2xkhw,0
https://instagram.com/ucsqbo/fkbqt/nma/qolo.svg,0
https://youtube.com/ggx/zjmgaufz/pqk.png,0
https://facebook.com/stats/api/collect,1
https://facebook.com/xlwnkcpe/cww/wkfotu,0
https://instagram.com/paln/umlkwjyo/wxvzdr,0
https://.php?stats=/lfyfxpc/til?affiliate178=latrve&campaign518=ohvbbh&affiliate486=vkgppz,1
https://netflix.com/kyrfg/mzt.css,0
https://google.com/pmw/fluhlhs/khl.png,0
https://adobe.com/collect/sdk?$domain=~iugu.com/rspnyc,1
https://.skimlinks.js/ymcz/csq/rmtqod?ref=843=nfaamc&cid212=rshzau&cid199=fsmqog,1
https://.php?ping=/ywcsigv/vyhjl?affiliate132=sawtne&affiliate341=sqpynl&affiliate970=ghsjfv,1
https://instagram.com/metrics-backend/*,1
https://wikipedia.org/ckzaatpq/mxojx/xlr.js,0
https://apple.com/page/unload?/gvqxwnv/xmec,1
https://adobe.com/qju/whnmopu/ukeuol/lvezfi.css?view=4b9lx,0
https://twitter.com/tvhhnv.jpg,0
https://instagram.com/xmklru/yztnea/swdpqynh,0
https://microsoft.com/arkxg.jpg,0
https://youtube.com://analytics.*/event,1
https://google.com/bdsdzhng.svg,0
https://twitter.com/gff/rif/sgprtp.ico,0
https://twitter.com/zclhtqct/mvx/snqqcl.css,0
https://adobe.com/jqxivbns,0
https://instagram.com/cgi/count?/gpzijqs/oxddtajl,1
https://youtube.com/anametrix/cas.js/ztaeplg,1
https://facebook.com/qwwranem/hxcobw/erkcs/omh.woff2,0
https://twitter.com/vijng/xxqen/lsmvjev/zwdlgc.ico,0
https://apple.com/eqygvksn/soiyb/yqvsrzfu/qmiqx,0
https://linkedin.com/ellgy/utl/vzmed/vbhas.png,0
https://reddit.com/hrrr/umkm/ezwllo,0
https://google.com/bgdez/lcnqwem/xldbw/hlfaj?view=ftrj7,0
https://amazon.com/page_analytics.js,1
https://youtube.com/ihbjexh/xlhpkq.js,0
https://?logType=impression&/smrrsg/zlnpiq/oeetb?cid997=klhiyi&cid727=jtdjow,1
https://amazon.com/sevxnvs/yzwgabh/zfqgc/owdedmjl.js?lang=a5d8k,0
https://wikipedia.org/ujhd/vfr.png,0
https://netflix.com/uqcf/vnkjuct.jpg,0
https://reddit.com/bwkfftqy/xsfc/muhiej/bltl.ico,0
https://linkedin.com/pfa/oet/vwinfft,0
https://reddit.com/tphxr/hsxrs,0
https://linkedin.com/outv/mtmumzo/bwgkxe/yqnbiqrx.png?view=kpvjb&view=7jnfr,0
https://amazon.com/0.gif?,1
https://amazon.com/RcAnalyticsEvents.js/gflasc/exvcqk,1
https://adobe.com/doasn/lyzlvc/ezrab/quf.woff2,0
https://?[AQB]&ndh=1&t=/rtzj/ostnua?sessionid685=fthsff,1
https://apple.com/dbalo.woff2,0
https://instagram.com/npo?lang=4azlu,0
https://reddit.com/hbrferey.woff2,0
https://netflix.com/yyym/iuk,0
https://google.com/zmypj/sfmuq,0
https://reddit.com/WebAnalytics.$domain=~webanalytics.italia.it,1
https://youtube.com/cwt/uuh/txbm.css,0
https://netflix.com/certifica.js/ovjnjb/dvai,1
https://amazon.com/evi?theme=nryh4,0
https://youtube.com/xztd/dhuh/jki/jbyc.png,0
https://?[AQB]&ndh=1&t=/uqcyr?ref=756=hnuptw&cid655=flhsww&ref=135=qxhgtt,1
https://youtube.com/gwfrwnv/def/mduaj/lxvtvbg.ico,0
https://adobe.com/analytics/adtags?,1
https://cdn.shopify.com/stat.htm?$domain=~192.168.0.1|~192.168.1.1,1
https://instagram.com/yin/tdelez.woff2,0
https://cdn.shopify.com/amp-skimlinks-/rdneertj,1
https://microsoft.com/wftvswuh,0
https://cloudflare.com/autotrack.js/wjs/bwpui,1
https://wikipedia.org/trk?t=$image,1
https://microsoft.com/knj/rdvbqk.jpg,0
https://cloudflare.com/dqo/qqjp.ico,0
https://google.com/uaxuy/duk/tqpld.css,0
https://netflix.com/hzv.woff2?view=jtdxv,0
https://_social_tracking.js/zzhj?ref=636=donrlk&utm_226=sfvatr&campaign730=cgqdfp,1
https://wikipedia.org/TrackView/*$xmlhttprequest/ososyphf,1
https://youtube.com/tmyxfd/kis/iwbo/krurzw.svg,0
https://wikipedia.org/dyey/pvxchm/unekvxs,0
https://amazon.com/ktcm.woff2,0
https://cloudflare.com/dtgjv/mxmnyi/grstma/hhnkyc.woff2,0
https://apple.com/ms-widgets/tracking-cookies/*/eiaxgix/poblnid,1
https://cloudflare.com/abe/zey/btk/ogdgp.css?view=63s11,0
https://wikipedia.org/pageTag?,1
https://reddit.com/puounpo/gjbvkls,0
https://reddit.com/quuv/dkut/jze/cuzphsjy.png,0
https://reddit.com/nteaw/nmab/vmbtracb?page=6gsf2&page=73e0f,0
https://adobe.com/omzzraq.png?theme=84wdy&theme=hrte6,0
https://instagram.com/yoapdngk/clvnkx,0
https://youtube.com/analytics/amp/*/dcjebiij,1
https://apple.com/ifyiflzn.css?lang=nhz1p&lang=5ifre,0
https://linkedin.com/xujo/wxmbcomu/rgfp.woff2?page=hrvyi,0
https://apple.com/api/pixel?/aubri,1
https://facebook.com/wuw/mwhnp/hmiqk.woff2,0
https://netflix.com/tracking/universalJSRequest.php,1
https://instagram.com/yztpjdnd.png?view=nyhpf&theme=ivqnh,0
https://google.com/cxpyh/wplf,0
https://reddit.com/mibvxht/ync/rge/sfaqlwv?lang=6qvb9,0
https://google.com/nbdkqt/kkw/rfrwf/nzwlqgc.ico?page=ul9x4,0
https://amazon.com/imllpwm.jpg,0
https://linkedin.com/userfly.js,1
https://twitter.com/status/impression?/ydbrnpj/jredbttb,1
https://twitter.com/gwh/orxtlemz/ycrwc,0
https://linkedin.com/ghyd/lqmq/hurfh.png?theme=gk4uw&page=vdkgg,0
https://twitter.com/noknqq/bahpug/ywsoacrn.ico,0
https://instagram.com/pvnoju.js,1
https://instagram.com/rtracker/ofs.rtt.js/qiq/woyir,1
https://-click-tracker./ivjfq/dew?cid219=xgkwsu&ref=282=wmuvaj,1
https://microsoft.com/bbh/mweu/ztdsu/gwa.woff2?theme=1bdtx,0
https://apple.com/kmwti.woff2,0
https://&pagegroup=*&url=$script/wgpk/zjoeuql/lvkot?sessionid978=cedkwa&ref=765=mjpewa,1
https://instagram.com/qyy/zcixp/qguhfpc?q=w4fjm&q=fg3nm,0
https://cdn.shopify.com/xvnfw/fgtitfl/grxn/qujd.js,0
https://amazon.com/hugkct/gnh/yypf.svg,0
https://google.com/misites/*/ntoli,1
https://cdn.shopify.com/screencount?vcid=,1
https://reddit.com/rfynbl/qtaz/wjmtz/bvfi,0
https://instagram.com/vsn.ico,0
https://twitter.com/aseiwuc/fkyd/cjuh.svg,0
https://cloudflare.com/ndae/hgqzjka/cjq.ico?theme=4wk72&q=q8ao7,0
https://twitter.com/lfnt/jfk.js,0
https://linkedin.com/kfnkzbww/ujk/hwpydex,0
https://cdn.shopify.com/qtke/dcdrztc.png,0
https://reddit.com/fslin/wyhkjdb,0
https://instagram.com/header-pixels.min.js/nhooytw,1
https://linkedin.com/zydkmcs/qwgycdw/ksq/jrynklx.svg,0
https://apple.com/hgwce/qao/oos/ekjh.css,0
https://youtube.com/pvnoju.js/dzejktnz,1
https://cdn.shopify.com/xxmjt.css?id=zszo4,0
https://amazon.com/nbo/zhdfpzh/axevz,0
https://linkedin.com/analytics-reporter/*/nma,1
https://netflix.com/msvccbrg/vjuyeu.css,0
https://youtube.com/fzr/lbktzyz,0
https://netflix.com/ataqpcwr/loplu.ico,0
https://adobe.com/gruio/krpvtht/pyr/nhaqyoa.css,0
https://reddit.com/zbws/dcnxcb/scgxjdr/qwsqozdp,0
https://cdn.shopify.com/hlcf/lof/ljqapxea/sshdbm.css,0
https://apple.com/xwv/ncepezh.jpg?page=nco2z&lang=1bi7r,0
https://facebook.com/zvj/hretzly/jsqsdb.ico,0
https://youtube.com.com/log/?/ymi,1
https://adobe.com/ynfgidrn/oadhr/yixl,0
https://facebook.com/kkijjck/ftuhx,0
https://instagram.com/hxe/whudx/dplmrtzw,0
https://linkedin.com/ygjbm,0
https://reddit.com/fwx/nqeetprz.jpg,0
https://twitter.com/error/js/log?/lihfs,1
https://wikipedia.org/geo.php?/buenjkoz/qdkdqnog,1
https://.php?logRefer=/zueol?sessionid274=bingol&utm_529=gnvmpp&utm_611=ncjwap,1
https://instagram.com/ztbxr.js?page=qjszk&id=jzm6z,0
https://netflix.com/ulwi.woff2?page=bqr6l&lang=tnxv6,0
https://youtube.com/gyavdqk/uqjkaiq,0
https://instagram.com/uem-ep.js/iexxees/kolcdayx,1
https://microsoft.com/udka/hqe.svg,0
https://microsoft.com/cionlpr/lww/hrnjdt/xveyty?id=bljxh,0
https://apple.com/annqu,0
https://microsoft.com/czy/mkb/cglsxas/okvy.jpg,0
https://google.com/gnmnc/fbbqphyx/ermejtjv/txltngv.js,0
https://youtube.com/sophus3_logging.js/vflq/oznui,1
https://?v=2&tid=G-$~third-party/omg?affiliate795=eujkxg&cid372=ngjruj&sessionid204=pjtjob,1
https://cdn.shopify.com/qbztqiy/hzlqe/cbi/snbnjo.png,0
https://wikipedia.org/xqljigj.jpg,0
https://.eloqua.js/gahslpts/vqrehygg?sessionid854=yywlmk,1
https://cdn.shopify.com/ssl-intgr-net/*,1
https://linkedin.com/somtag/logs/*,1
https://?action=track_visitor&/bbgq?campaign785=zalqbp,1
https://microsoft.com/kmon.svg,0
https://linkedin.com/uedata?/rvpitf/zivd,1
https://amazon.com/r.gif?/dkgrpjy,1
https://apple.com/xdslsnv/dtqdnyor/yiasyas/vcdt.png?theme=h7v07,0
https://?action=tracking_script/tdzxj/nxn?ref=121=cuqbxe,1
https://instagram.com/geoip?,1
https://twitter.com/lumx/rrq/mpuzez/pca?theme=1u14n&q=q9vdx,0
https://instagram.com/comscore-min.js/wpmzif/nic,1
https://reddit.com/dyqfda/advye/vzcut/utbbp.ico,0
https://apple.com/itpav/rwr.woff2,0
https://twitter.com/tdj/agfrzb/uduvu?view=kh9q1&id=jgzis,0
https://wikipedia.org/com.snowplowanalytics.snowplow/*$domain=~7plus.com.au/vrql,1
https://adobe.com/wwkc/satusb/sal.jpg,0
https://wikipedia.org/azagj/rfcnn.woff2,0
https://cloudflare.com/dylbojet/tsdsiv.png,0
https://netflix.com/hcuy/rjs.js,0
https://microsoft.com/create-lead.js/fghgjh,1
https://reddit.com/TealeafSDK.js/twsfdjsx/sjgt,1
https://apple.com/imfizf/xpxum/nhfkc/zttlqsdf.js,0
https://reddit.com/yafb/fchq,0
https://instagram.com/xdhb/tnejsy.woff2?q=8qzp0&id=jhn90,0
https://linkedin.com/xtclicks.js/tcefnfx/nvjgxm,1
https://cloudflare.com/dvvxp/dqyfndfi/vdaxcpps/viygcriv.jpg,0
https://netflix.com/hhx/igjpjh.jpg,0
https://wikipedia.org/__ub.gif?/lgm,1
https://youtube.com/lunametrics-/lfdln,1
https://facebook.com/mqdq/mswq/ggqcwlpp/brkwjr.woff2,0
https://google.com/cuqpyjk/niawrnx/ksfbr?id=fmnxi,0
https://youtube.com/pykqff.svg,0
https://microsoft.com/xyu/otqkqsuu,0
https://twitter.com/wtoyuhmr/gcmdx/znlxj.png?view=825jj,0
https://apple.com/gfks.ico,0
https://adobe.com/log?documentUrl=/ehv/uzo,1
https://youtube.com/dvnfc/aatgkjjd/czighm.svg?q=xlq6o&view=co0bx,0
https://linkedin.com/wyq.jpg?q=i4514,0
https://instagram.com/gwxdjcgy,0
https://netflix.com/mwqb/yqagtox/hhpmgz,0
https://reddit.com/yyjblam.jpg,0
https://facebook.com/mdoitce/obnjnm/ffbz/ieh.jpg?view=fwq0m&lang=3zqll,0
https://wikipedia.org/sfmud/qngasw/eqbateq.woff2,0
https://microsoft.com/hlph/nrd/rbyiuga/nbbz,0
https://google.com/zvaluojy.jpg,0
https://google.com/xvqxfncr/fkc/evegciog/ykbpkq.png,0
https://cloudflare.com/usage/Clickstream?/hvwnqcce,1
https://wikipedia.org/gvpon/ntglpjdy?view=1vz3u&id=au9qp,0
https://apple.com/fsuqybb/aupibrs.js,0
https://cdn.shopify.com/tuaaekqr/iaju/zzy/xphw,0
https://cloudflare.com/wrxleuu/hefoh/msj/jkjb.jpg,0
https://netflix.com/pixel.*/track/*/izznswpz,1
https://reddit.com/utiqloader.js/jgcsebjk/fvkg,1
https://.EventTracking./pos/regjs/ehfkcqax?campaign518=nxyjhm,1
https://cloudflare.com/jppmfidy,0
https://microsoft.com/hbcd/bhug.svg,0
https://reddit.com/nmm/kdbkgtu/cokf/eoi.js,0
https://amazon.com/gdhjwblq,0
https://netflix.com/ecanalytics.js/drh,1
https://amazon.com/xboabvl/tgbizkk/jwlvi.jpg,0
https://cdn.shopify.com/grd,0
https://cdn.shopify.com/plugins/stat-dfp/*/cnp,1
https://cloudflare.com/page-analytics.js/dloir/kdrac,1
https://twitter.com/knfkrs.jpg,0
https://google.com/mfalcrd/izidltut/vjgjr/kmgcdy.jpg,0
https://facebook.com/analytics/visit.jsp/wjatuj,1
https://amazon.com/getstats.js.php,1
https://linkedin.com/atnrcxo/jmlbt/fqf.css?page=4ez37&id=7fw13,0
https://wikipedia.org/lrmaefpw/uyug.svg,0
https://microsoft.com/hicd/dql/lxv/ieiss.css,0
https://linkedin.com/lusfsk/cxewmzgc/eqx/dwejvjlv?q=dqzk7,0
https://apple.com/mxwx/mfgg/tfwbp/rcov?view=l5cg7&id=71oyv,0
https://apple.com/fp/top_fp./cpaezi,1
https://youtube.com/kiuk/ycedfdt/anqw/fapiplu.ico?theme=sdply&id=lu0kr,0
https://google.com/xejjfpon/nxcr/edqsohj/vwp,0
https://facebook.com/njf.png,0
https://adobe.com/yguhom/agsx,0
https://reddit.com/rubzvfg/nhvmk/zjecarga/rkottjjd.js,0
https://instagram.com/sentry-browser.min.js/jcpv,1
https://youtube.com/wfzelzt.woff2,0
https://reddit.com/pp/micro.tag.min.js,1
https://cdn.shopify.com/index.track?,1
https://wikipedia.org/cxqedi/ensiez/givqgw.woff2,0
https://wikipedia.org/nif/uhhpu/tjkzl/zqc.jpg?q=ma8w3&q=w24o4,0
https://linkedin.com/efln,0
https://cloudflare.com/utm_cookie.js/kchkgo/rbwzlz,1
https://linkedin.com/yor.svg,0
https://?event=log&/fec?campaign328=hxheuj&campaign795=xohgss&affiliate404=hwwuiz,1
https://amazon.com/ietmdv,0
https://instagram.com/vkobcs/ndtrys/bwdvo/vfpde,0
https://_logHuman=/lzovkyl/haigsxo/boofxhqz?cid584=nhyzji,1
https://adobe.com/stwvaxdz/zedactnp/iipi/zjdledco.jpg,0
https://adobe.com/bjviw.jpg,0
https://cdn.shopify.com/log?documentUrl=/srs/eigxpo,1
https://wikipedia.org/nzfozolz/tcf.js?theme=jh2pq&lang=2v4zn,0
https://apple.com/statscounter/*,1
https://microsoft.com/autotrack.carbon.js/hfwxrvj,1
https://youtube.com/lgbvb/myhtyxi.ico,0
https://twitter.com/itqhbdw/xng/sqzhvzk/gqm.png,0
https://amazon.com/ltdwe/akdqqama/pkbqubl.ico?theme=11hjl&id=tw50w,0
https://reddit.com/rrweb-record.min.js/asqkn,1
https://-inview-tracker./gvmtvhud/ecfgeu?affiliate746=fjuhgs,1
https://facebook.com/sjpzt/xcwia.ico,0
https://facebook.com/wnzbrt.ico?page=k16xl&q=ibx9t,0
https://linkedin.com/xqgq/sfklug?theme=g2phb&id=x6wpt,0
https://facebook.com/trackClickEvent.js,1
https://google.com/yjrg.js?id=17r2a,0
https://cdn.shopify.com/mlqgxu.jpg,0
https://apple.com/gsh/xjogsc/crc.ico?q=j44vg&q=pgz0k,0
https://cloudflare.com/ovaijxk/ecjbjz/ciftj/dkohth.css?q=n9fvj&q=fil5v,0
https://netflix.com/wp-rocket/assets/js/lcp-beacon./rnhr,1
https://cdn.shopify.com/ysgyz/foybwlxg/wexrjkom/bum.ico?id=hych3&lang=3px15,0
https://netflix.com/cache_warmer/track/*/fjxixwjg/cmza,1
https://microsoft.com/rowuapmg.js,0
https://instagram.com/hvsu,0
https://google.com.jp/pv?/soozh,1
https://facebook.com/cuhengjv/itwsrbvz?theme=8j3yi&page=5fndz,0
https://adobe.com/xhlj/smvoysyn/uvkdnrr,0
https://microsoft.com/jwr/hal,0
https://adobe.com/mkiu/oiihcwm.jpg,0
https://.EventTracking./pggz?sessionid466=jsfbzy&sessionid343=ypjcvt&sessionid695=ffxvkc,1
https://twitter.com/ltl/owfpkn/bwmwn/vtvkdr.ico?q=i3epb,0
https://apple.com/sp-2.0.0.min.js,1
https://youtube.com/xvpvsul/ukc/wpyup/nivqoil,0
https://instagram.com/hbeidnlt/hqug/ozfvywkc?page=e4ibr,0
https://cloudflare.com/session/preparecookies?$domain=~mirapodo.de|~mytoys.de|~yomonda.de/ilh,1
https://youtube.com/ceosypso/whit/aefaveei/bax?view=c7vt3,0
https://wikipedia.org/qxnl/axepelo/lfuqqt/nbashk.js?theme=yc67a,0
https://apple.com/cyuphukh.js?page=xmbzt,0
https://twitter.com/ga-tracking-,1
https://apple.com/yywtill,0
https://cloudflare.com/ldwci/yuyysqzs?lang=ijpjh&page=u18e1,0
https://cdn.shopify.com/dlr,0
https://youtube.com/spuybhq/nvqahh.png,0
https://apple.com/ogtmrhmp/ekel/rkjwl.css?page=y3934&page=z8o5t,0
https://reddit.com/dffw/ivaeblv.ico?view=xnh50,0
https://adobe.com/hitv4.php/yiu/ykwilvq,1
https://netflix.com/trendmd.min.js,1
https://instagram.com/sxtl.png,0
https://linkedin.com/moz/mltu/yuvrhz.css?lang=tc6w6&lang=ipm4n,0
https://netflix.com/wurconbx.jpg?id=fbafb,0
https://amazon.com/jwdzq/iglhlbb.js,0
https://cdn.shopify.com/criteo.$domain=~criteo.blotout.io|~criteo.github.io|~criteo.investorroom.com/njmuktmp,1
https://cdn.shopify.com/fingerprint2.min.js,1
https://twitter.com/wtd.gif?,1
https://_stat_counter.php?/wxlnlx?ref=846=dmocsl&campaign537=qugzzn,1
https://cloudflare.com/jjok/yvaamtw.woff2,0
https://adobe.com/zpx/fdmcmn.svg,0
https://cloudflare.com/accesstracking/*/ikde/khtz,1
https://instagram.com/kffvir/nprf.jpg,0
https://amazon.com/qyfszu/pbt.ico,0
https://amazon.com/czkwnv/azidt/ifeyl/wxavphoz.svg?view=0wrra&page=6yxo9,0
https://wikipedia.org/api/v3/trackSegmentEvent,1
https://netflix.com/eluminate?/oxebe,1
https://instagram.com/yczl/zqdx/sjslcyms.jpg?id=zfh1b&theme=0zsz0,0
https://cloudflare.com/dbfahrzt/cls.svg?theme=ldce6,0
https://youtube.com/wigvts/bwvh.js,0
https://apple.com/cmow.png,0
https://twitter.com://internal-matomo.,1
https://instagram.com/rhqgcqkn/kxk?view=pk9w2,0
https://amazon.com/session/update-beacon/fwgjulxp/man,1
https://adobe.com/sdf/lxvjl/ahcjuk.svg?id=q9prf&theme=rijyn,0
https://wikipedia.org/kameleoon.js/xwof/opqcrgm,1
https://?action=event&/aclfuke/nxjmcq/rpcadypi?utm_340=hvgbql&campaign878=iwxomz,1
https://wikipedia.org/cefirm/sdaeei/tvz,0
https://twitter.com/gckaodq/yukzgvbw/mnvlqy/upkkw.png?page=im5cl&id=wa53f,0
https://adobe.com/adblockLogger/*/sde,1
https://reddit.com/gzjuaae/kupramkv/iczbfw.svg,0
https://cloudflare.com/vkhhqt/gtci/cqgo?theme=hfgzv&theme=xrlfp,0
https://google.com/yvmsql/efjhtp/qbmfl/nnnnjw.woff2?q=cwcog,0
https://facebook.com/vlrtue/ornhwt/glqncfth.png,0
https://twitter.com/vcdtndwx/gnygijwy/szkecowp/encya.js,0
https://linkedin.com/fdmcro/dolq/gjdgn.woff2,0
https://wikipedia.org/bznlig/fncozoxt.ico,0
https://apple.com/hrw/basgsr/woxz.ico,0
https://cdn.shopify.com/exactag.js,1
https://netflix.com/wf-beacon-/okd,1
https://instagram.com/twk/anieil/bnfooskg,0
https://facebook.com/odywpq.jpg,0
https://instagram.com/zchhgy/mpp/mwpm/rqpe.woff2,0
https://linkedin.com/jjjizx/jaln.woff2,0
https://google.com/ga.jsp?$image/eifgam,1
https://wikipedia.org/axjj/vzikhjz/gghgbt/cfxqzl.png?q=absdv,0
https://instagram.com/jrutq/xelbyc/nemxqwp/wck?lang=1qx0w&q=82f61,0
https://twitter.com/v1/stats/track,1
https://cloudflare.com/pmpjejr?q=33lm5,0
https://facebook.com/xtecle/lkliwll/ohnt/rinzi.woff2?q=z8u4a&q=uthcj,0
https://youtube.com/fp/clear3.png/slyd,1
https://adobe.com/rpc/log?,1
https://instagram.com/pvmax.js/szrwxd,1
https://?local_ga_js=/rtvdss/mwg/xhha?campaign548=ngshfu&affiliate947=pesafe&campaign048=qhtjhs,1
https://.php?logRefer=/vvrqfvuw/vflx/opo?affiliate635=lepvpz&cid583=zyubfa,1
https://netflix.com/_tracking/*,1
https://adobe.com/roi_tracker.js,1
https://linkedin.com/pbhurtp/qxkxdby/dnq.jpg,0
https://linkedin.com/amp/opkax.png,0
https://google.com/cnstats.js/icbtry,1
https://facebook.com/egymsca/bcwzsa/hmvxwrv,0
https://wikipedia.org/wtyld.woff2?theme=x96o6,0
https://youtube.com/wwkpet/uprjaohj/clphhj/yqlnzc,0
https://google.com/view-tracking/*$image/twotmcty,1
https://adobe.com/LogImpression?/musajzo/bajeh,1
https://wikipedia.org/gfgjn/kzamkm/vrhl.ico?theme=i8xz6&page=9j1zo,0
https://cloudflare.com/eajxy.js?view=yt75u&id=9k41k,0
https://instagram.com/eyonbqc/isvixey/fjimvq.woff2,0
https://cdn.shopify.com/omat/rbaj/jsp.png,0
https://google.com/gcf/foswsbgl.svg,0
https://amazon.com/avdnqlce/fxbgef.jpg?view=7qilx,0
https://microsoft.com/plugins/exactmetrics-/rpumxys,1
https://facebook.com/kqy/ilwuqu/zyss,0
https://##.embed-responsive-trendmd/acrbvxvt/pgrvdhmm?campaign194=nyeiet,1
https://apple.com/adr/wfblnxdb,0
https://amazon.com/wthim/scxrk?page=l7vtl&q=c3ket,0
https://instagram.com/stats/ga.js,1
https://netflix.com/apzaaffq/nneyi,0
https://linkedin.com/sentry-tracing.min.js,1
https://?action=tracking_script/rek?ref=186=eueyau&sessionid919=kpdjes&ref=164=ygccuo,1
https://microsoft.com/ga-targets.js,1
https://wikipedia.org/AccessCounter/index.cgi?/obxlv/keltoez,1
https://microsoft.com/wstats.php?/jxzncmgq,1
https://apple.com/kxl/xonsng/gxosq/problbl,0
https://twitter.com/xpoba/lmdse/krzq/qnfuiqd.js?theme=h2wcv&page=12xjf,0
https://wikipedia.org/plf/zmhyhc?theme=2agyu&lang=ky2dx,0
https://apple.com/VisitTracking?/mosoetvt,1
https://google.com/rclcwsij/xqqrfyp/uui,0
https://netflix.com/nnlbipf,0
https://reddit.com/rbetjom,0
https://instagram.com/cotmmk.css,0
https://amazon.com/znokid/vxctxz/tjgr/etsdc.css,0
https://cloudflare.com/hklo/nufkfl/wvjmo.svg,0
https://microsoft.com/vgzclcaa/fznqziy/gdehlff/euc.css,0
https://facebook.com/divolte.js/ajgr/cknoskc,1
https://facebook.com/drb.js,0
https://reddit.com/skhadq/xfvjpfts,0
https://apple.com/qms.ico,0
https://apple.com/gsddn/wqish?view=vu0h5&lang=jwcaj,0
https://linkedin.com/tracking.jsp?sid=/kalxx,1
https://microsoft.com/cpfyldd/abmtun/rivps/ixevjnu.css,0
https://facebook.com/jon/sek.svg,0
https://amazon.com/track/aggregate?/eacqi/cewnhny,1
https://cdn.shopify.com/rarrbv/rhpwt/mzplg/suei.ico,0
https://facebook.com/loggingService.js,1
https://linkedin.com/ltvvi/shbbmt.woff2?id=ebr05,0
https://adobe.com/etztbfj.png,0
https://apple.com/xvnj/dzkgmro/uwuanah.woff2,0
https://twitter.com/sofbe/gnzai/xcmnmkg,0
https://twitter.com/dlkutos/cpk/ayzskfks?view=wh9fw,0
https://reddit.com/elqcfg.js/rdaj/hwahbrub,1
https://facebook.com/urlntq/vop/ypam.ico,0
https://_stat_counter.php?/gbkxml/exrjminh?campaign240=gdthuh&ref=170=rlxfks&sessionid228=ikmqeg,1
https://google.com/ahdi.ico,0
https://cloudflare.com/qpd/byexj/gtdmsob/ixgwrvg.png,0
https://linkedin.com/gkl/hyreb/twallucb,0
https://twitter.com/qzmvyeeu/uarwhd.jpg,0
https://cloudflare.com/dsaynzpa/fhkyg/tan/gjmqkuq.png,0
https://microsoft.com/aap/stats/ngzvb,1
https://youtube.com/mevohx?page=j6rtz,0
https://cloudflare.com/kedia?lang=z0c9i&id=9490y,0
https://twitter.com/LandingPageHitLog.aspx?/vvt,1
https://instagram.com/fqcjtli/wwnafkso.woff2,0
https://wikipedia.org/tdmzsj.js,0
https://twitter.com/cmhjji/ejhu,0
https://cdn.shopify.com/xdhpn/qmw/mcv.jpg,0
https://cloudflare.com/mbnl/jfhqcqkt.css?lang=ifz8j&theme=6otad,0
https://instagram.com/eqq,0
https://instagram.com/vcycyt.ico,0
https://adobe.com/keywee.js,1
https://apple.com/rollbar.js/kgsxfub,1
https://reddit.com/czoze/qbqwpus.jpg,0
https://amazon.com/gyz/kbdhl/ljmhwh/aduwygq.jpg,0
https://netflix.com/rlonuksq/ugw/rfmk/oxkfr.png,0
https://youtube.com/rgqbiwy/pmnptuj/robbpox.woff2,0
https://cloudflare.com/firebase-performance-compat.js/toakf,1
https://instagram.com/videotracking.js/mdgoy,1
https://apple.com/mhhhk/cqcekhr/sevgcwfu,0
https://cdn.shopify.com/stats/api/collect,1
https://cloudflare.com/mptt.js,0
https://cloudflare.com/fhsmiv/tqowpsw?view=kzcpm,0
https://cdn.shopify.com/wxzc/paod,0
https://reddit.com/qknpmntg/pri?id=g8w1j,0
https://twitter.com/gmvpmo,0
https://netflix.com/ocf.svg?page=hrjg2&view=1rhyt,0
https://apple.com/api/event-rfkj/*/bajko,1
https://reddit.com/web-pixel-shopify-app-pixel@/rbuatf/gxeejmii,1
https://netflix.com/in.getclicky.com/*,1
https://cdn.shopify.com/ttfiax.css,0
https://twitter.com/ejn.jpg,0
https://facebook.com/articleOmnitureTracking.js,1
https://wikipedia.org/wdk/gzf/ytqu/hvw.js,0
https://twitter.com/kupcbry/ghwk/bjpyvw.js,0
https://youtube.com/pixelpropagate.js/lbnn/qos,1
https://cloudflare.com/mae/gglwfct/heuboxgo.js,0
https://google.com/otzssetl/qgtx/zgpm.ico,0
https://facebook.com/addLinkerEvents-std.js/simjqb/yeszxe,1
https://facebook.com/api/pageactivity/vkvlb/pvrekkg,1
https://amazon.com/xtclicks.js,1
https://adobe.com/brightedge.js/urleze/dwjjjhlw,1
https://wikipedia.org/aztracker.js/pqwdi/emdoqmw,1
https://instagram.com/fqsyiqwm/acz/ddbnv?lang=0djbb,0
https://reddit.com/evwncj/qxo/mjwhhmj,0
https://wikipedia.org/qzcf/cpxgq/nfu/metb.woff2?id=iaj8w,0
https://adobe.com/fcmvglbt/fat,0
https://twitter.com/TouchClarity.js/ledydnvt/aeehu,1
https://google.com/fjakg.png?page=swp87&lang=d1gum,0
https://netflix.com/pxrc.php/fdm/iykyk,1
https://twitter.com/SiteSearchAnalytics.js/fpkc,1
https://wikipedia.org/twos.ico,0
https://adobe.com/mjlrqamj.woff2,0
https://amazon.com/rcfnf.jpg,0
https://cdn.shopify.com/shs/qoomdkr/xay,0
https://netflix.com/g_track.php?,1
https://reddit.com/faciliti-tag.min.js/egdyte,1
https://google.com/wkdg.ico,0
https://wikipedia.org/qeofysxs/rpfuz.woff2,0
https://adobe.com/assets/smarttag-$script,1
https://apple.com/sjlwej/jqa/fixl/zrfflvy,0
https://netflix.com/count.php?/hvri,1
https://netflix.com/dbwpenvu/cmtl/mqskjiy?lang=j6p22&theme=ibc4j,0
https://google.com/rnybjh.css?lang=uyw17&lang=qbfcy,0
https://wikipedia.org/babhmdpk/nqr/wbr/izpwf.js?page=775j4&page=n0nfq,0
https://linkedin.com/touchclarity/logging.js,1
https://microsoft.com/dedr/tquizgwt.png,0
https://microsoft.com/gwmb/cpemc/mcwzwpkm/mnpa,0
https://?log=player-*&stats_tkn=/gphz/eqsm?utm_075=ewkrkv&ref=886=vadgco&campaign812=aebarx,1
https://microsoft.com/counter5.min.js/dophjbzd/frfudtew,1
https://cdn.shopify.com/hwfwgan,0
https://netflix.com/ebs/wrcin.js,0
https://reddit.com/rsdis/lcw.woff2,0
https://?action=tracking_script/hsmz?cid569=obwxpp&campaign310=zsazao&sessionid154=fvaeuh,1
https://youtube.com/obPixelFrame/*/rhdwgy,1
https://instagram.com/mkyfb/yluogqmz/bzarafqu/vupk.css,0
https://apple.com/qgloukex/ywjugkv/iqjn?page=v2ej7&view=6oi5r,0
https://apple.com/voycxi.jpg?theme=181iy&q=567gf,0
https://netflix.com/urzcih.woff2?theme=3pzjq,0
https://linkedin.com/tc_analytics.min.js,1
https://cdn.shopify.com/dortpfel/osiso,0
https://cloudflare.com/mir/vtqv/jyt.jpg,0
https://reddit.com/divolte.js,1
https://facebook.com/utrr/letsw/vwtvda/vnasl,0
https://wikipedia.org/track_js/?/vyqi,1
https://microsoft.com/ybe/dzlirry/wyehak/iztctkzs.svg,0
https://reddit.com/uijur/xxaivaa/epgjyg/ngetf.woff2?lang=5hrfy,0
https://netflix.com/tracker/imp?,1
https://twitter.com/uakxddj/ebtxmno/gtjlvcqb/vtpei,0
https://apple.com/lrsest.svg,0
https://facebook.com/ocounter.php/allryrw/udzhawg,1
https://wikipedia.org/nyk.png?q=h12h2&q=gpgme,0
https://cdn.shopify.com/ieaiukw/tqz/qyhehca.js,0
https://instagram.com/vodlpe/xscbzt/kvte.jpg,0
https://microsoft.com/gparkv/gjz/yvkrh/grksz.jpg,0
https://adobe.com/ecab/wxin/bhxxoz.woff2?theme=6ncf2&page=cbsd2,0
https://wikipedia.org/zsthzszc/gzwa/qulkeuj/pvfyeq,0
https://facebook.com/fe_logger?,1
https://microsoft.com/exactag.js,1
https://google.com/hcjay/otuxxwxc/xolynt/bnwudrcj.ico,0
https://linkedin.com/tixq,0
https://cloudflare.com/clicky.js/uwbfs/kahvhq,1
https://facebook.com/iwnhtjz/yakjd.css,0
https://google.com/rul/bicyrf.js,0
https://instagram.com/iqggsoz/fbpfzo/eufzrei.css,0
https://cloudflare.com/ystat.js/pcdgq/ubr,1
https://amazon.com/nnrylqk/pdcuyfq?id=u9zz3,0
https://apple.com/gseq/unlq/zso.ico?theme=c6oyf,0
https://linkedin.com/UniqueUserVisit?,1
https://linkedin.com/eghaoktp/omgiqe.js,0
https://microsoft.com/mylkpxk/akrebij/ynwrlwfp/lwbsu.css,0
https://wikipedia.org/difsfzvi/gxecibzx.svg?page=s72b2&id=bmwd8,0
https://amazon.com/pv_web.gif/zxixgilx/zeve,1
https://apple.com/qhy/pcm/ymanshwb,0
https://cdn.shopify.com/stat.htm?$domain=~192.168.0.1|~192.168.1.1,1
https://linkedin.com/?record&key=/aqeija/opav,1
https://twitter.com/ofldk/mhm.png,0
https://cdn.shopify.com/qks/idsq.ico,0
https://netflix.com/xgeuxyqe,0
https://youtube.com/scxp.svg,0
https://adobe.com/dscpvwhz/qjz/udnyfmto/pcriqq.png,0
https://facebook.com/yvoz/jnpy/lgf.svg,0
https://adobe.com/fytph/bacx/ngz.css,0
https://instagram.com/dwk/pey/ykstlay.svg,0
https://instagram.com/videojs.ga.min.js/ornart/zecajrl,1
https://netflix.com/xylatxpe/kfne/ymm/maoaktf?page=5lgh0&view=9bpuu,0
https://facebook.com/analytics-helper.js/ebd/ryehw,1
https://twitter.com/geoAnalysis.js/xpex,1
https://reddit.com/kxyhe/mhfyxcl.jpg,0
https://adobe.com/counter_3.php,1
https://facebook.com/xstat.aspx?,1
https://reddit.com/hnvuzafp.png,0
https://cdn.shopify.com/base/es5/bundle.js,1
https://amazon.com/elqimg.js/utmmzywh/xucvjuwd,1
https://google.com/kwmgy/dxxh/rwv/womzf.jpg?theme=r2srq,0
https://youtube.com/pqcc/kxjvv/wlp.svg,0
https://adobe.com/event_log/*,1
https://wikipedia.org/akgehsy.woff2?page=nht7y&lang=tbk6v,0
https://youtube.com/trackingEventsBlocks/*,1
https://twitter.com/rym/xtvirtg/hkwwos/qpmt.png?q=ksvvr&lang=qrnsi,0
https://-track-inview./esxydioj?sessionid157=wvwrlu,1
https://cloudflare.com/hsnqdou/hlfjxtr/xoafajzo/ylkvmco,0
https://wikipedia.org/analytics-efukt./mzq,1
https://youtube.com/PageTracker.js,1
https://netflix.com/onlinecount.php/zzr/adru,1
https://youtube.com/qkfwiywk/zzmrv,0
https://wikipedia.org/kbnuopw/wrvjkem/ack/wqcoiaux.js?page=txv08,0
https://youtube.com/scs/xmoj/sbt.jpg?lang=iiirb,0
https://facebook.com/xopzbro/pbdqm.png,0
https://amazon.com/stkxgj.css?view=3x8hc&theme=s8v26,0
https://.beacon.min.js/sheie/mukl/mgbjcnnq?ref=385=dmlnyf&affiliate591=xtitpl&affiliate815=vzuiir,1
https://cloudflare.com/degn/pfkm/nqwwv/pfpjn.js,0
https://amazon.com/jkiljk.ico,0
https://reddit.com/rrwyj/ohwbymh/kac,0
https://reddit.com/kvns/iwureqnf/iro,0
https://wikipedia.org/hc/activity/zdomycb/wywqb,1
https://reddit.com/qqx/ubrzxi/qqwf/swvd.js,0
https://twitter.com/jwfut.js,0
https://instagram.com/jcczxfv/yylimfd/jzdn/vqx,0
https://amazon.com/gdlrfy/enbgud?lang=by58e&lang=zq0md,0
https://reddit.com/vepajbxw/jypp/zzpwncg/tmxy.js?theme=kt5cn&q=ru5ll,0
https://facebook.com/metrics/statsd/*,1
https://cdn.shopify.com/miu/lhaqt/npnnqrmg/lwxxb.svg?id=o9d6k&theme=20rza,0
https://amazon.com/trackpagecover?,1
https://cdn.shopify.com/aguiy.ico?lang=9izwi&theme=b62za,0
https://instagram.com/exwt/kjyj.css?theme=gk53t,0
https://google.com/otiiar/glpjygj/udi/dsuj,0
https://netflix.com/xtsxock/uhkevvb/wujqjp?lang=71cf5,0
https://google.com/phtn/atkb/bhrkla.png,0
https://google.com/wrtfl/srim/zvu.ico,0
https://apple.com/logjs.php/zax/olhay,1
https://instagram.com/events/view?/ambtp/pucxxvb,1
https://reddit.com/pomegranate.js,1
https://wikipedia.org/aseanfg/tbkxxxeb.ico,0
https://twitter.com/x_track.php?/ykeu/psbm,1
https://instagram.com/ixeypmuk.css,0
https://twitter.com/cmp/messaging.js/mdhaem,1
https://wikipedia.org/bftkifd/fubkbw/fagp/erdpkat.jpg,0
https://instagram.com/fp/clear.png,1
https://cdn.shopify.com/vhagd/arnfbcbc/dwjaryxv/ddvt.ico,0
https://wikipedia.org/hitcount/*/osemknbb/yzqj,1
https://twitter.com/fukjzhn/mhfalz.css,0
https://cloudflare.com/xwczdyb/nrnvqri/cnqnin,0
https://apple.com/hywpa.png,0
https://wikipedia.org/fytja/qgo/tprq/ipr,0
https://facebook.com/eluminate?,1
https://google.com/lbwy/mjf/jhuhygjp.js,0
https://netflix.com/uocgz/irr/pivlnpmv/qllw.svg?page=7kq3d,0
https://netflix.com/trk/api/*/hpuyrso,1
https://apple.com/bpy.ico,0
https://cdn.shopify.com/emgzstc/tpqb/mmj/ivvqj.css,0
https://apple.com/gwhv/oee/tsriv,0
https://reddit.com/wgrgtj/mimbvxr/imk?lang=inv70,0
https://cdn.shopify.com/wgwxn/vzmf/wsh.png,0
https://apple.com/emtj_tracker.js/mzi,1
https://apple.com/mistat-data/onetrack/onetrack.js/deqn,1
https://facebook.com/pv?token=/nfxoyhvt/auklnc,1
https://adobe.com/ija.png?id=nghw4,0
https://microsoft.com/ekll.woff2,0
https://cloudflare.com/lovfp.ico,0
https://cdn.shopify.com/tdutjws/rnggudyy/otig/wlbcuq.css,0
https://wikipedia.org/token?referer=,1
https://adobe.com/fzseyn/suszto/xclxl.svg,0
https://cloudflare.com/collectsysteminfo?/rkecgki/zdwxc,1
https://youtube.com/trackIt.js/ybwqzaun,1
https://.php?action_name=/zsjmzneh/yevvn/iyvy?affiliate526=mntrxu&cid188=vqasbv&utm_569=dcmmlo,1
https://adobe.com/cgeymqx/ewnh.svg,0
https://adobe.com/qdvl.css,0
https://linkedin.com/ojuq/lixj/oukuhci/zgyjh.css,0
https://adobe.com/qkwnlrmc.ico?page=s2z8e&view=oa1t0,0
https://google.com/qtracker-v3-min.js,1
https://facebook.com/umt.gif?/hnjj/mcdoducu,1
https://netflix.com/opmzytkt/cth/oqpowizo/bizedq.ico,0
https://microsoft.com/googleEventTracking.js/eehdzd/glih,1
https://wikipedia.org/uopk.svg?theme=uy311,0
https://google.com/utf/vrz.jpg?theme=shtf9&lang=7xpoc,0
https://youtube.com/global/tracker.js/cbkz,1
https://cloudflare.com/pbfb/qye/arpey/otje.css,0
https://apple.com/gitbj/oiuzar.woff2,0
https://amazon.com/xwedaqs/zofcihrv?lang=k3aor,0
https://microsoft.com/fszgbu/euk/nbaxuy/fvtfbzzx?q=y8pv9,0
https://google.com/xabnxeoo/vfnu/ujs/meyt.woff2,0
https://cdn.shopify.com/click-tracking.js/secssj,1
https://twitter.com/rm-gtm-google-analytics-for-wordpress/js/gtm-player.js,1
https://amazon.com/bavrnrk?view=o8u6p&q=jee7f,0
https://apple.com/rt_track.js/bwkxuo/wvy,1
https://wikipedia.org/srnam/ngre/gpmzcpp/zpuyej.jpg,0
https://linkedin.com/track_click?/hwlscz,1
https://.php?logType=/llgg/bjjhxf/pynvakz?cid361=swxlkk,1
https://amazon.com/HeatmapSessionRecording/configs.php/qffm/dtbudhhc,1
https://apple.com/oskb/nudefvk/ebrgsver/ekarwtr,0
https://wikipedia.org/null.gif?/ozytt/hhurvyb,1
https://microsoft.com/vendor/analytics.js,1
https://linkedin.com/__utm.gif/fogey/egolcy,1
https://instagram.com/agyw/xzmh/yjaxtqi.svg?view=aynxt,0
https://?[AQB]&ndh=1&t=/teh/rixdkknj/vqj?cid969=zrvxtp,1
https://adobe.com/joaysrw/kblawfx/byv/mnritq.svg,0
https://instagram.com/neoworx_tracker.php/zkra,1
https://google.com/xvoosj/ink/lidw/dfpwouh.js?id=m5s6h&theme=bbeq3,0
https://google.com/zbii.js,0
https://youtube.com/xhjkvfqb,0
https://twitter.com/hds/fdltllco.woff2,0
https://facebook.com/paybr.ico,0
https://youtube.com/mmcore.js,1
https://cloudflare.com/zbdr/dtyzen.css,0
https://google.com/dlixkx/zjkqd/igklpps/vfbi.woff2?view=hnuz5,0
https://linkedin.com/onjgmk/hkxuqlq.ico?lang=jz4vf,0
https://microsoft.com/pfyg/lodthzmu/igobmif.css,0
https://amazon.com/blww/bbacf/qpoomrez/qylxzx.ico,0
https://twitter.com/xwqil/liujlog?theme=ijflo&lang=8awe5,0
https://?action=statsjs&/rwa?affiliate954=fwkkqs,1
https://google.com/jvfin/ikdzeawa.png,0
https://cdn.shopify.com/tqwxwf/talv/xem/lupfggl.css,0
https://cloudflare.com/xyd/oulrrn.css,0
https://wikipedia.org/escuwuaz/zsybme/netc/uvvc.js?lang=mrkb2,0
https://facebook.com/utap/ytelqkl/oblwl,0
https://facebook.com/fxnabfvh/nxbmw/jagxut/onlsz.jpg?page=6jbj6&page=lijng,0
https://instagram.com/neustar.beacon.js/ciyquxc/idbu,1
https://linkedin.com/BKVTrack.js/poshyg,1
https://wikipedia.org/uaze/jrk.js,0
https://google.com/gonoy/efp/xyknfrs/mzv.svg?q=de5ka&view=pwk79,0
https://wikipedia.org/newrelic-browser.js/apsz,1
https://&EventType=DataDealImpression&/dyyownss/lwhpym/uulemhip?ref=748=jnwpnk,1
https://_imp?Log=/txhgyw?cid477=rbmdvg&campaign783=dhogxy,1
https://amazon.com/server.php?request=track&output=/iypf,1
https://wikipedia.org/mqkuggqr,0
https://apple.com/nrycwdv/esdbat/sajgj.woff2,0
https://-click-tracker./xlgf?ref=686=campgz&sessionid730=btfita,1
https://youtube.com/zzglala/kbh/llb/ukmz,0
https://netflix.com/byzy/xjtshv.svg,0
https://cdn.shopify.com/jnjzl/wtyux?q=c4mq3,0
https://.gatracking.js/tknojnl/muaau/shiz?utm_121=zwttab&affiliate623=jzfqlz&ref=021=hevcds,1
https://?log=united-impression&/eckbic/vqpz/wirwt?campaign374=scmpqy,1
https://google.com/ssl-intgr-net/*/lln/qcsooxz,1
https://wikipedia.org/kxpd/ylnwocdu/nbpzwg.png,0
https://wikipedia.org/yspwkmhf/zcyftkwp.png,0
https://google.com/yczan/ldsoval/ckgzvnuf/gds.woff2,0
https://reddit.com/qqve/zjcvda,0
https://microsoft.com/valnet-header./fxnc/qdgeq,1
https://cloudflare.com/thtmrkt/ypuiir/nhhai/jbynovxh.png,0
https://instagram.com/uyxedaz.svg,0
https://google.com/udpyk/gvzmzl/esrke/xzikwrrv?view=9sga7&lang=mk2fb,0
https://cdn.shopify.com/qxo/odig?id=94msb,0
https://google.com/performance/metrics/ouqnuifx/zfagjk,1
https://microsoft.com/izmqxyxl/gpe/wxf/pzxsg,0
https://facebook.com/fusion/lucid/data/*,1
https://microsoft.com/lwc.js,0
https://netflix.com/.well-known/shopify/monorail,1
https://instagram.com/unbuvmf/bjjazeht.js,0
https://google.com/sk-logabpstatus.php,1
https://reddit.com/teal-gcianalytics-/ntg,1
https://twitter.com/yiqy.png,0
https://reddit.com/lwqdx/fnu/jhnkfae/cnie.css,0
https://cloudflare.com/mzaw/fio,0
https://cloudflare.com/lxunabw/gte/lot/lzgsw,0
https://instagram.com/zfb/bivb,0
https://reddit.com/tealeaftarget?/drephwkk/boc,1
https://instagram.com/ljdnvku.jpg,0
https://&action=js_stats/ldzvu/xor/mloeb?sessionid951=ewzquv&sessionid967=kzwqbs,1
https://linkedin.com/uiw.js,0
https://cloudflare.com/afvlbj.jpg,0
https://youtube.com/dniy/rdmknjf/qxjgp/zdntajo.png,0
https://reddit.com/lfuaei/mbufk/ognrn.ico?id=l4hia,0
https://amazon.com/ocxpywl/qvtze?id=rbwe9,0
https://youtube.com/wblwkrse/ehwashi/ium,0
https://?type=pageview&/dwhfcmw?utm_828=zrneys&cid832=dozuoy,1
https://amazon.com/events/view-form-open/tub/ywodbs,1
https://instagram.com/LogPage.aspx?,1
https://twitter.com/stats/impression/ardfdysb,1
https://google.com/statcollector.,1
https://microsoft.com/sp_tracker.js,1
https://youtube.com/b/ss/*&aqe=/ocokpxxp/icbeeew,1
https://cloudflare.com/stats/event.js?/dcsjryk,1
https://microsoft.com/lxcurf.png,0
https://twitter.com/yih.jpg,0
https://microsoft.com/yaobffck/byp/dpgvsm.woff2,0
https://facebook.com/rudder-analytics.js/hpnhrgo,1
https://wikipedia.org/bdctxu/pwkvhrv/otqmf.css,0
https://cdn.shopify.com/lqybmqvs/wqiq/tahkihbh/geshwmog.svg,0
https://microsoft.com.com/counter?,1
https://youtube.com/miyvu/uahfcjas/nsio/huldz.png,0
https://google.com/oewkmkuk/atjn/nxbqf/qlvbpjp,0
https://apple.com/ibkevlmj/qyukq/egnfb,0
https://_stat_counter.php?/blhoeurw?ref=213=oyodaj,1
"https://$csp=child-src 'none'; frame-src 'self' *; worker-src 'none',domain=fileone.tv|theappguruz.com/sefa?ref=586=zkozgv&cid539=wafucs",1
https://apple.com/bom/analytics/*/jkosajfi,1
https://google.com/rhqetuv/feqio,0
https://cdn.shopify.com/qrwoh/mwa/kqaea/yfcuc?lang=amecf&view=07a0w,0
https://reddit.com/yphaf/efvclrws/eib,0
https://wikipedia.org/ftomyzcm/ypdud/hava.woff2?lang=mtbeu,0
https://reddit.com/gmo.ico,0
https://twitter.com/ivsc/rmkkfg/pkgycm.css,0
https://linkedin.com/StatsService.RecordStats?/bdn,1
https://netflix.com/wroamgte/nbqkvq.ico?q=meg4y&q=p55vr,0
https://reddit.com/njpkuw,0
https://apple.com/oyf/pkqd/wyjz.jpg,0
https://netflix.com/gkzfsk/epn/yrsl/facwwdq,0
https://google.com/hit?aff_id=$xmlhttprequest/popo,1
https://youtube.com/uktvwp/miormj.ico,0
https://reddit.com/gjmonbd.svg,0
https://instagram.com/log2.php?,1
https://netflix.com/bohunk/zcoajlv.jpg,0
https://google.com/fxtlk.svg,0
https://reddit.com/adobe/visitor-/dysz,1
https://cloudflare.com/qmny/zkg/jgax.jpg,0
https://twitter.com/analytics-facade./xvw,1
https://facebook.com/xld/oxc/uzhkef.css?q=l0ub7,0
https://cloudflare.com/ceou/ohtgrph.js,0
https://linkedin.com/azlua/aqkapvf/exo,0
https://youtube.com/capture_client.js/kgmhhooe,1
https://linkedin.com/xejxg/gfkckxq?page=ovc8b&q=1teog,0
https://youtube.com/kahjin/rilqd.png,0
https://apple.com/keyaijcl.jpg,0
https://?log=player-*&stats_tkn=/mzhaf/ebzuzrhd?sessionid767=jwxvin&campaign264=zexfuh,1
https://facebook.com/pixel/view?/brdfs,1
https://twitter.com/ppk/dctzwt/bmkrr.woff2?theme=xh4fg,0
https://facebook.com/ffvd/nrecazsc.css,0
https://apple.com/agrqfai/szxddlq.png,0
https://cdn.shopify.com/mbourx/fnud/hpect/zpjkw,0
https://netflix.com/wp_stat.php?/bpsfs/syu,1
https://apple.com/mqbycbo.jpg,0
https://cloudflare.com/tags.js?org_id=/msv,1
https://apple.com/webtrends.js,1
https://apple.com/ribm,0
https://adobe.com/geoLocationData/v1/*,1
https://google.com/CreateAnalytics.js/alfvkx,1
https://youtube.com/grumi-ip.js/nqcjoais,1
https://wikipedia.org/efpyl.woff2?theme=zy1kq&lang=dhexc,0
"https://&http_referer=$script,xmlhttprequest,domain=~biletomat.pl|~facebook.com|~jobscore.com/wlnxoeql?affiliate519=sxhhvp",1
https://netflix.com/hwzqsypl/bcahpr/pjmrpncy/tdon.js?view=d5o6h,0
https://adobe.com/beyefgb/phv/vtw/oljyoq.ico?id=4z9zd,0
https://amazon.com/fxvyu/lbti/uetbm/jdlusape.js,0
https://.php?ping=/ccrigfm/qshzw?campaign656=xadwsl&cid477=irvrak&ref=325=eqocav,1
https://adobe.com/zcwwg/vbsccp,0
https://cloudflare.com/stats.*/hits/*,1
https://?log=xhl-widgets-events&/okg/ywy/ucyzvlw?affiliate096=qxmsiy,1
https://wikipedia.org/utrack.js?,1
https://apple.com/hfj/qxfno/cizdj.svg?page=z0fyb,0
https://wikipedia.org/talpa-analytics-pro/*/hbnj,1
https://adobe.com/fyy/rfbzefj/wtwimk/sxxgp.woff2?theme=xjp2n&page=23ouh,0
https://google.com/rydnv/qcaou/mawaymiw.svg?lang=89lan,0
https://twitter.com/fixgxtdc/cyj/ppwp.js,0
https://microsoft.com/xnai/gzivkvwz.js,0
https://microsoft.com/tmpuozt/tfnprp/qvnoxgwe,0
https://cdn.shopify.com/ryzb/wruf/sjfqkwf/jxmkkagd,0
https://wikipedia.org/lbplm,0
https://?event=pageview&/feh?cid825=xkrlof&ref=337=uvibni&sessionid090=elxmlc,1
https://youtube.com/gcykpxna/mdl/kskub,0
https://cloudflare.com/yogfb/iynfdj.jpg?lang=tcwpm&view=oll73,0
https://reddit.com/npir/jypdp/rtdpl/mgzgqv.css,0
https://adobe.com/piNctTracking.js/hjhp,1
https://cdn.shopify.com/qccy/luralih/uwbduaq/nkya?theme=ewxof&view=6oqph,0
https://amazon.com/track_visit?,1
https://cdn.shopify.com/nfhi.png?q=jx0wj,0
https://wikipedia.org/pgigihz/afrakbh/oypnn.woff2,0
https://microsoft.com/track?cb=/utkzfx,1
https://wikipedia.org/LogAmpHit?,1
https://instagram.com/xns/fpjxgu/wsyqtnp.png,0
https://netflix.com/ufwpsh/etgra.js,0
https://&l=dataLayer&cx=c/mxnpknnw/dnqtxjbk?ref=575=bpyaqw,1
https://amazon.com/count.fcg?,1
https://linkedin.com/visitinfo.js/wqog,1
https://twitter.com/certifica.js/oddswwn,1
https://youtube.com/nhvxuckr/rotf/qkcp/vkyn.png,0
https://adobe.com/kae.svg,0
https://adobe.com/pixel-tracker.js/iiuwbxk/jruu,1
https://netflix.com/cnt.aspx?,1
https://youtube.com/xqkf/shzeh.woff2,0
https://apple.com/ajpdusmm/eeti.svg,0
https://linkedin.com/psjzmr.woff2,0
https://google.com/hnk/qfyxij/ulwbtzm.png?q=newfo&page=fxgkm,0
https://linkedin.com/trbo.js/uky/gfavbd,1
https://cdn.shopify.com/svzrxs/qfnvxmw/gybnnofx/xvqr.woff2,0
https://wikipedia.org/eflh/ckyaefl.js,0
https://instagram.com/track/pageviews/*/dlohvnx/tznealm,1
https://.EventTracking./uon?sessionid907=fbysmv&affiliate953=szeini,1
https://twitter.com/brandAnalytics.js/ljffg,1
https://google.com/pubble.stats.min.js/lfmzyit/eooucj,1
https://amazon.com/php-stats.js/ocnx,1
https://cloudflare.com/rpqjb/plvhn/devdwxax.png?q=hwqqy&id=18pbm,0
https://google.com/utrack.js?/txxyqwup,1
https://twitter.com/rzezn/elxxfc/brtfzt,0
https://adobe.com/pwi/cyjqox.css,0
https://youtube.com/id?d_visid_/hozlwtb/oenjoqfu,1
https://microsoft.com/cqrlf/pqv/craqldy/pjjdr.ico,0
https://wikipedia.org/wxlsv.svg,0
https://amazon.com/otfkprq/gfpdua/izr.ico?page=tr4xc,0
https://apple.com/rdfsjim/hkqykws/pqx.png,0
https://instagram.com/fzzxnue.jpg,0
https://cloudflare.com/wgkxgs,0
https://cdn.shopify.com/gyg/bcnyi/etszeoju/vjczf.svg,0
https://reddit.com/qrage/mprytptm/fxwr,0
https://adobe.com/ixosrut/tjyt.css,0
https://linkedin.com/stracking.js,1
https://facebook.com/pvbg.woff2?id=ibhx1,0
https://linkedin.com/hwv/vms/qvvqxr/ribpkqo.ico?page=fd2db,0
https://apple.com/v2/pv-data?/ygqcrbo,1
https://google.com/jye/vss/ejomjtrx.svg,0
https://netflix.com/nbvuhqqu/fcnty,0
https://microsoft.com/analytics.config.js,1
https://?log=stats-/iugpv/zkvfe/gfyfwvnp?sessionid373=kqovip&sessionid001=kslehm,1
https://amazon.com/ltb/mkgyww/kbjhiso,0
https://twitter.com/pixel.fingerprint./hvnoxj/gxcqrsmp,1
https://facebook.com/wuwau/lexytul/ihgssm/wrv.css,0
https://apple.com/gmxl/khua/euft/adwze?theme=f2clx&id=sktsd,0
https://apple.com/Log?entry=,1
https://cloudflare.com/afxlza/zrwcjry/kjtwiie/aekm.jpg,0
https://adobe.com/jquery.browser-fingerprint-/euz,1
https://microsoft.com/tzlf.js,0
https://microsoft.com/pinterest-pixels.js/zrdmwtm/epqotnw,1
https://reddit.com/riveted.min.js,1
https://cdn.shopify.com/bixxoldk/gwyadws/caafz/myrqlvlv,0
https://linkedin.com/rcrv/siilgdil.svg,0
https://cdn.shopify.com/dplz/wpkwcevr/mcba/env,0
https://apple.com/aogh/bysqedky/kam/efksqd?theme=rdkeq&q=kyxv9,0
https://apple.com/fsrwxm/ittz/qxmpnz/rve,0
https://linkedin.com/pv?place=/zhghfzrt,1
https://facebook.com/ngwu/aljqql/fvuhurka,0
https://youtube.com/pqllfu/jghckl/zkdi/vfszjus.ico,0
https://adobe.com/vdzrn/kej/qgpbx/ckuzjc.svg,0
https://cdn.shopify.com/include/js/ga-set.js/nwphyfol,1
https://cdn.shopify.com/jlevtunh,0
https://amazon.com/frzkpx/ved/biasx.svg,0
https://microsoft.com/wuxavm/itoe/vlsuqnxb/sli.jpg,0
https://google.com/counter.cgi?/rimvom/nidws,1
https://google.com/ckiptd,0
https://instagram.com/pcepgt/pec.jpg,0
https://?type=page&event=/txildtj/aey/trof?ref=498=okzupj,1
https://instagram.com/zanox.js,1
https://twitter.com/pgz/etxinil/kqix?page=kgq4n,0
https://apple.com/datacollectionapi-client/index.js/biibziy/lqsuxo,1
https://apple.com/shg.png?q=jyegs,0
https://adobe.com/frontend-gtag.min.js,1
https://apple.com/qafm/fwboane.jpg,0
https://reddit.com/vxhjsl/jbhojkh.js?page=96kci&theme=wptmq,0
https://netflix.com/ykfkf/esyfyr/bekzkc/ohcostz?page=xzv3a&lang=b4wuz,0
https://youtube.com/ojc/ifpzxqut.woff2?lang=qj1ky,0
https://linkedin.com/xrcng/pmyz/hls.css,0
https://-adobeDatalayer_bridge.js/vpuylrfh/pqtj?campaign235=rhuali&sessionid862=kxbwdp&affiliate448=srmaee,1
https://adobe.com/wreport.js/xqfkwxsl,1
https://cloudflare.com/awstats.js/wkrvl,1
https://reddit.com/mvujly/hhqrt/lnicudg.css?theme=26kfn&theme=oxm11,0
https://linkedin.com/apc/trans.gif?/ooutzhb,1
https://instagram.com/ysmggtme/firgl.jpg,0
https://google.com/userfingerprinttoken/*$xmlhttprequest,1
https://wikipedia.org/remvb/jorpb/qel/jnrj.css,0
https://twitter.com/hchvclc.ico,0
https://google.com/acclog.cgi?/sdu,1
https://google.com/yyc/rmiypz.jpg,0
https://netflix.com/yyklm/mvtdhd.svg,0
https://netflix.com/awrrxj.jpg,0
https://linkedin.com/adobe-analytics-$domain=~business.adobe.com/kzqtvsb/lglkhh,1
https://instagram.com/dxlxbzi/riwrs/ndbgvtqd.svg,0
https://linkedin.com/ygefi/nvtj/ydmmsi/ckby.jpg,0
https://facebook.com/sqi/bvk/vrrjlu.js?page=onsye&q=de176,0
https://?[AQB]&ndh=1&t=/vjnft/igdcxhtb?cid935=ezcofk&campaign347=ykhzin,1
https://linkedin.com/roiengine.js/wsuegzy,1
https://instagram.com/smb/ibcj/fxspzah,0
https://wikipedia.org/nonerfr,0
https://twitter.com/videojs.ga.js/ryfxpoi,1
https://twitter.com/stats_img.png?/qvem,1
https://cdn.shopify.com/yjrskm/umz.jpg,0
https://twitter.com/xfyefkb?id=mrmip,0
https://amazon.com/pjvahgf/wgvt/jezsufvd.css,0
https://google.com/assets/smarttag-$script,1
https://reddit.com/wbfq.js,0
https://youtube.com/hit/tracker/cihbgbba,1
https://wikipedia.org/bcrmuaup/xrxlgbru/bxrgepo/ckxvv.png?id=5yvyc&page=m4twe,0
https://netflix.com/toj.js,0
https://reddit.com/cokd/fnnffhry/uljkv/qblkcsa.svg?lang=k8900&view=82iz1,0
https://instagram.com/urchin.html?/prxrbxcz,1
https://&refer=http$script/ptnv/wbxsvn/aqtlmyr?utm_437=zliriu&ref=349=gyoviv,1
https://microsoft.com/jricomjz/eobzjukc/onalp,0
https://apple.com/cdl/beesxru,0
https://apple.com/ajcmufpo/vup?id=zh76o,0
https://twitter.com/nwgwo/mlsfi/mupkvra,0
https://linkedin.com/addpageview/*/slgljuah/qppjccum,1
https://adobe.com/lxnvm/tltnpze.css,0
https://cloudflare.com/xptxlm.js,0
https://adobe.com/vhdbb/cplvqzy,0
https://&l=dataLayer&cx=c/oaewlwm/qiy?cid548=talxkz&campaign873=nvbmai,1
https://cloudflare.com/seevgquk/vdpt/amlims/uay.jpg,0
https://facebook.com/pixelNew.js/ycihuyii/ild,1
https://google.com/bjvhtsl/chkbesc/ivx/hyy.ico?lang=yq83u&q=0ijrd,0
https://instagram.com/pgypdbhm.woff2,0
https://twitter.com/vtrack?vid=/ghpocifo/nmkta,1
https://-track-inview./ifs/lwba/vmjzkwjd?campaign885=lotydj&utm_808=ymumio&cid336=hhfpwd,1
https://twitter.com/swa_t.gif?/jith/yopp,1
https://twitter.com/BKVTrack.js,1
https://amazon.com/report_ga_events/*/dgogg/ylrn,1
https://_view_pixel&$image/pcjwc/lzdlmfk?utm_752=wzicsf,1
https://youtube.com/zjorw/wkxictq/fwkb,0
https://twitter.com/dzawzimq,0
https://twitter.com/zxjlk/gysgttjj/etcyxe.svg,0
https://instagram.com/2x2.gif?$image/qcgc/csl,1
https://facebook.com/elsw.png,0
https://google.com/analytics-gjc-min.js/szdhfwf/wxm,1
https://cloudflare.com/record-impressions?/ymdjijb,1
https://google.com/sitestat.js/izxc,1
https://adobe.com/tdcjb/vlaf/zfzix/osgtvik.css,0
https://reddit.com/zxt/plgk/ujiwckt/qgowju.js,0
https://cdn.shopify.com/qtx/froeb/czhsd.ico,0
https://cloudflare.com/iila/rllnckk/xyyicsgq.js,0
https://&EventType=Impression&/hroyygbe/zcwlwb?cid085=heynqw&campaign770=bebsnv,1
https://cloudflare.com/otpc/tsuvrd/cqukbzd/zdlgvai,0
https://instagram.com/jrkggwx/tarhhk/xdjw.woff2?page=a6qbe&theme=mm8ip,0
https://adobe.com/tracking/log.php?/oiuh/dve,1
https://facebook.com/rrweb-script.js/txlxfyi,1
https://youtube.com/siwiil/inf/bej/uoh,0
https://google.com/zlamw/jbhhwrsm.svg,0
https://apple.com/log?ref=/ecvppxyx,1
https://netflix.com/pepperjam.js/nwkawji/menfgi,1
https://microsoft.com/RadioAnalytics.js/glxmji/zjv,1
https://apple.com/wkdqv.svg?view=qhjgq&view=cujhe,0
https://netflix.com/strcyy/hmnrjqoy.ico,0
https://wikipedia.org/nebre/zsec/cck/inztalyx.jpg,0
https://facebook.com.com/count?,1
https://cloudflare.com/fhom/iitggx/cti/dcuclea.woff2,0
https://facebook.com/vhvftcbx/bhrtftap/zihiwwgb?lang=3d8a5,0
https://instagram.com/qkvkytos/aladaytp/mstpy,0
https://linkedin.com/ndtfuf/hyk/vlu.jpg,0
https://linkedin.com/xpnzwql/mxrvrt,0
https://cloudflare.com/log/jserr.php/xkt,1
https://facebook.com/fcotubz/ohj/frphokw/gqkbputx,0
https://netflix.com/lryx/qqwinrkv/fwpdzk.woff2,0
https://youtube.com/szonbho.ico,0
https://instagram.com/cwna.js,0
https://youtube.com/ujnep/ydxrku/sro/qron?theme=sx6k7&q=0043u,0
https://?log=xhl-widgets-events&/yoq/yhkoam?affiliate654=rgcxwp,1
https://reddit.com/plausible.js$domain=~plausible.io/mjskuet,1
https://adobe.com/ywopc/dfrxfc.svg?lang=4g2tu,0
https://netflix.com/douxrim/qxzqwmsp.png,0
https://cdn.shopify.com/ejgoo/fhm.ico,0
https://reddit.com/i.php?i=/xvagwg,1
https://youtube.com/mcookie.aspx,1
https://.php?tracking=/mxb?sessionid358=clfptt&cid773=nnuvxg&campaign944=ecljlw,1
https://facebook.com/referadd?,1
https://facebook.com/joueiel/njiljiq/xrtzkqe.jpg?theme=hx88d,0
https://?type=pageview&/shfkjqex/dsjqsqh/xwukwkib?affiliate575=rigxhc&campaign662=thqkev&ref=806=jtbvwb,1
https://amazon.com/pxagdqx/wvdj.png,0
https://instagram.com/TrackWebPage?/ueajsqq,1
https://.php?p=stats&/dcqhgsiu/owintcg/ogew?ref=392=qntleq&sessionid666=whwhwo,1
https://microsoft.com/fomgv/lffgps/piuwhj,0
https://.js?id=GTM-/vqtxwbt/lwts/acgcikxc?sessionid715=wffoof&utm_680=ehohnl,1
https://netflix.com/statcounter.js/jnwllie,1
https://microsoft.com/eujps/khicwcrr/irxaw/yepazs.svg,0
https://netflix.com/ilctrvvt/xnumr/nyfk/ofcnycu.ico,0
https://wikipedia.org/__ub.gif?/otdtbu,1
https://-click-tracker./ybjsj/frtb?sessionid280=rtdqrg&affiliate366=exinmh&cid060=ypvgne,1
https://facebook.com/googleAnalytics1.js,1
https://&hitType=pageview&/kite?utm_336=arvadu,1
https://microsoft.com/vdtxp/vdjhgu/igvvyws/nnitod?lang=1gxx0&view=il1qi,0
https://google.com/lecs/fmrkx/vwhxx/xlzwg.ico,0
https://instagram.com/jmaojzp.png,0
https://facebook.com/inline-pixel.js/oqxq/bhc,1
https://microsoft.com/hnhttn/qalbp/giw,0
https://microsoft.com/zftbv/ubl/qjvioob.css,0
https://google.com/analytics/?event=/kmn,1
https://adobe.com/ojcnnb/hgdmetbl.ico,0
https://google.com/ecl/qngcbbiw/ctdibng/dwwalbce,0
https://instagram.com/eqgaoi/iljd/tzlvy/uay.woff2,0
https://facebook.com/clickcount.asp/hiticbvw/gxvpr,1
https://amazon.com/visitcounter.do/wvhb,1
https://wikipedia.org/pwkbt/fdivctao/ofld.js?theme=rr3eg&q=2lsah,0
https://youtube.com/statistics/pixel/*,1
https://linkedin.com/pnx/nfqovo/yxok/tycxrikh.ico?id=exfos&q=qj7mj,0
https://netflix.com/nnwfxa/kgeiccn/prmq/icm.woff2,0
https://cloudflare.com/nielsen.htm,1
https://youtube.com/qmlaosxi.png,0
https://instagram.com/sjrs.woff2,0
https://apple.com/rofr/ltxds/umlzoey.svg,0
https://##.embed-responsive-trendmd/oxlwklg?sessionid743=tlmhew&affiliate287=majlnx,1
https://reddit.com/lcjb.svg?q=o2scu&page=ucuv1,0
https://linkedin.com/medsqq.svg,0
https://instagram.com/ftbrqz.ico,0
https://apple.com/xegsaxp/skzypct/wiglocb.js,0
https://twitter.com/sentry-logger.js/cofpu,1
https://netflix.com/qmph,0
https://reddit.com/sdjyllx/dcwwatjf/ukjv/jiywcg.png?id=p3fxz&id=noeb4,0
https://instagram.com/getlog.gif/maiz,1
https://twitter.com/gvrn,0
https://twitter.com/cnvjry/jydtlrb.woff2?q=46slc,0
https://wikipedia.org/mdwg?q=5dba2&view=ppcab,0
https://google.com/gny/ldht.svg,0
https://apple.com/ldyi/aybtt/wpn/vuycax,0
https://youtube.com/cxcjhkn/pcdn/oom.js,0
https://instagram.com/bpnjxeq/phn/btsl.woff2?id=wjpjy,0
https://wikipedia.org/busting/google-tracking/*/hdjgp/viav,1
https://cloudflare.com/spacer.gif?,1
https://microsoft.com/dkq/bjijq/pawzk.css?page=gr6n1&id=99n8b,0
https://netflix.com/irlgfsrf/gycko.ico,0
https://microsoft.com/satismeter.js/unep/rmkhcqg,1
https://netflix.com/mbbfnuw/jch/ioaibwpx.png,0
https://facebook.com/qyk/lritr/ziofion.css?q=3x1dr,0
https://linkedin.com/ebivoik/bkovsllx?id=dhiry,0
https://microsoft.com/weh/rtwc.js,0
https://amazon.com/ssdpri/ijdlmg/hpmbmjs.css?id=mef3p&id=wqose,0
https://youtube.com/pagestat?/virmoe/zeos,1
https://?type=pageview&/dwpogxt?utm_164=orbhum&cid098=efdtvs&sessionid261=teudak,1
https://google.com/murmzf/dcuwaq/avvi,0
https://reddit.com/acsghavh/hxvpo,0
https://wikipedia.org/ciz,0
https://microsoft.com/yell-analytics-min.js/brqqp/qgc,1
https://apple.com/awstats_misc_tracker/yddciuq/iqyflfl,1
https://instagram.com/LogAction?/sgoavym,1
https://adobe.com/bfkuo/fwqeyc,0
https://apple.com/uda/gojic/ubr/lmbsixn,0
https://netflix.com/yxmrq/hibojep/ciajwrmi/humw.svg,0
https://cloudflare.com/qhbge/clclblb/kkgtl/jfuptia.css,0
https://youtube.com/buszm/fwub/hzdhubaa.css,0
https://microsoft.com/ksoaomde.css,0
https://google.com/ga-local.js/dbgh,1
https://linkedin.com/autotrack.carbon.js,1
https://facebook.com/ghruv/yxcnpx/gdpkl/xadlei.ico,0
https://cloudflare.com/vlyeug/odl/opee.png?page=ggxjd&page=8rm6m,0
https://cdn.shopify.com/ngsx/muhbm/julwhz,0
https://cloudflare.com/udjelsig/vczfeb,0
https://?action=log_promo_impression/gfxzspps?affiliate093=bellmm,1
"https://wikipedia.org/cdn-cgi/apps/body/*$script,~third-party",1
https://instagram.com/pmkvx/msigrbg/nadyait.png,0
https://apple.com/qaypk.css,0
https://adobe.com/wipwvgus/jje/tsfmvvh.png?id=2zvhx,0
https://linkedin.com/rzbs/nfq/wbqbypsg.svg,0
https://instagram.com/mibsdra/vtns.css,0
https://microsoft.com/codesters-analytics./dpdpcbp,1
https://adobe.com/kvbfe/lkfl/pwm.jpg,0
https://youtube.com/rywzfeo/ygpets.ico,0
https://youtube.com/mcliludk.css,0
https://microsoft.com/wulwfdpy/zii.woff2,0
https://wikipedia.org/ych.woff2?q=aa93u,0
https://?log=player-*&stats_tkn=/kgz?sessionid511=mfqfal&utm_168=lfoeys&campaign676=mnxrqd,1
https://reddit.com/rqdtonud.ico,0
https://twitter.com/btlfxno.ico,0
https://cloudflare.com/ymqu/tvl.svg,0
https://amazon.com/anfvpxa.png,0
https://facebook.com/zlkjcg/hwvqvqt/knkff,0
https://cdn.shopify.com/pagestat?,1
https://amazon.com/record.do?,1
https://amazon.com/jcvm/caxbgxrf/qjdcml/zdme.png,0
https://netflix.com/vhqs/yvyxb.ico,0
https://instagram.com/vcsa/whflzmt/syriq.woff2,0
https://google.com/realytics.js,1
https://cloudflare.com/xows/pvxby/iqeve/fegq.js,0
https://facebook.com/lxv.css?lang=u18v8,0
https://linkedin.com/lkm/wnnjaxx,0
https://reddit.com/vufghe/uzln/adoldcv.woff2,0
https://amazon.com/xwdy/suyt/xuxq/ehmrfon.woff2,0
https://?action=log_promo_impression/odwc/pfrseqz/gnbgejm?sessionid106=zoqnyd&campaign307=vqnjvj,1
https://apple.com/HitCounter/*/tfx,1
https://wikipedia.org/plmzgp/enjtm.woff2?id=wijoo&theme=kgwlt,0
https://reddit.com/awxsaya/owirflm/wuglrj/aogc.jpg,0
https://adobe.com/gwtdg/npv/eewviysl/fasbhaaj.jpg?q=onwyz&theme=prp69,0
https://apple.com/eqcnswh.css?lang=yjuug,0
https://youtube.com/tbigkmu/upkopk/tozx.svg,0
https://netflix.com/shxxr.css,0
https://cdn.shopify.com/clicklog4pc.js,1
https://reddit.com/tdivuw.woff2,0
https://google.com/dwb/rwu/xyktoa?lang=zv0ow&page=ml2yd,0
https://adobe.com/lakfdmk/zzdm.woff2,0
https://cloudflare.com/api_adlog.php?/zzocab/znbel,1
https://adobe.com/jdgtk.js?lang=3uzdd,0
https://instagram.com/xspmetio/ctdz/yisbrjh.js,0
https://.beacon.min.js/chcpoev/mrepscw?sessionid938=ejmbdh&cid600=rbtooi,1
https://adobe.com/esutl/apco.js,0
https://instagram.com/qmab/qtwg/ixy/ndd.svg?view=h0lsu,0
https://google.com/gmrs/sjied/miiolj/lzrwbp.png,0
https://cdn.shopify.com/keen.min.js/mdwcijkj,1
https://?type=page&event=/dbbuogu/ppbotec?campaign342=fcpetm,1
https://facebook.com/mdy.svg,0
https://cloudflare.com/ugkarxdb/eny,0
https://twitter.com/piwik2./ibpsdwd/kkdzhogh,1
https://cloudflare.com/fnjb/srsd/aafr.ico,0
https://facebook.com/fp/check.js,1
https://netflix.com/mmclient.js/mmq/qeu,1
https://instagram.com/oqp.svg,0
https://wikipedia.org/rshxz.woff2?view=2m4y9,0
https://wikipedia.org/tkifsox/cfiqoatd/ogqhngbp.png,0
https://cloudflare.com/impressions?$~xmlhttprequest/qewmk/aks,1
https://cloudflare.com/jsyp.css,0
https://cdn.shopify.com/mongoose.fp.js/ruqkc,1
https://cdn.shopify.com/nxzjgnf/xrtz/kmdmxtll.png?theme=12qrr&lang=9iaka,0
https://cdn.shopify.com/mhjtp/zul.png,0
https://?type=page&event=/unyz?campaign631=jxyqom&affiliate602=sgbpyy,1
https://cdn.shopify.com/ikbofwf/obicnepo/gvrwils,0
https://reddit.com/analytics/call-tracking.js/jirhmib,1
https://adobe.com/sfdc/networktracking.js/jwbjs/wxiac,1
https://cloudflare.com/uisprime/track,1
https://twitter.com/abuvecc.ico,0
https://reddit.com/ahoy/events/wbx,1
https://apple.com/afh/gqlxgzn/injbb/lqgo,0
https://reddit.com/oxjgxs.css?lang=u4c35&theme=b2vmb,0
https://amazon.com/yexubfb/ivy,0
https://amazon.com/nzolnu/gbc/pmtawbe.js?id=subiv,0
https://twitter.com/mscmxu/efk/bsrmljvg.js,0
https://youtube.com/tgf/cxuhuk/zyxe/zdwngqkg.jpg,0
https://microsoft.com/visitcounter.do/qxu,1
https://facebook.com/ldxntnj/ghci/sksc?id=cuegs,0
https://adobe.com/rlva/mmoe/fnfkik/ngqh.woff2,0
https://linkedin.com/uvqeqy.js,0
https://amazon.com/kquk/jrvbcm.ico,0
https://instagram.com/vgtfeqk/qdlzfw.jpg,0
https://amazon.com/referral-tracking.js,1
https://youtube.com/ksjycgzr/pdgyavep,0
https://amazon.com/gs-analytics-init.js/ops,1
https://linkedin.com/ga-track.min.js,1
https://wikipedia.org/rfvzhrd.js,0
https://cloudflare.com/gkwurqve/hpryrc/yuavon/vzvwdhhw.woff2,0
https://cloudflare.com/ypbxj.png,0
https://microsoft.com/zevd.jpg?q=op679&view=5hzaw,0
https://wikipedia.org/mgjspqn.jpg?q=z0hv3&id=6vt3k,0
https://reddit.com/tracker_async.js/agrxjkj,1
https://linkedin.com/fslwppj/vht?theme=03zv2,0
https://amazon.com/cigs/gmxkltes/bdca/cldmcr.woff2,0
https://instagram.com/c_track.php?/hpqi,1
https://microsoft.com/qjjqwt/ehcckkq.jpg,0
https://netflix.com/anclytic.htm,1
https://youtube.com/okjgsbr,0
https://&EventType=Impression&/vpgd/ndhdjrn/agmp?sessionid830=bxapnn&campaign238=vyomlg,1
https://facebook.com/metrics/survey/*/elzu,1
https://twitter.com/eebjfur/myasy,0
https://amazon.com/rgot/ctoege/uumbsxoj/nqtoqo.js,0
https://cdn.shopify.com/wvao?lang=oxrle,0
https://.stats?action=/arpo/xcxyp?cid182=eustnc&sessionid060=kyjgqc&cid551=dnvvez,1
https://microsoft.com/sbogombi/zcjvqglh/pbxpik,0
https://instagram.com/kxjvsar/yyde/exipi/wrzwzzto.css?id=94qd3,0
https://adobe.com/czmdjs/jtqi/opfjic.woff2,0
https://wikipedia.org/pmbv/xugdz/spy.png,0
https://netflix.com/fyod/tyunn/pfvxgmej/yxfcraz,0
https://apple.com/cgi-bin/cnt/*,1
https://cloudflare.com/byj/wzas/vnurttls/txo,0
https://cloudflare.com/xexp/imlgrcct.png,0
https://amazon.com/dmglls/ibb/cpryzvv/ngmvwuuw.svg,0
https://adobe.com/yjn/sarogzje.js,0
https://wikipedia.org/count.gif?/nkr,1
https://amazon.com/qtgpla/xduuznb/frldn,0
https://amazon.com/faoqag/sbj/teqp.png,0
https://google.com/v2/pv-data?/cnleqy/vmquhqwh,1
https://amazon.com/__ub.gif?/xlunhu,1
"https://&http_referer=$script,xmlhttprequest,domain=~biletomat.pl|~facebook.com|~jobscore.com/yhodis?cid725=jnxeks&utm_637=hxoppp",1
https://instagram.com/tty,0
https://linkedin.com/hlh/pow/qiboxmo/sjyfjtev.ico,0
https://linkedin.com/firestats/js/fs.js.php/nhtiw/jhi,1
https://facebook.com/bmjbug/ffod/cgccx/ttbkuup.svg?page=ogaeo&theme=czlow,0
https://netflix.com/yandex-metrica-watch/*,1
https://microsoft.com/v4/metrics,1
https://amazon.com/hppuj/ymxxix/pzjdc/pdwz,0
https://adobe.com/nxcwny.woff2,0
https://instagram.com/khgfpr.woff2?q=fvmxe&theme=uowue,0
"https://google.com://posthog.$script,domain=~posthog.com/vbcwklzn/gndid",1
https://facebook.com/xmruipqu/eonrmk.woff2?page=7zd1h,0
https://adobe.com/qedrtws/dwmeiq/amldlyc/zbfz,0
https://twitter.com/oxrj/voo/oqpp/wjbrp.png,0
https://facebook.com/vwergv/sclpgp/axjifed.woff2,0
https://?action=event&/iifgyr?sessionid400=ycvzxn,1
https://netflix.com/mtwfmy.js,0
https://wikipedia.org/wapoq/jkamamo/gju/pxvxgnd.ico,0
https://apple.com/xsfbho/bthfyxje/zpj,0
https://microsoft.com/kaiseki/track.php?/myp,1
https://cloudflare.com/phi/vjbk.woff2?theme=1oi53,0
https://facebook.com/rtracker.min.js/jgbat,1
https://google.com/nhqmwbiy?id=vapk3&q=fyhyg,0
https://wikipedia.org/adblockLogger/*,1
https://wikipedia.org/vrvig/aosjvhh/tae?id=s0jqe&page=c9x1o,0
https://wikipedia.org/vduj/nvcr,0
https://facebook.com/unt/ngtwhedd/eou/gxrekb,0
https://wikipedia.org/oxnrqb,0
https://amazon.com/jbo.ico?theme=xzoa4&id=seyq2,0
https://?logType=impression&/ujjdol/lmqja?ref=727=kgixju&ref=791=ddcjrp,1
https://microsoft.com/geqt/fovzzxma.woff2,0
https://amazon.com/iehgmyj/zgzoa.js,0
https://_chartbeat.js/mzeny/tmwfnmxn/fkobm?utm_088=ymcysx,1
https://wikipedia.org/ccxd/ovjlcrk,0
https://-geoIP.js/kbmorbbf/anmickv?ref=781=wtjmvu&ref=113=vjgtkx,1
https://microsoft.com/mewnn/txhp/nnsu/ujknfg,0
https://cloudflare.com/fql/zitcg/mgx.js,0
https://amazon.com/cebtj/rdryisuf.jpg?page=05c2c&q=heree,0
https://netflix.com/adstats.php/chud,1
https://facebook.com/esb,0
https://apple.com/pcwz/skalogx.css?page=au4je&lang=fqz7m,0
https://amazon.com/AnalyticsDataLayer.min.,1
https://apple.com/grqnfuzp.ico,0
https://microsoft.com/cfavwcl/ooivyd/ojh.ico,0
https://youtube.com/gxovgup,0
https://reddit.com/pepd/whp,0
https://amazon.com/acecounter_,1
https://linkedin.com/tha/wsgjfk/zclfch/fbwkfci.js,0
https://cloudflare.com/jxxykzw.ico?page=8mnqr,0
https://instagram.com/ms-widgets/tracking-cookies/*/cmjyel/rkr,1
https://?type=page&event=/gnune/ojphys?affiliate818=liucxm&sessionid747=bajvlx,1
https://google.com/ns.html?id=GTM-,1
https://wikipedia.org/ga-track-code.js/hjliogiq,1
https://google.com/nquzcq/gzqjba/yzzsmq.svg,0
https://cdn.shopify.com/sks/xptycntt/ihnzyd/zokfrxuf.svg,0
https://linkedin.com/qka/wap/dso.woff2,0
https://amazon.com/bdpmmzwd/ybg/ztkm/qwuozv.svg,0
https://instagram.com/piwikapi.js/dzzfp,1
https://youtube.com/track?data=/kmzs,1
https://?event=impressions&/tiwgtfbw?affiliate546=cristm&utm_279=juitkz,1
https://wikipedia.org/kpjrlh/gfwatn,0
https://facebook.com/api/v1/reportData/*/leqkwou,1
https://instagram.com/lxbfbbu,0
https://reddit.com/cwpdvciy/ivknhgm,0
https://google.com/fkf.woff2,0
https://netflix.com/tr/lp/intg.js,1
https://reddit.com/x.gif?,1
https://microsoft.com/waseexz/kamskph/rzposyyy/yzzuc?view=j51wp&id=sv20r,0
https://google.com/sophus.js/qgonyy/keelv,1
https://netflix.com/lroffsdt/vhiahr.png?theme=he8lm,0
https://cdn.shopify.com/wuqamf/viyye/cvkvrx.css?q=gy12r&q=p55n4,0
https://wikipedia.org/loader-wp/static/loader.min.js?/qbtblfq,1
https://linkedin.com/cgi-bin/te/in.cgi?/llmn,1
https://google.com.com/counter?/lanmlzpt,1
https://instagram.com/gjqve/stqhkomu/yqn.css,0
https://facebook.com/tssvyy/syttjczt/kei.jpg,0
https://youtube.com/AppMeasurement.min.js,1
https://adobe.com/mfmfmo/vcp/pnxev/hygxfpc,0
https://reddit.com/realytics-1.2.min.js/ohuslgt,1
https://instagram.com/frnrxze/npjz/dbivyza/nnvctlv.jpg,0
https://google.com/orql,0
https://cdn.shopify.com/pjbn/pcbxzvhe.jpg,0
https://adobe.com/wtpzl/dwdxbqm/ymkqdhua/diagv.js?theme=vigqo&lang=st1xe,0
https://facebook.com/inmz/hhgine/ppx/dncfqb.svg,0
https://_view_pixel&$image/rfmmq?affiliate576=eymvwq,1
https://youtube.com/pzfd.woff2,0
https://instagram.com/ywufjuq.png,0
https://google.com/wmr/ycml/ltsjlrzg.ico,0
https://instagram.com/mqyvp.ico,0
https://wikipedia.org/softclick.js/bttzuus/rgcra,1
https://adobe.com/fdpzk/isn/dyg.js,0
https://adobe.com/ggm/sjtbux/gendb/texh.js,0
https://google.com/ganzaevb/gch.svg,0
https://adobe.com/certifica.js/etfuouaq,1
https://adobe.com/ejfaxb/bpxp/zqdbmd.svg,0
https://google.com/kvbqfli/xlv/xlf/ittkvv.jpg,0
https://youtube.com/ato/pdvflce,0
https://netflix.com/suufhar.svg,0
https://adobe.com/ryg/uzkwxeze/kzab,0
https://cloudflare.com/sbzfct/xmucjfb.css,0
https://amazon.com/opev/atoubia/bxmfkyyt/fihoebh.ico?view=x2ih8&q=1z0lf,0
https://instagram.com/vmqks?lang=ynnqg&id=0cilo,0
https://netflix.com/cepmmwga/hzmwzr/knei/foka,0
https://cdn.shopify.com/jquery.iframetracker-,1
https://cloudflare.com/hgunwtui/tzque/lhhaq/xqon,0
https://instagram.com/dml,0
https://adobe.com/yguax/nfuwfoz.ico,0
https://linkedin.com/ompke/fyrrt,0
https://amazon.com/pvlog.js/ilxz/dhqz,1
https://microsoft.com/sug/zhatb,0
https://adobe.com/ipyimcga/ychoiq/xtvryk.woff2,0
https://twitter.com/dlnjhce/qjmyieeo.js,0
https://youtube.com/swell-ct-ad-data,1
https://cloudflare.com/awchjw/jncidmc.woff2,0
https://google.com/likbhwv/nzg/ancdrtg/rvec.svg,0
https://youtube.com/hvtalib/ifftwxs/krgg/ipd.css,0
https://facebook.com/eokw/eosof/wsw.png,0
https://google.com/gmm.js,0
https://microsoft.com/gijmies,0
https://linkedin.com/bxe/wez/bjmijv.woff2,0
https://wikipedia.org/LogAction?/xyvq/eix,1
https://twitter.com/track/pixel/*/lijhioo/wqzc,1
https://cloudflare.com/cdn_cookie_service.html/hlatjwxy,1
https://facebook.com/tbqgqjv/oilg/tzzi.svg?lang=1zb04&q=proa4,0
https://instagram.com/nzi.png,0
https://apple.com/gzisao,0
https://wikipedia.org/qfhv,0
https://reddit.com/wutowe/yomrlfg.css,0
https://cloudflare.com/rwxiuv/riqdxszw.png,0
https://microsoft.com/cedexis.js/yyz,1
https://apple.com/extl/qufcwqy/jjonfnpn.jpg?view=z2uar&lang=0zj90,0
https://cdn.shopify.com/roitrack.js/pbrttqf/ktkc,1
https://youtube.com/tsrwxei/ttrrfgfh/lbbgodv/nmlmmo.js,0
https://microsoft.com/ataml/ehov.css,0
https://?event=impressions&/hrwa/mxaeb/vxtbhgx?utm_558=tuflab&sessionid829=pnniip&ref=483=zmmezl,1
https://cdn.shopify.com/qqnyokqu/exjhsys/qboza/afavxwnl.png?page=sdzhd&page=pzhw1,0
https://twitter.com/idfbmk.woff2,0
https://cloudflare.com/js_logger.php/wxvtes,1
https://amazon.com/vcy.css?lang=y14z0&theme=2x8kd,0
https://youtube.com/jzrvzyrz/ppmtheml/ahwbwb/rum.png?theme=rzwrd,0
https://linkedin.com/qgd/jao.css,0
https://microsoft.com/qnlcjb/huioniph/ukslreuc/jvkx.jpg?id=glwsn&id=2xv1e,0
https://youtube.com/plugins/nimiq/*$script/tfbsflv,1
https://netflix.com/xhrjyj/kttlie?lang=7uqnz,0
https://youtube.com/vlb.js,0
https://amazon.com/batch/action/_:/ypznp/tdna,1
https://google.com/fgg/cycsvvqk/qhn.svg,0
https://apple.com/vqtbxno,0
https://facebook.com/analytics-minimal.js/xvezk/srtdzqn,1
https://youtube.com/zwvl.svg,0
https://amazon.com/twtn/iwusumis/qggy/cxandsk.css?theme=glyzi,0
https://facebook.com/hwj/lqoovwmm/ksmclz/xyy.ico,0
https://cloudflare.com/analytics/amp/*,1
https://cdn.shopify.com/agmynem/lehprhes/rii/gasdri.png?id=fwnd0&page=kyost,0
https://facebook.com/zbzrxnbt.ico,0
https://netflix.com/PageTrack.js/stgtkwds,1
https://amazon.com/rt_track_event.js/qjvhb/migxiopo,1
https://facebook.com/tscjbsiw.woff2?theme=u9o6m&lang=39res,0
https://google.com/gxrezz/fyd,0
https://_stat.php?referer=/hoq/xqqqnecv?cid683=uwnhsq&cid140=edzbec&sessionid585=rrwshx,1
https://wikipedia.org/yvzljs/yetvub/hcxt.ico?page=4l8du&id=zto4d,0
https://cdn.shopify.com/wjyjp/pszl,0
https://youtube.com/znvhwh,0
https://netflix.com/showcounter.php/gwupv/esuymmwh,1
https://cdn.shopify.com/instart.js/newbqg,1
https://wikipedia.org/counter_2.php?/droluufa,1
https://linkedin.com/trackpxl?/ykotzrn/dfqbhbx,1
https://twitter.com/cnt.aspx?/rgfv,1
https://instagram.com/nkfohbm/wlyo.svg?view=pamkj,0
https://adobe.com/jsnixju/vuvbxk/zjbh/pnesgdf.png,0
https://microsoft.com/skizob.svg?view=b6wkr,0
https://facebook.com/dyrhsnz/cep/ramu/bickj,0
https://adobe.com/xjnatb/elsso/yxzpcmz/wvsfbfk,0
https://instagram.com/pgfakpe/pxrcwut/tnuroke/sjx?id=p7zxe&theme=eksx4,0
https://microsoft.com/czyi.ico?theme=ku3cb,0
https://amazon.com/xncpa?lang=vefs4&q=tiwvd,0
https://cdn.shopify.com/wwyta.svg?theme=oa7gl&view=cintn,0
https://reddit.com/ga_header.js/brndj,1
https://linkedin.com/dex.js,0
https://apple.com/sdu/xhfbpsb.ico,0
https://cloudflare.com/lxmfjkwe/unzmrkqq/uftbkt/ferxko.woff2,0
https://adobe.com/piq/btfmt.jpg,0
https://cloudflare.com/counter5.min.js,1
https://microsoft.com/ghqotbom/lgfhykuf/jjpe/utu.woff2,0
https://cloudflare.com/qdie/pxtyvfr/dvuh.png?id=o81pf,0
https://reddit.com/_stat/log/*/udkg/odyz,1
https://-scroll-tracker.js/pnbfxqyr?campaign621=axpypm&sessionid861=qfxmhv&cid901=sjwevz,1
https://linkedin.com/edmzwe/mrl/mvfben?lang=6r4na&theme=d3a5f,0
https://google.com/dmlnrxmm/bdaoied/tmy.svg?view=qdegr&page=c1l8i,0
https://google.com/gjguxyxj/zwreerr/bdu.css,0
https://twitter.com/hhtq/zlxw/dar.svg,0
https://linkedin.com/vmbdyx/olksvd.css,0
https://cdn.shopify.com/itmdp_code.js,1
https://linkedin.com/prcfu/tuf/tpq.jpg,0
https://wikipedia.org/cexcgnr/pdklj/ojnugx.woff2,0
https://amazon.com/ugsfat/wwu,0
https://microsoft.com/log.php?id/aoxuni,1
https://adobe.com://piwik.$domain=~matomo.org|~piwik.pro/qwr/tmvoilvq,1
https://reddit.com/ejmx/yxqe/knfingyz/mginnm.ico,0
https://adobe.com/yiaeg/ufjzeasi/ffdlaeta.js,0
https://instagram.com/LoggingAgent?,1
https://cdn.shopify.com/webmr.js/nukzd,1
https://wikipedia.org/mtdbx/vbyrwf/gtt/fwbktxe.png,0
https://linkedin.com/oacj,0
https://linkedin.com/nfzwjc/kyzhfdj/zusm.woff2?page=lu7fr,0
https://adobe.com/muwkg/zhnirpq.woff2?theme=50v2e,0
https://facebook.com/lgc/hsxot/ebybeuk.css?lang=6nxn6,0
https://instagram.com/ddq/vmnooxq/bfw,0
https://adobe.com/i.php?i=/srul/lftcgq,1
https://youtube.com/ocount.php/scr/flele,1
https://reddit.com/mml/mgr/uiory.ico,0
https://cdn.shopify.com/wxkcx/egacc/edwtj.css,0
https://adobe.com/goqlmt/ftfk/xfzze,0
https://amazon.com/nnvxnzwb/ycddtfdq/fwfafm.woff2?lang=x1m1k,0
https://apple.com/hints.netflame.cc/*/ccqutw,1
https://youtube.com/null.gif?/czioc/shvbzcar,1
https://twitter.com/batch/1/OE/*,1
https://google.com/pub/imp?,1
https://cloudflare.com/mcwwpww/hwjfux?theme=v4kq6&id=4vt0z,0
https://google.com/bsku/asy.png,0
https://linkedin.com/ioap.jpg?lang=v5o7o&lang=nbgcv,0
https://instagram.com/dcutscb/romduzyy/iaoq.ico,0
https://linkedin.com/usdrwhlr/oaanxduv/odyeis/vdcsj.svg,0
https://youtube.com/sdlhisnr/fbiffiht.png,0
https://google.com/qrnqgou/kzaofqh,0
https://microsoft.com/gbznv/vidlyjuu/ozjcn.ico,0
https://netflix.com/events-collector./fthbvh/qxyblkcx,1
https://cloudflare.com/gtgvpej/blcjr,0
https://facebook.com/zgl/onuwk/dhfd/prnkr.js,0
https://netflix.com/tracking/ipify/wfdnxd,1
https://facebook.com/hwlljtkj/mnwi/btgysswe.png,0
https://netflix.com/zxjjw/gyzahj.png,0
https://cloudflare.com/brqoa/tbxuurrz.svg,0
https://amazon.com/tjtur/zsgm.ico,0
https://instagram.com/zcsbl/mozzxuvf?view=5y1pk&page=xrt9v,0
https://cdn.shopify.com/xvsuc.jpg,0
https://.php?notrack=/vwnctjdk/lukiib?sessionid327=wqziqa&ref=109=nauotn,1
https://microsoft.com/visitcounter.do/jaibjf/imyg,1
https://twitter.com/kgqe/madim/kdwpptmt.svg?q=lfcq7,0
https://adobe.com/dtsofk.ico?theme=vobxi,0
https://wikipedia.org/cqj,0
https://_trackWebtrekkEvents./rwdggrwl?ref=892=lfqqks,1
https://amazon.com/sjp.woff2,0
https://twitter.com/luuwg/keiia/kznjgsjh/zrkup,0
https://apple.com/ajlpdqn/wehgeksy?id=zwsui,0
https://reddit.com/stwc/code.js/dcbjsu/xcoqqny,1
https://cdn.shopify.com/ikqpao/bbwjlm.css,0
https://facebook.com/rzhv.svg,0
https://google.com/linkinformer.js/xikccdbm,1
https://adobe.com/counter5.min.js/odvvvtpo/hmkowo,1
https://?event=impressions&/wbsnegq?cid804=cereqb&ref=202=reflws,1
https://-click-tracker./drn/bpcb?utm_308=lrddcf,1
https://facebook.com/upe/gdklukqi/mjskct.js,0
https://cloudflare.com/xzyblczb/hnsy.js,0
https://adobe.com/google_tag/*/ricckq,1
https://reddit.com/usage/ReportEvent?/olwpbxmx/bjao,1
https://netflix.com/somtag/logs/*/juvjn/jljts,1
https://microsoft.com/rxjhtnnn/egxzl/ugkz.png,0
https://netflix.com/svgtf.ico,0
https://amazon.com/ncqfdzzc/tjopx/ewlexx/jxfi,0
https://linkedin.com/stats-js.cgi?/lsoxzan,1
https://amazon.com/rxpdsm/cvd.js,0
https://cloudflare.com/olgmqr/agfhw/intynmpg.css,0
https://facebook.com/qdkoz/epbkvmr.js,0
https://google.com/fjr.ico?page=7opas&q=1uvx9,0
https://amazon.com/err/js/?url=/onwxp,1
https://microsoft.com/trck/etms/*/gqvel,1
"https://$csp=child-src 'none'; frame-src 'self' *; worker-src 'none',domain=fileone.tv|theappguruz.com/yhl/udccjc?utm_474=ojyaxw&campaign342=vmwonh",1
https://google.com/analyticstracking.js/hitidwii,1
https://google.com/ptdgy/inqoxwu.css,0
https://netflix.com/session/referer/bqd,1
https://youtube.com/amuykjb/xoj/gkhtv.js,0
https://microsoft.com/buzy/abpcy/eslly/gnazw.svg,0
https://google.com/pinterest-pixels.js/zuozc,1
https://netflix.com/tkdaz.css?lang=628ut&page=zztx9,0
https://apple.com/idgmniqg.jpg,0
https://youtube.com/jmwthb/fqn/oswzat.svg,0
https://facebook.com/lodugbs/owmia/fmk?theme=51hbu&q=863g5,0
https://cdn.shopify.com/zikingaj/dtgftvt.ico,0
https://&l=dataLayer&cx=c/qsfz?affiliate049=rhrtpb,1
https://-track-inview./glwtey/gqsupdd/aeqasg?sessionid827=mgqwsl&cid399=wojxox&sessionid867=bbecxt,1
https://wikipedia.org/kyhfdn/jwuebj.css,0
https://facebook.com/ogpezy.jpg?id=ghmbp,0
https://amazon.com/Web_JS_Stats.js,1
https://linkedin.com/sqcejkws/xiycpup.css?id=nbd4h,0
https://instagram.com/trk.*/impression/*/ocbtoodp/nct,1
https://youtube.com/dxo/ysr/ouwlkyo.jpg?id=z008r,0
https://reddit.com/oxxk/qnxvbi/mphwzu/ximjbbmo.jpg,0
https://_nedstat.js/jexylyd/ysp/hyraibyl?affiliate750=ttmxyk&cid577=fefafx&ref=246=tkejoc,1
https://adobe.com/riuz/ubb/aapono.svg,0
https://amazon.com/wwna.svg?id=kst6y&view=4tynb,0
https://youtube.com/dgsytx/qru/zkeycqxj/arjoc.svg?id=6q355&id=ejs6x,0
https://.skimlinks.js/ygdb/pugzplyn/uolv?cid605=qpedcs&ref=907=swvupn&ref=844=gvsqbn,1
https://youtube.com/cpvd/nlkkta/vwuugny/xgzj.css,0
https://netflix.com/sbqlv?lang=mtj95,0
https://apple.com/advstats.js/nhhlu,1
https://instagram.com/noy,0
https://netflix.com/amazon_linker.min.js,1
https://twitter.com/ytnb/qsbx/ghmhed/ydsb.svg,0
https://cloudflare.com/itmdp_code.js/dkutbq/otiuvgfp,1
https://apple.com/trck/eclick/*,1
https://cdn.shopify.com/ctuo/jfwegof/kxouxgjl.svg,0
https://instagram.com/px/*/blank.gif?/cmwugjdx,1
https://apple.com/triggertag.js/xgdh/miycoti,1
https://twitter.com/oachedt/wuugjtmb/fplp/ufm.ico?page=fjk4j,0
https://linkedin.com/umqbjtu.jpg,0
https://cloudflare.com/rctudbne/pagq/ibixbfsm/tlanzn.jpg,0
https://instagram.com/PhoenixGoogleAnalytics.min.js/ywm,1
https://cdn.shopify.com/cjmk/uruzqt.ico,0
https://netflix.com/cptlsk/xpftznqv/ckuweor/gojkv.css,0
https://cloudflare.com/vhnaonwo/vglii/ero,0
https://reddit.com/dla_tracker.js/yvtumerf,1
https://netflix.com/myxw/nnwg/hbjlijl.svg?q=48ou0&page=cua0g,0
https://amazon.com/zfuzawr/qodmbghj.js,0
https://youtube.com/ywbww/dyio/eaadp/lvj.png,0
https://netflix.com/ccl/wckaiore.ico,0
https://instagram.com/vdbmcna/vil.css,0
https://twitter.com/oxqkymv/nfcjnzx,0
https://amazon.com/pyzalxuz/gwfgshb/jnd,0
https://linkedin.com/sxgu.svg?q=0ew3t&lang=iffeg,0
https://cdn.shopify.com/analytics-ingestion/*/svxyeqmh/zghzl,1
https://youtube.com/xqx/lqbook/qhqzwqf.css,0
https://reddit.com/tracking/freewheel/*/lejtdnq,1
https://cloudflare.com/rwn/yzcu/josdys,0
https://reddit.com://track.opentable./uoe/eyqw,1
https://microsoft.com/nobtwb/oylrq/kqgntz/ckcmo.jpg,0
https://microsoft.com/rmxtapm/pjlijy/lvid.png,0
https://instagram.com/lgrtvhg/yfakv.jpg,0
https://twitter.com/qee.css,0
https://google.com/ligyhl.jpg,0
https://linkedin.com/obPixelFrame/*,1
https://wikipedia.org/count.fcg?,1
https://youtube.com/thsi/kpp?view=qi2p2,0
https://youtube.com/hibfijvm.svg,0
https://facebook.com/dbuk/bksompq/zwb.ico,0
https://reddit.com/ajgl/zwee/rfzd,0
https://microsoft.com/kep/kdbeid.ico,0
https://apple.com/bhsxenhs/hhbqpue/eiyqnuht/hqjskqoz.css?lang=5iwcc,0
https://reddit.com/ga_anonym.js/ugacv/muio,1
https://microsoft.com/qimybkzy/oxzs/jbpzbv?page=8xj36&id=emozu,0
https://microsoft.com/xasqi/gsrqfnwb,0
https://google.com/xstat.aspx?,1
https://facebook.com/jcqqq/saeth.css,0
https://cloudflare.com/TrackWebPage?,1
https://cdn.shopify.com/ida,0
https://facebook.com/shvolurb/qcusxf.png,0
https://facebook.com/qofyl.js?lang=c3a41,0
https://youtube.com/aad.png,0
https://microsoft.com/tewqocq/spili/zhjrcoc.jpg,0
https://linkedin.com/pix.gif?/kkyospor,1
https://amazon.com/xcknod/mkyfbiks/bvqeg.jpg,0
https://cdn.shopify.com/wxdfzkfg/jqkrn?q=x9qfv&page=3cwev,0
https://?action=log_promo_impression/hhbagnol/zjv/wrdr?affiliate415=isqhwi&affiliate982=rduxyb&affiliate322=qikwdf,1
https://.pageview-props.js/okzq?affiliate535=xuosfv&ref=472=zgweeh&affiliate119=hhywmf,1
https://youtube.com/dxic/rzan/qjhdzpp,0
https://cdn.shopify.com/pnjt/mnsh/vhqoo/zvhzpjn.js,0
https://amazon.com/gigyaGAIntegration.js/yfxglrbe,1
https://google.com/kaktjecg,0
https://wikipedia.org/frontend-sentry-/akkhl,1
https://netflix.com/?livehit=,1
https://youtube.com/onrbkiv.ico?view=wxxwe&view=jmsxz,0
https://instagram.com/lunametrics-/xfilj/yvczxquw,1
https://reddit.com/goffyrq.ico?id=r0wqf&lang=1p13i,0
https://google.com/silveregg/js/cookie_lib.js/qkqdsm/ufpzomvl,1
https://cdn.shopify.com/sxjkhs/qbuq/flisqne.jpg,0
https://netflix.com/aegmd.woff2,0
https://amazon.com/gsjce.woff2,0
https://instagram.com/hncfqwuw/ooprufhp/npry?q=jhpc9,0
https://netflix.com/analytics-dotcom/*/oitq,1
https://adobe.com/xqaigema/bmdocnkl.woff2?id=93bq0&theme=tzsfl,0
https://youtube.com/lcq/ayhbkddt/dcddfrhm/bmlalki.svg,0
https://apple.com/googleAnalyticsDataLayer.v1.0.min.js/ofobxllw,1
https://?log=player-*&stats_tkn=/swrw/gxnzzur?utm_301=tlcdde&cid280=pvgvsx&affiliate214=iabixh,1
https://?pageviews=$third-party/naahwux/goq?ref=236=gcwlxk&campaign297=sllvzl&affiliate169=uyvfnp,1
https://facebook.com/sxbpxaht/uvejjb/ccf.js,0
https://-tracking-pixel./xmvyyof?cid760=xlhftw,1
https://facebook.com/xbng,0
https://microsoft.com/zrey/hjs/lirdzfz/qyeaol.png,0
https://twitter.com/lhnhelpouttab-current.min.js,1
https://cloudflare.com/googleAnal.js/iqg,1
https://linkedin.com/ayxf/xctcvjq.jpg,0
https://wikipedia.org/uamitvw/nvywmu/tlsya,0
https://facebook.com/stats/events$xmlhttprequest/jfhojfm/wzmkpbht,1
https://amazon.com/lseso/okb.png,0
https://twitter.com/fldqlir/bbhdpnje/rtmuwbz.jpg?page=orj29,0
https://amazon.com/adm_tracking.js,1
https://facebook.com/dnnaf/tluh/ggiha/zuey.woff2,0
https://reddit.com/xqvdz/gkcgvmbk,0
https://linkedin.com/zkk/eixoe/tzvwmyjt,0
https://amazon.com/bsdkqz/gjekhb,0
https://apple.com/dspixel.js/qopvqll/opu,1
https://netflix.com/zktdkl/dmw.svg?theme=hqriw&id=mh1dx,0
https://netflix.com/bsnhewzt/nnkd/tawm/fbmuz,0
https://cloudflare.com/dbm/whklfli/naqpk.svg,0
https://youtube.com/uboj/kdvyv/ukotmoh?view=ixcpa,0
https://netflix.com/bgezpibr,0
https://facebook.com/hdtau/ddlh/ygnsnv/wxxxjye.css,0
https://google.com/publisher:getClientId?key=,1
https://cloudflare.com/uexxui/celp/ikshyr/gyksae.js?lang=j2ll5&view=2y7de,0
https://cloudflare.com/fis/fsre.svg,0
https://?event=impressions&/qthobh/gzpkx/hmqmu?sessionid022=pjatvn&ref=899=lrqmpa&cid223=sowlxs,1
https://netflix.com/js_log_error.js/neval/thklvzjz,1
https://reddit.com/xouhkbme/soiry.css?q=o62ly,0
https://amazon.com/dveapu.jpg?view=hrk89,0
https://youtube.com/zjhqkgvv/bjss,0
https://linkedin.com/bsvqa/azvyz/btidpigo.jpg?id=q1p0v,0
https://adobe.com/dfiecqs/ilxn/pvafpy/zmwerecs.jpg,0
https://cloudflare.com/qcdjs.png?lang=dp9qe,0
https://facebook.com/hit2.php,1
https://linkedin.com/dzfqlgd.png,0
https://microsoft.com/mdephhrv?page=ah97d&id=ox05s,0
https://netflix.com/amp-analytics-/rstca,1
https://microsoft.com/toy?view=qc2y4,0
https://reddit.com/nhzbeest,0
https://cdn.shopify.com/tpkda/yjwnkt.woff2?view=ylixs,0
https://apple.com/uabqor/dutejgle/pttrcwz?theme=vamd8&q=nis1q,0
https://wikipedia.org/nov/xbvdbl.js?lang=av449&lang=h2e9b,0
https://adobe.com/covhy,0
https://cdn.shopify.com/amp/pingback?/ejk,1
https://adobe.com/facebook_fbevents.js,1
https://cdn.shopify.com/hwetqd/emwhpgsg.ico,0
https://amazon.com/jys/fac/aqpohzwt/krtxqb,0
https://linkedin.com/Counter.ashx?,1
https://cloudflare.com/mxite/tdpspeye.woff2,0
https://twitter.com/cfu.jpg?id=ntpzu&lang=su5zn,0
https://youtube.com/bunsen/events/*/xmrcs,1
https://google.com/hmo/irwf/shgp.jpg,0
https://netflix.com/hquxht.css,0
https://cloudflare.com/nee,0
https://linkedin.com/lrbfyd.woff2,0
https://youtube.com/wwrgshr/mkqscsel/htexfrs/dnylbv.png,0
https://cloudflare.com/iftwzpor,0
https://twitter.com/clickpathmedia.js/fbkdlg,1
https://google.com/logstats.php/qxh,1
https://cloudflare.com/watvyfh/uoweqe/scukpun.ico,0
https://instagram.com/tracking/referrer?,1
https://&l=dataLayer&cx=c/hoyq/ncf?affiliate253=kcbuwz,1
https://google.com/kyhoo.ico?page=z59yl,0
https://instagram.com/cgi-sys/count.cgi?df=/xjeasot/pyi,1
https://microsoft.com/jnkoacz/mrtd.css,0
https://netflix.com/waldf/cubql/eabn,0
https://twitter.com/tagCNIL.js,1
https://instagram.com/ybfy/xhzongna,0
https://google.com/bfsyo/thfbm.ico,0
https://adobe.com/eboau.woff2,0
https://cdn.shopify.com/nwtovrx/uxnyvv/hwvojubc.jpg?lang=3vt9t&page=op7s2,0
https://instagram.com/oexghec.jpg,0
https://reddit.com/oabu/xafcr.ico,0
https://google.com/qqdmb.css,0
https://google.com/boomerang-latest.js/tczsmft/vsn,1
https://linkedin.com/foresee-trigger.js,1
https://instagram.com/statcollector/*,1
https://youtube.com/count?pid=/hfbjy,1
https://wikipedia.org/fp/check.js/elgk,1
https://instagram.com/phspsv.woff2,0
https://google.com/nweigzxf/hmek.jpg,0
https://cdn.shopify.com/fxpwgvio.png,0
https://amazon.com/wbhio/qlzah/wrgwxsg.jpg?theme=f4b29&id=72g9t,0
https://cloudflare.com/twzkybdu/jnubfyfw/lfsevxb.js,0
https://amazon.com/qleyex/xzi/mdmthdj.css,0
https://instagram.com/odyjdrv/lxid/rdpeb.svg?id=yw936,0
https://apple.com/ifsqnkf/nawg,0
https://microsoft.com/impression.gif?/mpdovucp,1
https://microsoft.com/sdksqydk/lywqez/erunnoqo.js?lang=of7a7,0
https://instagram.com/rtgrnw/iiwbdf/vchmemh/jrtvwkie,0
https://.gif?Log=/hifwoe/ostuboi/onk?sessionid801=ubkftb&sessionid504=aktpvl&affiliate364=hfmwlj,1
https://cloudflare.com/tealium-utag-set.js/ecd,1
https://cloudflare.com/afmia/vuqasnc/japbric.svg,0
https://_beacon?/jybhra/iupi?ref=018=auzmhn&affiliate398=ynojwz&cid283=cvaeqr,1
https://cloudflare.com/kwnrxv/hxc.png,0
https://youtube.com/cno/ycjr/eboqojhx,0
https://.gatracking.js/mhsczil/ujo/bgbwm?sessionid902=njribu&utm_654=cdoezc&affiliate798=aymzmb,1
https://netflix.com/haxfvb/ismzii,0
https://youtube.com://fathom.$domain=~fathom.fm|~fathom.info|~fathom.io|~fathom.lib.uchicago.edu|~fathom.org|~fathom.video|~fathom.world|~fathomdelivers.com|~fathomseo.com|~usesfathom.com/liw,1
https://reddit.com/fp/clear3.png/kvjd/oushgdx,1
https://cdn.shopify.com/wbb/arvapgiu,0
https://youtube.com/xaeyzjy/oeckd/klvvabdg,0
https://facebook.com/qlpegce.jpg,0
https://linkedin.com/wywqtml/ysozv/gtb/zkhc.css?page=97iui&view=mfdjn,0
https://wikipedia.org/jzgrs/vkmkgcri/tsqneezu,0
https://instagram.com/kdzdq/ktvki,0
https://google.com/radar/trace?/rxqjuu,1
https://-geoIP.js/ytn?utm_786=fwiwjh&utm_418=ksuydm,1
https://youtube.com/run/perf,1
https://microsoft.com/CofinaHits.js/zjesxb,1
https://facebook.com/rgqtn.jpg,0
https://amazon.com/yox/foui/tdkk/afnpgyx.js,0
https://microsoft.com/oafeh/dsux/taetgz/lhpeq.woff2,0
https://reddit.com/iterable/track/views/*/yhrfz,1
https://cdn.shopify.com/huwmy/mzpxh,0
https://youtube.com/khrdde/koc/yxovg/luyu.ico,0
https://cdn.shopify.com/rdthb,0
https://wikipedia.org/fsr/rxqlx.woff2?id=fh4ku,0
https://wikipedia.org/weaoqbmr/maeejs/glm.jpg?view=2qf3m,0
https://cdn.shopify.com/ruwfzywn/purin.css,0
https://linkedin.com/edh/ejgrywi.js,0
https://microsoft.com/fnrtc/aunnf/pdmozd.css,0
https://cloudflare.com/hrkijvcx/hvggvmry/italrml/ouotb.png,0
https://twitter.com/fccmpvpu,0
https://apple.com/ektid/ltjv,0
https://microsoft.com/counter.cgi?/xryz,1
https://amazon.com/nqn/ersszrt/oghp.png?id=x7i13,0
https://microsoft.com/stats/pageview,1
https://reddit.com/xwektim.svg,0
https://reddit.com/hohzcjp.png?lang=euyr0&id=ed3rv,0
https://reddit.com/id?d_visid_/eoncf/zza,1
https://adobe.com/lwpm/ijzan/wujukuyw/kjprbk?lang=52l7v,0
https://netflix.com/logAjaxErr_h.jsp,1
https://instagram.com/naytev.min.js/arks,1
https://facebook.com/log/browser/event/sgmlvob/deopkoj,1
https://.stats?action=/ewsy/lqng?ref=691=lzcmnl&cid989=oynqzy&affiliate212=jickzg,1
https://reddit.com/sentry/bundle.min.js/uuupcout,1
https://netflix.com/cache_warmer/track/*/zpfot/jijxocps,1
https://cloudflare.com/sjify/dhx/vhip?page=v5mng,0
https://youtube.com/ydazqqek/oylqo.js?page=19jzv,0
https://adobe.com/daf/aufbni.woff2?page=2m3eh,0
https://amazon.com/matomo.php/lsmq,1
https://cloudflare.com/facebook_fbevents.js/edrbdas/gcgl,1
https://netflix.com/olvxl/dvkex/nln.svg,0
https://netflix.com/ygqkaays/kinp/lkiybe/xti.css,0
https://netflix.com.com/counter?/azax/rddix,1
https://facebook.com/almdrjhf/ysnvgoo/mlzykei/xxw.js,0
https://cloudflare.com/tyoc/qvi.js,0
https://microsoft.com/hjyeb/wcfodxbx.png,0
https://wikipedia.org/qvwzujze/occeelr.woff2,0
https://.php?action=browse&/osjp?ref=427=xljkym&sessionid261=rdumsl&sessionid761=rttxeq,1
https://.gif?Log=/owsd/szbctdz?campaign021=raybpt,1
https://apple.com/facebook-pixel.js/hdvnfpaz/ccggq,1
https://cloudflare.com/arnpitvy/vwme/bud/rwo.css,0
https://apple.com/ggqdos/kzuk/ccg.png,0
https://youtube.com/statsVisitesAnnonces?/hde/zgggeibu,1
https://apple.com/lib/analytics.js/odiw/vizfcr,1
https://wikipedia.org/jqjaleq/yqcqaw/veapsnam/xawt.ico?view=ee48t&id=0xm0l,0
https://adobe.com/maiu/uonogwv,0
"https://$csp=child-src 'none'; frame-src 'self' *; worker-src 'none',domain=fileone.tv|theappguruz.com/lof?ref=283=oqlsct",1
https://adobe.com/gvii/qgbetrsk,0
https://?action=impression&/rxzcpa/ptlnzu/pku?affiliate416=gunhmo&ref=317=puiscd,1
https://amazon.com/jrnoab.jpg,0
https://facebook.com/cujqy/bjlcvx/asdmpowx.svg,0
https://twitter.com/caqjfpo/tuq.png,0
https://instagram.com/qrr/ptihxfj/mlpbezcq,0
https://netflix.com/hklyjtb/rlrdnm/lxe/uacat.ico?lang=8jcrl&page=8pnqw,0
https://_stat.php?referer=/dvawtxbj/afmnkvn?campaign645=vzmumj&utm_768=cjxxft&ref=814=erdkih,1
https://microsoft.com/hhrc/hiczw,0
https://wikipedia.org/wup?cid=/ifbbfc/nyi,1
https://apple.com/uzfyp/ffnp/atc,0
https://cloudflare.com/gaclicktracking-universal.js/dovwibqb/hcleoa,1
https://cdn.shopify.com/hawi.woff2,0
https://reddit.com/xzwaoxi.svg?page=h7hh2&q=g41c6,0
https://facebook.com/piwikapi.js,1
https://adobe.com/jehqy/mbzikwqr/xqpesjzs?view=zu5cb&view=vjpp1,0
https://google.com/tracklib.min.js/wwcvak/bkbv,1
https://reddit.com/hagyrdts.jpg,0
https://netflix.com/codesters-analytics./xckaz/zjixs,1
https://twitter.com/aijrojlb/qdhovss,0
https://microsoft.com/rollbar.min.js,1
https://facebook.com/ims/ktc/rizojef.js,0
https://linkedin.com/upl/ixiv/udibs/savox.svg?theme=vr2ua,0
https://?type=pageview&/wlk?ref=799=hyxztf&affiliate129=burlhl&affiliate950=cmyvei,1
https://adobe.com/xikbqd/jeihdgui/krr.js?q=zx8u0,0
https://netflix.com/log/collect/*/izyjluyt/rbvtdjl,1
https://google.com/oo/*/lsync.js,1
https://.php?ping=/wciyp/onos/eaq?campaign193=yqevms&ref=433=hvmvfn&affiliate465=edjgvl,1
https://linkedin.com/bk-coretag.js,1
https://youtube.com/ayxmt/sgfdx/tjelcjv/qsaupj.svg,0
https://twitter.com/eczapijn/gplvg.ico,0
https://cloudflare.com/ruprqr/ncmongav.ico,0
https://microsoft.com/qwpcncl.ico,0
https://cdn.shopify.com/ngvj/rne/snwhu/uyy.jpg,0
https://youtube.com/cmp/messaging.js/ktwxzak,1
https://facebook.com/xswqtucg/syrishld/bovk/ucx.ico,0
https://adobe.com/sli/ixksfth/xtcno,0
https://twitter.com/plugins/pageviews-counter/*/zxzkpvk,1
https://twitter.com/duwkn/ktlbqo/hapcxbvg/xyary.ico,0
https://google.com/hpko/cylylc/cpdihyb?lang=1izuq&page=m8web,0
https://google.com/ituadt/mdnv/vdqkgxou/eef,0
https://cdn.shopify.com/gluxwoo/jckfkqk,0
https://apple.com/igwfisjk/ujglgcyg/dgixw/cemrzfh.woff2,0
https://adobe.com://tracking.*/event/cogww/rul,1
https://cloudflare.com/postcounter.php?/efycqwz/qlo,1
https://amazon.com/vymk/ihlib/qnfhi?page=lhli6,0
https://microsoft.com/cklink.gif?/brx,1
https://adobe.com/rxchqg/dsveayp/ifh/rto,0
https://?log=united-impression&/owqioea/afokjwvg?affiliate952=dygygh,1
https://?event=pageview&/ombhaz/yjleb?campaign032=rutjfx,1
https://instagram.com/tigycnqc/gyomj/jvaqhjid.js?view=3va8m,0
https://netflix.com/bom/analytics/*/ldymxljq/swmjkl,1
https://netflix.com/muod/tnxdlc.png,0
https://youtube.com/fbgvq/nxusg.jpg,0
https://google.com/adv/sij/ikzqkz/pact.jpg?page=fqpno,0
https://adobe.com/evercookie.js/owss,1
https://amazon.com/rsrwlvl,0
https://netflix.com/txr/thqimu.woff2,0
https://cloudflare.com/collect/view_count?/lbqty/tszu,1
https://apple.com/gpawtdr/bsgts/lzakkyl/zdovq.js,0
https://twitter.com/mtiFontTrackingCode.js/rfbwaa/tdpc,1
https://.php?action=browse&/citr/myvhzu?sessionid476=iuuadc&campaign132=dmztvk&campaign635=waammm,1
https://google.com/rest/high/api/cogitoergosum,1
https://netflix.com://tracking.*/beacon//yjlw/ppwaf,1
https://twitter.com/bdpsen.js?lang=spvo1&view=lcy5n,0
https://apple.com/counter5.min.js,1
https://_event_tracking?/txz/boh/kntjdwg?utm_107=aatmhm,1
https://google.com/seostats.php/uos,1
https://amazon.com/piwikTracker.js,1
https://facebook.com/ojtqw/hvkxj.png?q=8nfit,0
https://?[AQB]&ndh=1&t=/vumpuzy/cfldkby?sessionid234=tkvwvr&campaign775=orqfen,1
https://twitter.com/ktub/ffjqhb/dwgqbcr/yibxc.css,0
https://google.com/log/track/*,1
https://cloudflare.com/ia-sentry.min.js/xoep/kfhmis,1
https://facebook.com/uxwf/zzwxjzzx.png,0
https://reddit.com/wp-slimstat.min.js/bvnu/dkilpwhf,1
https://reddit.com/xvnxof/xjzdxe/ytjxr/dxj.png,0
https://wikipedia.org/uyhxfze/dyc.png,0
https://twitter.com/ylhtueor/esobpek/tfg.woff2,0
https://apple.com/hudqfd/tldjsoe/jgz,0
https://youtube.com/ugahx/xaz.js?q=b9ofm,0
https://adobe.com/mlk.js,0
https://linkedin.com/criteoRTA.js/zxvcovcs/zrgcbo,1
https://amazon.com/ryd/shezu.svg,0
https://cdn.shopify.com/ehmvwc/haimsay/zlhxgc/zhwimxco,0
https://wikipedia.org/tracker.ga.,1
https://twitter.com/track-visit?/mcoi,1
https://apple.com/gmklhwgt?view=r5z1c&lang=tpgr4,0
https://reddit.com/toiuw/pyr/dobrbk/ddscp.ico?theme=5nlyg,0
https://cdn.shopify.com/pjuzxiru,0
https://reddit.com/global_analytics.js,1
https://amazon.com/iirb,0
https://linkedin.com/fzhwqhdh/kkpbdeg/fnay/exbnpwk.css,0
https://youtube.com/analytics.js/v1/*,1
https://netflix.com/kameleoon.min.js/wea/fznbihzp,1
https://twitter.com/uenuojzh/gjeikp/ixhhvh,0
https://?action=event&/nrtrztx/wfcygd?utm_130=qkwitr&cid199=hylgsy&campaign447=oxaufr,1
https://apple.com/collector/pageview/uxyl/bzt,1
https://reddit.com/cid/ryfwcft/pwfprvn.jpg,0
https://adobe.com/xyoq.js,0
https://amazon.com/kspveyqt/cpjrp.svg,0
https://linkedin.com/callbacks/stats?,1
https://cloudflare.com/pxlctl.gif,1
https://cloudflare.com/smetrics.*/id?,1
https://twitter.com/kfwcg/cddnfc/rpxcudto.woff2,0
https://netflix.com/usn,0
https://?log=stats-/sfe/wmowi?cid374=jadohy,1
https://microsoft.com/ga_tracker.js/atb/rwihrdl,1
https://adobe.com/ysvt/lskthg/fqqjvdu/uxxfoeuh.ico,0
https://reddit.com/index.track?/euxjmlz/ezjvfk,1
https://adobe.com/adobe/logging/*/djeqog,1
https://cloudflare.com/ybsvkepm/ljmex,0
https://adobe.com/timingcg.min.js/ywvbuq,1
https://microsoft.com/apxo/entkbfr/kzx/focsd,0
https://instagram.com/fhvd/ufeifel/gbc.jpg,0
https://netflix.com/statcollector/*,1
https://?log=xhl-widgets-events&/rlqhc/zwmcvu/xze?ref=558=dddrlh&cid083=tcqkzi&utm_844=nxnsyy,1
https://youtube.com/yzlqhuvj/mwohygka/rllevsbs/osr?theme=9vj4q&view=uyjrm,0
https://instagram.com/PageStats.js/byw,1
https://reddit.com/xqry/unhlxa/tsjqzd.svg,0
https://cloudflare.com/jvfjedme/vwxzvvpf/uyfywzjy.js?page=eg4uc&view=a2ofy,0
https://instagram.com/hirhvber.png,0
https://linkedin.com/dldh/qnigtolj/qijkhj.svg,0
https://reddit.com/adstats.php,1
https://facebook.com/bbwophv/wfwfddos/uygjafep.js,0
https://cdn.shopify.com/wrxfarti/tobaie/egq/yyiu,0
https://google.com/kbh/wjc/nox/yynbkfwf.woff2,0
https://cloudflare.com/powo/xiw.ico?q=a4g25,0
https://?type=pageview&/cnpyame/afqjart?affiliate679=qhixra,1
https://wikipedia.org/dghp/ahfut?id=yfpki&theme=b4b2f,0
https://microsoft.com/hsc/opmrfjy/vunghdt/mclznv.svg,0
https://instagram.com/jgi/azidr/ftbqbcjv/tmaw.woff2,0
https://.php?action=browse&/izvvk?campaign966=jugtbd,1
https://cdn.shopify.com/valnet-header./rzksfmbu,1
https://amazon.com/rak/xhndky.ico,0
https://cloudflare.com/e.gif?/bopeih/qmj,1
https://microsoft.com/dmfhka/ynb/ejzfpdw/hyr,0
https://cloudflare.com/solxz/jrfdxo.ico?page=vb9qd,0
https://netflix.com/ithynpok.jpg,0
https://twitter.com/puyibwq/hnq/ncpbbtn.png,0
https://?log=xhl-widgets-events&/ivvld?ref=807=kubnro,1
https://microsoft.com/qkhkz/ecklfy/yfm.svg,0
https://youtube.com/qale/xcb/xoxzr.css,0
https://cdn.shopify.com/qotkxoe.css,0
https://cloudflare.com/track_general_stat.php/mfcgxkq,1
https://cdn.shopify.com/dkmsccm/xawxyq/cqmeby.ico,0
https://twitter.com/tay.jpg?q=m3rm7&theme=pqtk8,0
https://adobe.com/s.gif?/tfj/kxvl,1
https://wikipedia.org/log?kc=/sxpw/ettvo,1
https://google.com/mzzf/twaj/ial,0
https://reddit.com/pixels/track?,1
https://linkedin.com/PageStats.js/qcw/rzyhwze,1
https://youtube.com/xbaff/sti/tmqsahdi/muppbuj.svg?q=ul5e1,0
https://cloudflare.com/kalvvk/gebymte.jpg?q=dii3q,0
https://instagram.com/lemiwmu.jpg,0
https://amazon.com/uap/jufs/liabwuyg.woff2,0
https://instagram.com/track?name=/xncqqq,1
https://linkedin.com/sync.gif?partner_/vzv,1
https://cdn.shopify.com/referral_tracking.js/mpij,1
"https://google.com/client_204?$image,other,ping,script/zohvrsa",1
https://google.com/imzdgnk/odi/vlsypa/fwvn.css?q=ik1sy,0
https://twitter.com/wwgtrgid/ikfttje/unl/edwykoo.ico,0
https://instagram.com/huwqz/ymxp/opahjzqc.png,0
https://linkedin.com/njowijs/kwzlrpqr/lrq,0
https://wikipedia.org/pixel_V2.js/rgz,1
https://wikipedia.org/mty,0
https://netflix.com/klaviyo_analytics.js/iecrvxm/jgbg,1
https://instagram.com/azs.woff2?lang=mrryv&page=3ieqc,0
https://reddit.com/js-sdk-event.min.js/igajkyhv/pbq,1
https://apple.com/probance_tracker.js/xtpn,1
https://cloudflare.com/kjwtteyq/kqlxszi/etswv/lbpjphl?theme=qi34j,0
https://linkedin.com/ihig/sukl,0
https://apple.com/zbcrtsy/aua/hzs?q=htane,0
https://wikipedia.org/assets/smarttag-$script/nwwyrzwi,1
https://wikipedia.org/fmzpepm/cwmymndt.css,0
https://netflix.com/iie/fyeqm.svg,0
https://netflix.com/analytics/comscore.js/hqxpsc/sbus,1
https://?logType=impression&/jgsmjg?affiliate718=dymbcs&cid789=cgdcal&sessionid804=opftju,1
https://reddit.com/leage.google.tracker.js/mjbjv,1
https://wikipedia.org/trackpxl?,1
https://wikipedia.org/nqkdjg/bqmnyo/omlsog.css,0
https://adobe.com/vjqmeyo/jcmky/mkxbnoj.js?view=tlmtl,0
https://facebook.com/shared/sentry/*,1
https://facebook.com/gqwhcyb/xxhyxqk,0
https://twitter.com/ergozzu/fkjrouif/fxqlpv/caaf,0
https://apple.com/zma/zeabfo/guw/kxc.svg,0
https://cloudflare.com/ecap.min.js,1
https://cdn.shopify.com/pagetrack.php?,1
https://amazon.com/pllopb/wuypnpjm.css?page=3u03d,0
https://apple.com/qikh,0
https://wikipedia.org/plugins/stat-dfp/*,1
https://microsoft.com/ljsirc/vddbyn/cqpjvoe,0
https://youtube.com/rry.jpg?page=cvb04,0
https://netflix.com/livecounter.php?wid=/hwv,1
https://apple.com/rpc/log?/hvt/eaqgu,1
https://microsoft.com/rqkddw/afr.js?theme=2ovfm&lang=7c12x,0
https://.php?notrack=/bxnztnyx/bymts?campaign495=lhfeux&campaign149=acolld&cid672=gstcvt,1
https://wikipedia.org/TrafficCookie.js/rpch/paizbh,1
https://amazon.com/tc_analytics.js,1
https://adobe.com/rtrk/pfwutga.png,0
https://google.com/itqahn/iebh,0
https://apple.com/koko-analytics/assets/dist/js/*script.js/yedvm,1
https://microsoft.com/zfvlkxeu/teflispf/pdxtigug/ihscmt?lang=evoqq&view=uohft,0
https://facebook.com/oyqjty/aqdbxe/ydzcbjn/wil.png?view=mowz7,0
https://instagram.com/gqy/nekajr/bksmsr/yvkql.png,0
https://apple.com/rvkhpgah/rwn/jijzxzcl/tzv.css?q=g4lnd&q=smoi6,0
https://microsoft.com/rqfc.js?lang=iagn8&theme=n8q5z,0
https://wikipedia.org/srjio,0
https://reddit.com/cgg/xkmxhi.woff2?view=jqe1i,0
https://youtube.com/klct,0
https://amazon.com/nclugcs/edjom/hrvakk/ployymn.js,0
https://cloudflare.com/nuckb/nbwcceha/depwwo.woff2,0
https://google.com/mrvgkncn/innmthml/ldzcyr/qnml.jpg,0
https://cloudflare.com/gzilz/vlguij.ico,0
https://cdn.shopify.com/arjnehdl/iqcqvh.jpg,0
https://instagram.com/yoh/vkgng/mlyieckr.svg,0
https://wikipedia.org/kihyelj/fgkhelq/ybhc/pqpkkue,0
https://google.com/xjtmsdop/sqnb/irlj/tgs.js?theme=hr1ze,0
https://linkedin.com/qgop/vyncgwmy/ipzejew.jpg?page=tkn7c&view=h3izi,0
https://youtube.com/csqno.png,0
https://instagram.com/ncj-pixel.js/ujk,1
https://microsoft.com/ztur,0
https://youtube.com/tqwsoh.png,0
https://linkedin.com/dfadjlrv/hnpeh.svg?id=uqin3,0
https://adobe.com/upll.png,0
https://_event_tracking?/iwabnu/stfgrfk/qpv?campaign412=glpzrj&affiliate284=gvycuo,1
https://microsoft.com/auwublqm/pkl/zdirq/yyz.png?id=2beuw,0
https://instagram.com/tealium-external/utag.js,1
https://netflix.com/mint/?js/psbdvcp,1
https://amazon.com/mphbf/deyj/jobkzji.svg?id=ivf42&q=xnooz,0
https://apple.com/pagjxnxu/cda.png,0
https://adobe.com/loiwsp/qjnea/efklik/uhrd.woff2?id=vni7o,0
https://cdn.shopify.com/wzjpqfml.ico?lang=xi445,0
https://adobe.com/ilp/jafnux.png?view=ydtct&view=dunui,0
https://youtube.com/ezwenybw/miltqdx,0
https://netflix.com/lnwzet,0
https://_stat.php?referer=/zzjm/acejroi/anfm?sessionid740=lpmuqv,1
https://reddit.com/zlybrhs/utnqd.css,0
https://cloudflare.com/krux.js,1
https://youtube.com/yqci.ico,0
https://instagram.com/zibi/htmpmqc/itrhpak?view=zayzs,0
https://apple.com/ttl/krk/sfceyk/wygjuson.ico,0
https://youtube.com/frnunay/yvjv.js,0
https://adobe.com/pax.jpg?q=jvo52&theme=884tb,0
https://youtube.com/showcounter.js/zpvolvi,1
https://youtube.com/cnp/qfo?id=fsbz0&theme=xpocg,0
https://microsoft.com/qapcore.js/zxsvsu/ombc,1
https://linkedin.com/wzassv/mvqjguwj.png,0
https://instagram.com/wcoc/wyvq.woff2,0
https://youtube.com.jp/static/js/track.js/ruj,1
https://amazon.com/xlqhf/dvvs/rup/xos.png,0
https://youtube.com/hqbhyfu/wqv.jpg?q=ofnky&page=xdcv0,0
https://netflix.com/page/load?/bdowyhst,1
https://cloudflare.com/analytics/collect?/qtccrxr/xmysn,1
https://facebook.com/qsum/dmoh/wyda/qayzuttr.png,0
https://adobe.com/bjr/zlk/mdx/xqqgg,0
https://wikipedia.org/detm-container-hdr.js,1
https://reddit.com/rjgci/vuxsc/nhr/qri.jpg,0
https://google.com/ye-gatracker.js/qxibdqla,1
https://amazon.com/jvwzxlc/uphnf.js?lang=igq8j,0
https://adobe.com/pixel_tracking.js/nuhpj/owfyu,1
https://.content_tracking.js/qna?affiliate309=vdyakc&sessionid763=uwljhf,1
https://youtube.com/tqvnnw/tom/lwtxtw.css,0
https://facebook.com/beacon/event?,1
https://cloudflare.com/mnie/ltocr.woff2,0
https://adobe.com/knlgl/mdtyzne/ketisz/sqg.svg,0
https://reddit.com/marketing-analytics.js,1
https://adobe.com/wp-slimstat.js,1
https://apple.com/dg_measurement_protocol.js,1
https://microsoft.com/hqnsoqga/jkvvl/uhma.svg,0
https://google.com/fsjjrc/dzejhv/nmif,0
https://wikipedia.org/stats.cgi$image/xhdl/togxgkyz,1
https://netflix.com/lcta/ftucc,0
https://instagram.com/kfiqd/ctg/bkb.js,0
https://youtube.com/stats/Logger?,1
https://instagram.com/whzxuk/ufubq/zmmxl.css,0
https://twitter.com/bom/analytics/*,1
https://google.com/ali/den/rdfxveqk/gohbp.woff2,0
https://facebook.com/rtrl/pzuu/fibpl/dzwlhcz.ico?q=hmmfz&view=ugr3a,0
https://reddit.com/zoshgdqt/qixvbux/bueenp.svg,0
https://amazon.com/ouiuqkda/miadaipg/kneqxvhs,0
https://instagram.com/rwotjy.jpg,0
https://instagram.com://tracker.*/pageview/wrxgyvkh/tzsfrrm,1
https://adobe.com/khwjw/ybbqw/zzgqvz/bdb.css?page=d668d,0
https://amazon.com/dhdikm/ydmtuic.woff2,0
https://cdn.shopify.com/gwjpkhrz/rvngyvc.png,0
https://google.com/clicktracking.js/yuva,1
https://microsoft.com/wjcskore/kpkb/akv.css,0
https://youtube.com/ddbv/iqgds/vwz/gbh.js,0
https://twitter.com/beog/lvv.png,0
https://microsoft.com/xxjqj/loqbopim/mlwiviz/nqvz.css,0
https://linkedin.com/rtp/quvfpw.png,0
https://microsoft.com/qxwemqre/lzuujqty.svg,0
https://cloudflare.com/stats/event.js?/hglygfw,1
https://reddit.com/njfs/utcotbh/ikypfnl.js?id=vrlks,0
https://apple.com/yrebskms/gokwvult/cbdmi/cznxw?lang=e5kpj&lang=f8cem,0
https://twitter.com/uvf/jmwc/flht/ghthsbqw.css,0
https://reddit.com/jhjnbg/zux?theme=k7mu4,0
https://linkedin.com/gpfxsog.ico,0
https://twitter.com/tatari-shopify/tracker-snippet-latest.min.js/lcgwnx/fsv,1
https://cloudflare.com/lvpd.woff2?id=xhip2&page=hwruf,0
https://youtube.com/tracker/imp?/zywhjuf,1
https://reddit.com/obf/cshsggs/bcysivo/kvdmtm.woff2,0
https://adobe.com/shopify-boomerang-,1
https://youtube.com/azbtzw/byflhwn/vpph/fcjvkery.css,0
https://cdn.shopify.com/beacons?data=,1
https://twitter.com/laxueghb,0
https://cloudflare.com/analytics/amp/*,1
https://reddit.com/ajax_video_counter.php?/neod,1
https://reddit.com/sntypjfx/zhvhllv.woff2,0
https://amazon.com/taboola/loader.js,1
https://cdn.shopify.com/iox/brimufpd/swrpcuqz/mujf.svg,0
https://wikipedia.org/hafb/eraxryu.svg,0
https://-tracking-pixel./lptx/onkfh?cid347=avopfr&affiliate179=ryuupv,1
https://youtube.com/kve/fgdg/lhstqw/tio.jpg,0
https://microsoft.com/ajax-track-page-view/*/sqmj/vdi,1
https://cloudflare.com/aqmce?page=i5mfu,0
https://.content_tracking.js/uccq/abme/byxbpg?ref=280=nnfvht&utm_727=lgloqo&sessionid149=peecoa,1
https://adobe.com/wlye/rdgim/adq,0
https://&refer=http$script/fpzjopr/ujy?ref=329=ctyvjh&ref=545=qvagpb&sessionid392=rrxokx,1
https://microsoft.com/track/cm?,1
https://wikipedia.org/fpuesfe/jphq.woff2?q=thokn&theme=52ufe,0
https://-geoIP.js/lkdj/ygry/mzyrl?sessionid053=wdiqfu&affiliate410=zgxcrb,1
https://linkedin.com/smmch-mine.js/ddqw,1
https://twitter.com/ocounter.php,1
https://instagram.com/countinj.cgi?,1
https://amazon.com/httl/fdhajncf/qnj/yluakkxg?theme=xc31d&id=z8v6y,0
https://cdn.shopify.com/zrhwxk/aupgb/yjxg?q=ybhil&id=uscun,0
https://microsoft.com/chtpuii/lifix/mwy/thvygq.woff2,0
https://cloudflare.com/fyx/slk,0
https://instagram.com/nqhbjbv.jpg?id=n7jfl,0
https://cloudflare.com/ryuvrbsm/zrh.ico,0
https://instagram.com/pyxms/xwrjgb/xtrqasaw.woff2?id=tg5hl&theme=7ebak,0
https://cdn.shopify.com://internal-matomo./znk,1
https://twitter.com/rvsiqcgy/vwsrpiei.css,0
https://adobe.com/trk.php?/kmi,1
https://&l=dataLayer&cx=c/lmzvb?ref=443=vpsbmi&ref=748=mxmewk&utm_748=evuoes,1
https://cdn.shopify.com/kyataa.jpg?page=epoud,0
https://netflix.com/views_tracking/*/jvtluw,1
"https://instagram.com/piwik.$image,script,domain=~matomo.org|~piwik.org|~piwik.pro|~piwikpro.de",1
https://_social_tracking.js/gvahfqhr/sdmesgvn/xmih?utm_402=smsrqz&sessionid901=ujdifh&cid279=goxioh,1
https://reddit.com/htzykvl/bcn/ukroxo/asgayuy.svg?view=ezocb&page=sasan,0
"https://linkedin.com/ivw/SP/*$image,script",1
https://cdn.shopify.com/awyqro/zbmqe,0
https://netflix.com/gju/rplin,0
https://apple.com/omniture/uuid.js/gux/wdtaoc,1
https://microsoft.com/uhkazmy/ruo.ico,0
https://instagram.com/bwb.svg,0
https://youtube.com/qmh/ryz/bsck/losyoahd.png?lang=ohabs&lang=fx8sz,0
https://instagram.com/valnet-header.,1
https://instagram.com/xstat.aspx?,1
https://netflix.com/nyvjz.jpg,0
https://facebook.com/fkounter5/counter.js/srrdbo,1
https://apple.com/vs.gif?/zjpfnn,1
https://google.com/article_counter.php?/gkuxoqxj,1
https://google.com/clickcount.js/wjatlty/kuqtvbrn,1
https://cloudflare.com/hit?time=/imeg,1
https://twitter.com/yuts/sxgecp.woff2?page=58k7n&view=aqbjs,0
"https://&http_referer=$script,xmlhttprequest,domain=~biletomat.pl|~facebook.com|~jobscore.com/ckk/nbkdjtq/rtqqnmza?cid403=aceijp",1
https://google.com/tjc/gcxg/tjgpi,0
https://.php?p=stats&/jbeume?utm_219=ldbqbo,1
https://microsoft.com/degebq/hksme,0
https://facebook.com/nzm/suo,0
https://wikipedia.org/pnqcmzav/czhtqmnc,0
https://netflix.com/jnliy/oxkedjt/gkfvt/eusqdpyk.css,0
https://netflix.com/uukp/vxe/lygriawr/vtw.woff2,0
https://youtube.com/abtgjfb?view=sprti&q=iej17,0
https://wikipedia.org/jlocg/ynhfzkeq/hxklk/bech.svg,0
https://adobe.com/adobe/AppMeasurement-,1
https://twitter.com/marfeelanalytics.js/cjq/aevi,1
https://facebook.com/bepeaka/skcpxmcu?id=cuio6,0
https://linkedin.com/ldk.js,0
https://wikipedia.org/ntpagetag.js/rlgj,1
https://linkedin.com/wyjb/ddum/zkjo/jgkplt.woff2,0
https://cdn.shopify.com/sTrackStats.js,1
https://youtube.com/wxowdzas?view=cf7tj,0
https://wikipedia.org/glfh/ynea.js?lang=9rfsj,0
https://google.com/mgx.png,0
https://reddit.com/zhuybz/hfjshex/dat/pqx,0
https://&action=js_stats/xflvfub/egbrmjky?affiliate017=mkwanf&affiliate693=qjnzrj,1
https://reddit.com/zlgvbb/farmd.js,0
https://amazon.com/sendLogs?cid,1
https://linkedin.com/gid/wse.css?id=s5v5p,0
https://cloudflare.com/zzj/hghxillh/qlvnwi?theme=h8nad,0
https://cdn.shopify.com/zibrrq/firb.svg,0
https://instagram.com/dcmogsmd/ornzable,0
https://linkedin.com/luzxso/kpybjqox.jpg,0
https://apple.com/wp-sentry-browser.min.js/azfyrxln,1
https://microsoft.com/nwuadqtx/zemg.svg,0
https://adobe.com/jonxc/savh/jiipgx,0
https://linkedin.com/mpgk/kyzol.png?id=3iqli,0
https://facebook.com/jen/cyiv/vizs,0
https://adobe.com/xcvfmdts/cpqegul.svg,0
https://twitter.com/xtk/bvlivs,0
https://apple.com/host-analyticsjs-local/cache/local-ga.js/koqot,1
https://apple.com/szhnx.png?theme=bygy6&page=0sxyb,0
https://google.com/zryfuti/shj?view=xlhgj&theme=ovy77,0
https://apple.com/mormont.js,1
https://amazon.com/api/bfb_write_log,1
https://linkedin.com/orwqzjn/shgjfpjr.css,0
https://microsoft.com/wfjlt.js?page=ttdlz&view=yfmuf,0
https://wikipedia.org/cng/jgquxv.ico,0
https://youtube.com/ylgft/xonrsfco?view=hrswp&page=87rmc,0
https://cloudflare.com/public/visitor.json?,1
https://cloudflare.com/hkwuakbu/mhe/een?page=dsht1&id=ing5w,0
https://amazon.com/pkodff/iypqn/gwzxyutk.svg,0
https://linkedin.com/dcy/huqo.jpg?view=un7oh&view=o2fsj,0
https://twitter.com/lszwbke.jpg,0
https://facebook.com/hgjqpp.jpg,0
https://reddit.com/tmrf/deh/jkjqest/rew,0
https://apple.com/rwufnwy/twhrm.css,0
https://wikipedia.org/cqnbqaq/zfdl?view=v8wz7,0
https://apple.com/phv/vqazv/gxijw/dmo.js,0
https://microsoft.com/yell-analytics-min.js/qhhyzz/dwdngyy,1
https://cloudflare.com/rnqpvz/vpbsavu/wwqvn/urjzeevy.js,0
https://adobe.com/ewna.woff2,0
https://google.com/stats/v2/visit?/szdesce,1
https://google.com/wlf/vund.ico,0
https://apple.com/jxoineof/xjgb/qrxfvhcc/avjka.js,0
https://linkedin.com/gzbhf/pyxfdwgi.ico,0
https://netflix.com/bxrl/owipu,0
https://microsoft.com/pelt/gcg/etx.ico?id=3eu3z&view=vg92i,0
https://twitter.com/eda.woff2?q=npogp&theme=ktlts,0
https://amazon.com/ieajdo/kfoudi/hjfgihsy,0
https://instagram.com/njxqt/yescv/poqvutsk.js?id=2rwec,0
https://amazon.com/wqg/fcrnio/zqija,0
https://twitter.com/yad.css?page=5dw27&lang=cy2gb,0
https://instagram.com/ciidf/impto/hhfyckwj,0
https://google.com/ykd/bqoozpem/prtevl,0
https://apple.com/dmu2panalytics/ajax_call.php?,1
https://microsoft.com/ktyzcw.ico,0
https://netflix.com/ywaj/klcdano?id=vu2v3&lang=72gnn,0
https://amazon.com/kjoeap/fbgclqgr/uquzbet,0
https://facebook.com/bxdhnb/zprx.woff2?q=1p7kq,0
https://apple.com/rtoaster.js/uehpdvxs/ymlgmykp,1
https://linkedin.com/wctwqrmh/ldkkg.woff2,0
https://facebook.com/tgboir/uvhcqld,0
https://cdn.shopify.com/tnvidbli/bperpoj/iwlwsc/dwnu.woff2?theme=uqneb&id=a72l1,0
https://cdn.shopify.com/wpengine-analytics/js/main.js/nebgz/cgou,1
https://cloudflare.com/plugins/nimiq/*$script/lsfjdfi/fdygrhyk,1
https://netflix.com/yncdsa.css,0
https://netflix.com/tjdgjg,0
https://google.com/iqgcdu/ajlbenk.svg,0
https://cloudflare.com/upz/utoag/cywszto/ihihixq.jpg,0
https://google.com/ajax/counter?ctr=/qqvkb/qyysivmp,1
https://cloudflare.com/scmetrics.*/b/ss/*/fqgvcci/obosv,1
https://microsoft.com/api/pagevisits/buqchvo,1
https://linkedin.com/session/referer/npmim/nwuomy,1
https://instagram.com/gczg/bbaosool/bduyr/swdcbtkz.png,0
https://youtube.com/kqfyo/nnfttyf/asqhqv/cmk.ico?view=ybds8,0
https://google.com/trk.*/open?$image/izath/ersul,1
https://microsoft.com/track?data=/rlpmwenp,1
https://adobe.com/supo/awtk/fkf/iqmkrrw.css,0
https://.php?notrack=/xbhdiwb/vsrpgs/kqr?ref=387=vyjlsg&affiliate929=qtqibb&cid298=sosicr,1
https://twitter.com/uwiayi.js,0
https://amazon.com/optiextension.dll?$script/azlqmv,1
https://reddit.com/rfah/fmbgjbj/yxswow.js,0
https://netflix.com/DNSCheck.js,1
https://twitter.com/dusiil.png?q=yi5ql&theme=xel5m,0
https://adobe.com/tpjx/zkpo/wban,0
https://apple.com/kjgtbz.css,0
https://wikipedia.org/countly.min.js/kycfiq,1
https://google.com/visitor_info.js/pfhwqiwz,1
https://twitter.com/trace/mail/*$image/bfyzyn,1
https://google.com/sywkk.js?theme=9dhcw&theme=l2imk,0
https://twitter.com/wjnjv/zdeoo/wes,0
https://amazon.com/plugins/wp-vgwort/*/zqc/pzg,1
https://adobe.com/bloomreach.js,1
https://?log=united-impression&/hhbnel/bqiyzcou?campaign800=poauun,1
https://facebook.com/ffu.js,0
https://netflix.com/ddlp/elnakij,0
https://_c.gif?c=/zpei/nvxn/ofklpfy?campaign090=lplgic&sessionid717=oathim&ref=969=skvwql,1
https://youtube.com/lan/skegwizc/rvcj/nindeb.jpg?view=zggj1&view=enws5,0
https://google.com/usw/mjxi?lang=h9rl5&id=36qw3,0
https://apple.com/kgqrjew/ppmui.png?view=adt07,0
https://reddit.com/vvisa/jcl/tpqqu,0
https://amazon.com/wozvydh/oat.svg?id=8q11k,0
https://cloudflare.com/ete/aqq/gvvwxgq.css?view=51996,0
https://instagram.com/chartbeat.js,1
https://instagram.com/nwblpxz/nhjiqjh/lgcuvrua/hwou?theme=ucv2w&view=mh4bd,0
https://instagram.com/count.fcgi?/vxazmy/fgdru,1
https://linkedin.com/vxvzh/vzov?lang=axwok,0
https://microsoft.com/iryrc.jpg,0
https://netflix.com/securetracker.js/bem/zzpwhi,1
https://microsoft.com/zhll/lqj/ctasgo/akkinvmv.jpg,0
https://instagram.com/igqrpw/kzilou/hse/bbdfcatc.woff2,0
https://microsoft.com/ampvo/sjrk/xopey,0
https://netflix.com/collect?type=/vkcghnz/ayalxulc,1
https://.php?ping=/ookj/bpzqvsj?affiliate904=hinomn&affiliate313=aywgus,1
https://microsoft.com/uqtikqt/cgeseog?page=xt8ce&theme=mg0zj,0
https://amazon.com/trk.php?,1
https://wikipedia.org/php-stats.phpjs.php?/pin,1
https://facebook.com/dnqpt/iyr?view=oywbx&theme=i75w5,0
https://microsoft.com/ekwe/pfzc/lvw/ruttba.css,0
https://google.com/visit/log.js?/yuket,1
https://microsoft.com/relol/yklf.svg,0
https://linkedin.com/kocg/iagecw?theme=bivsh&id=81a3i,0
https://apple.com/o.gif?/vpqypry,1
https://reddit.com/ornhmmw/iwma.svg?q=mxyyu&id=pxz3t,0
https://google.com/wkydprke.woff2,0
https://apple.com/puygrnj/syim?view=qtx50,0
https://youtube.com/tncyd/lbouooz/medlapb/bkhiwsh?q=gokll&q=hqp3e,0
https://netflix.com/bxend/swgxvno/nyeat.svg,0
https://twitter.com/tqrvhci/set/pxbelb/pnc.woff2,0
https://netflix.com/tagcommander/prd/*/zhhcnzf,1
https://twitter.com/gmbneia/lxqxm/upaknju/imjfdzjk.js,0
https://linkedin.com/rtiioi/dauiiuz.jpg,0
https://microsoft.com/evonykts/wyn/biuc,0
https://adobe.com/sendLogs?cid/qfrcs/jouk,1
https://microsoft.com/yvtkl,0
https://microsoft.com/analytics-hit?/zvmgfttb,1
https://netflix.com/hywpqw.ico,0
https://microsoft.com/insitemetrics/uRMJ/ujutilv2sll.js/mmmuin/riwks,1
https://apple.com/quantcast.js,1
https://cdn.shopify.com/analytics/ga.js/lmqan,1
https://amazon.com/ict.ico,0
https://twitter.com/ibof.woff2,0
https://instagram.com/rudder-analytics.min.js,1
https://microsoft.com/oqtksmrh?id=txird&page=pwtxe,0
https://amazon.com/fuawjzt/rcyokiv/vmlrln/oalfu.ico,0
https://twitter.com/xjvlduo/nlc/ggotno/rdbedobr.ico,0
https://linkedin.com/szddg.ico?view=0wzhv,0
https://microsoft.com/_gz/counter.php?/slsqss/vcphx,1
https://.js?id=GTM-/wehhmvz?utm_661=xykapk&campaign347=pbrmah,1
https://linkedin.com/cytif/rnfwrevp,0
https://google.com/dnfyc.png,0
https://netflix.com/oo/*/l.js,1
https://cdn.shopify.com/peral,0
https://?event=pageview&/iskkuq/ffithyq/ajn?cid034=encpjc&utm_438=lwqxjf,1
https://apple.com/public/visitor.json?/zdiuqujp,1
https://facebook.com/qdnnt.jpg,0
https://cloudflare.com/guiy.svg,0
https://instagram.com/gaaddons_univ.js/hthm,1
https://adobe.com/gneevt/llx/ljzw/ynhw.jpg,0
https://facebook.com/qckar/rtvjgrlm/zsrq/rvgeo,0
https://netflix.com/wmpbwosu/jyhbh/yoor/dfb.woff2,0
https://adobe.com/dldrhoqu/otzkpeh,0
https://wikipedia.org/lfeubiz/bbg.css,0
https://wikipedia.org/tdxpk/bvyvyy/dmxxgz/dvftjxod.css?id=mrhq3&q=fzjmm,0
https://linkedin.com/vpzs?page=0tu6v,0
https://cloudflare.com/zxyvl,0
https://apple.com/mixs/ykwlyzql/dttyg.png,0
https://microsoft.com/oeuvje/oisnh/hdlo/fnpzsyjc,0
https://facebook.com/uponi/ijorhdod,0
https://reddit.com/kgnp/bjq/hgxozr/hmqdrfi.ico,0
https://cdn.shopify.com/flying-analytics/*/lescgq,1
https://instagram.com/gfr/upjuez/wizqhioc,0
https://linkedin.com/atrk.gif?,1
https://twitter.com/segmentify.js/uwhcc/jdoctaa,1
https://microsoft.com/inboundAnalytics.min.js/tfxmjh/tyogica,1
https://facebook.com/sfiwdao.js?lang=z9hw8,0
https://microsoft.com/hbbv/mahdalo/zfpozx.js?lang=lw9j0&page=wk8sa,0
https://instagram.com/bc/clk?/qjbtr,1
https://netflix.com/clickstream/visit?,1
https://cdn.shopify.com/tc_analytics.js,1
https://cdn.shopify.com/pefsye/jsnbs/ijuj/vgnlcmsa.jpg?view=hsc50&page=doou0,0
https://youtube.com/kik/azlxsbgw?view=3ghty&theme=k46ig,0
https://adobe.com/impresion/zona/*/bifqle,1
https://cdn.shopify.com/googleEventTracking.js/tikwvja/mzwsh,1
https://apple.com/clickcount.asp/prrmv,1
https://twitter.com/exudmiq/nklu/jthlz,0
https://facebook.com/analyticstrack.js/puqyxp,1
https://netflix.com/xqe/olser/tlqc,0
https://reddit.com/yvyiehmg.png?view=wzevw&id=s5tu9,0
https://facebook.com/event.gif?/uumxx/xfoxmxme,1
https://amazon.com/xbkamybi,0
https://google.com/khplfm/kcvok/pquvl/ompshft,0
https://google.com/xahstr.js,0
https://apple.com/xqagxejz/koy/smzf.jpg?theme=fca2x,0
https://cdn.shopify.com/hmtps,0
https://instagram.com/baqthpgm?id=2izxq&lang=bo2qn,0
https://youtube.com/keen-tracking.js/jybg/efd,1
https://adobe.com/fvl/wjhkazp/mvxqavkz/ueaxur.ico?theme=i2u4r,0
https://reddit.com/twvwvad/uiqvdhw.jpg,0
https://instagram.com/flix/zciqnk/okbjj.ico,0
https://instagram.com/kjtmb?page=c5y2i,0
https://apple.com/pphlogger.js/nkzs,1
https://microsoft.com/vukih/geogjqqy/dink?lang=rejtl,0
https://reddit.com/skdm/gap.png,0
https://adobe.com/muhchunb/dkvtr/jhl/vctkgj.jpg,0
https://apple.com/adobe-prd/*/saz,1
https://apple.com/zoizenru/cxklk/bxqtct/pxydkxt,0
https://cdn.shopify.com/honeybadger.js/lkbjyuo,1
https://adobe.com/stats_js.asp/jpjq,1
https://cdn.shopify.com/vtrack.php?/gemabw/cwkjs,1
https://facebook.com/WebAnalytics.$domain=~webanalytics.italia.it/ssstb/vbn,1
https://reddit.com/fkfz/kujkm.css,0
https://youtube.com/isgjp/viuebzlc/kjhzzqqi,0
https://google.com/track.ashx?*=http,1
https://netflix.com/ga-multidomain.js/guteoks/stvuh,1
"https://&http_referer=$script,xmlhttprequest,domain=~biletomat.pl|~facebook.com|~jobscore.com/jkluoj/zogjvde?campaign295=evaczi",1
https://cloudflare.com/wuicbfe/rdffcgq/tszx/geeuq.png?theme=ak2ab&lang=8e6ng,0
https://linkedin.com/twiga.js/waa/gjvd,1
https://reddit.com/index.track?/lxeoyx,1
https://youtube.com/snowplow-tracker.tatest.js/chtmozlf/fknhs,1
https://apple.com/24h-analytics./ebxqa/vzxnkwe,1
https://wikipedia.org/loader/counter.js/ufb,1
https://google.com/analytics.sitecatalyst.js/psqsvyun,1
https://google.com/ynllmvc/bvbh/bohzl/iovgwqjz,0
https://reddit.com/wiat/kkldem/tnb/gtq.png,0
https://.EventTracking./oxgqrz/jra/ozza?cid021=qysniq,1
https://_event_tracking?/xbgk/nddrz?cid313=awekma,1
https://apple.com/tdriywps/zxzd.png,0
https://apple.com/hmrx.svg,0
https://adobe.com/xoeti?view=673yu&view=wsiv9,0
https://youtube.com/rudder-analytics.min.js,1
https://google.com/supercookie.js/xez/jgn,1
https://linkedin.com/pcrj/wmyvod/omhkfnv/whzntq.css?page=me119&q=g0z81,0
https://netflix.com/elto/efwbw/cdukqg/fmne.jpg,0
https://_imp?Log=/hybdda/jyhsz?sessionid713=vcsyfe,1
https://google.com/zuzgnq/ilohn/uolah/luij.svg,0
https://wikipedia.org/beacon/event/*/rld,1
https://amazon.com/iqzi/xircnmo/comrbod/iouy,0
https://netflix.com/izllk,0
https://netflix.com/white_pixel.gif?/fthme/kdxus,1
https://amazon.com/ahzpfcwo/jgliduns/cumre/kdtem.woff2?lang=2o8cg,0
https://wikipedia.org/dbkyrz?theme=ccs00,0
https://cloudflare.com/iwitksi.css,0
https://cdn.shopify.com/web/push?/ocwazab/yuyhimz,1
https://youtube.com/wlad/wfnjtyb.jpg,0
https://cdn.shopify.com/eluz.ico?id=1rqrg&q=467ge,0
https://google.com/ojdvpz/xkyyrris.png?lang=4xzrm&id=knczd,0
https://wikipedia.org/wsahlxqw/llko/ydv/ymsr?q=r4qf3,0
https://youtube.com/asclmrye/awyxfxs.css,0
https://reddit.com/ngae/zohhd.png,0
https://wikipedia.org/udn.js,0
https://facebook.com/complianz/v1/track$xmlhttprequest,1
https://instagram.com/yww/msrt.jpg,0
https://linkedin.com/shnlvm?page=k7htl&page=hb6vj,0
https://cdn.shopify.com/stats/Logger?/hbzgxah/sjtxb,1
https://google.com/ymxtg/rvna.png,0
https://amazon.com/xdp/jgfhukb/xcpa/tgmy.woff2,0
https://wikipedia.org/saklmcos.js,0
https://amazon.com/qnqebdcx/pqmexuxs/ztdwrpj/ioopn.css?page=j895z&theme=a7vwa,0
https://twitter.com/nkhu/xlvinexw/tfgz.ico,0
https://amazon.com/qgwjtzdv.ico,0
https://cdn.shopify.com/hnfmcnhm.ico?page=5e40i,0
https://cloudflare.com/vpnwowq/wwmrqocp/oahofg/jypnzq.svg,0
https://wikipedia.org/ltkoeeb,0
https://google.com/hitslink.js/sxt/uvu,1
https://youtube.com/wmdterd/vjb.png?theme=kwgx2&lang=97j72,0
https://youtube.com/metrics/ping?/yxsefkwg/qupec,1
https://youtube.com/tjczjgx/vxthjpom,0
https://microsoft.com/kurnhfsu/cole/ewo.svg?page=gx5d9,0
https://amazon.com/api/v2/collector/crdhaq/mjdwga,1
https://netflix.com/ajzqghb.jpg,0
https://amazon.com/djx/jwmj/gih/abmvki.js,0
https://instagram.com/eqcv/lpli/dhoqvs/pitfawz,0
https://reddit.com/wrrs/sgnyyc.png,0
https://reddit.com/wwwsdy.jpg?q=n43i3&page=ft6b1,0
https://apple.com/global_tracking.js,1
https://twitter.com/aessn.ico,0
https://amazon.com/kameleoon/script.js/zupbx/vuhzo,1
https://netflix.com/ngdaofa/iheqpq/nnizacp.png,0
https://google.com/stats/?rt=/jrkurgxc/jbd,1
https://wikipedia.org/joeur/wirq.jpg,0
https://cdn.shopify.com/outLoging.js,1
https://amazon.com/sepqr.js,0
https://linkedin.com/analytics.v1.js/poaesr,1
https://?[AQB]&ndh=1&t=/tlo?ref=624=oytcyo,1
https://apple.com://fallback.*/collector,1
https://twitter.com/ncfuntor/fel.woff2?theme=kissa&view=6mble,0
https://cloudflare.com/fiyjl/sfbhpq/uwdsajjg,0
https://cdn.shopify.com/statscollector.min.gz.js/mawhrfrn,1
https://adobe.com/vndwhdrh/jarpcequ/eaijkq,0
https://wikipedia.org/oagf/bjnilbn,0
https://microsoft.com/record-impressions?,1
https://amazon.com/base/es6/bundle.js,1
https://instagram.com/transparent1x1.png/mlllp,1
https://facebook.com/ehafpwbe/vrlcbssx/anyzm/zolovoc.js,0
https://netflix.com/adf-tm-base-min.js/hyazyqt,1
https://cloudflare.com/yfrq/noqrnxr.woff2,0
https://cloudflare.com/pyykriy/kbpbwaq/syro/oxjjgbz.css,0
https://google.com/lfoaffoa/ejxax/lpcyzskh/xnhva.js?q=c6tiv&q=l63bf,0
https://cdn.shopify.com/adtracking.asmx/naatv,1
https://cdn.shopify.com/owwxlfq.png?q=1e55s,0
https://microsoft.com/lasso-ga.js/fomvensy,1
https://cdn.shopify.com/userdata_n?,1
https://twitter.com/fjob/vgzctic/hxhw.js,0
https://instagram.com/dsmin/wbrd/uebuxo/dijfago.css,0
https://netflix.com/uyfrotp/ivwikatq.svg,0
https://twitter.com/huapal.jpg,0
https://.stats?action=/lcx?sessionid749=vimzkn,1
https://cloudflare.com/zry/hycigo.woff2,0
https://linkedin.com/keywee.js/otlz,1
https://instagram.com/sqsj.png,0
https://amazon.com/kqlnetko.woff2?q=5kq2s&view=lmexd,0
https://_event_tracking?/vtotoel?ref=858=rmcbhd,1
https://instagram.com/ibpis.jpg?lang=xi7r0&page=8jqio,0
https://wikipedia.org/xhhhtjx/uwynu.png,0
https://youtube.com/clvzg/szljvoki.css,0
https://twitter.com/v1/pixel.js/trlxqwk,1
https://reddit.com/myTracking.js/kvqxgwtz/dimbxdw,1
https://linkedin.com/ysvf/uzd/tttdiwcq,0
https://netflix.com/QuotaService.RecordEvent?/xin,1
https://linkedin.com/hxmcs/mwgd/onsgai/gumiztz.png,0
https://adobe.com/tewtg.png?lang=hk2th,0
https://cloudflare.com/hawk.js/vodqj,1
https://netflix.com/iptf/oih/sahjelgs/fuhzy.svg,0
https://google.com/aur,0
https://amazon.com/stat/event?/cop/dltqeg,1
https://linkedin.com/cnoffyax/sxw/uonw/ipstthcb,0
https://youtube.com/yxdt/acsnrcnb/bzxl/bopv.css?view=p3cpt,0
https://instagram.com/prod/ping?/xlrm,1
https://facebook.com/tagmanager/pptm.js/kioujqr,1
https://linkedin.com/hwycu.woff2,0
https://reddit.com/ialkwg/ezixm/iwobwj?view=g3at4&id=webts,0
https://microsoft.com/qlohf/mpbcd.png,0
https://microsoft.com/wtrack?event=,1
https://linkedin.com/jnrbkft/ynjm/gyinkppx.js?view=m1vc2,0
https://apple.com/plugins/vdz-google-analytics/*/wlstqta,1
https://apple.com/roitracker2.js,1
https://adobe.com/qzq.woff2,0
https://cloudflare.com/obgngc/qkgighfz,0
https://microsoft.com/kwersxo?theme=0ypr5&theme=emq1h,0
https://twitter.com/hcv/fzjf/qokv.css,0
https://linkedin.com/wp-statistics/assets/js/tracker.js/hafppn,1
https://netflix.com/lnxfaqs/fdupkjnd/eozqmik/ftlufn.woff2,0
https://cloudflare.com/oses/kqvfupc.svg,0
https://cdn.shopify.com/tzaf/yitzmjem/spjjn.woff2,0
https://apple.com/autotrack.carbon.js/ovqznelr,1
https://cdn.shopify.com/gdntdqyr/mvvq/iglufr/anshicg.woff2?q=w55ad,0
https://netflix.com/ztsgyktt/dyjwqt.svg,0
https://?v=2&tid=G-$~third-party/xgrt/mtcyxgac?affiliate369=uftasv&sessionid387=biujtg,1
https://reddit.com/arzji/cnfrftbe.js,0
https://cdn.shopify.com/tatari-shopify/tracker-snippet-latest.min.js,1
https://youtube.com/gklisn.ico,0
https://netflix.com/beacon/stats/wktu,1
https://cloudflare.com/gafyuwnb/pugjybf.svg,0
https://instagram.com/trace/link/*$image/styy/rqioy,1
https://wikipedia.org/visdp/ngwzc/riefe.css,0
https://facebook.com/gza/blo/sudwqukx/fsyg.ico,0
https://youtube.com/b/ss/*&events=,1
https://amazon.com/iug.svg?id=9pp6w,0
https://wikipedia.org/oalqdppb/conqts/zjrmm/pgeqyb.ico?page=r2w49,0
https://google.com/gatag_v2.js/nspuqal,1
https://google.com/htlnptz.css,0
https://apple.com/cgi-bin/ivw/*/njyj/gvzvi,1
https://apple.com/allun,0
https://.pageview-props.js/osfmll/cexheoob?affiliate763=lngkjt&sessionid957=rjgash,1
https://instagram.com/updatestats.js/ugyde/erx,1
https://?action=saveViewStat&/vrbllkpw/wiy?affiliate673=zikifn&ref=372=tndqdu,1
https://linkedin.com/yoeiylce/zhjgbzd/bxs.woff2,0
https://cdn.shopify.com/khhfqz.woff2,0
https://google.com/census/RecordHit/gjxkwmh/lln,1
https://apple.com/wqttjj/xon/ordtgenc.jpg?view=lgt60&lang=hdeo8,0
https://apple.com/api/v2/jsonlogger/kvq/layjpuj,1
https://apple.com/events-tracker/*/oexms/jmsfjni,1
https://facebook.com/collector/v1/event,1
https://linkedin.com/nfdsxo/pkslxjs.woff2?id=la7kq&q=cqyaj,0
https://apple.com/adzdluvd/jibbcfd.woff2,0
https://amazon.com/bxkq/jvupf.css,0
https://?event=impressions&/aldg/sxxfsgkk?campaign817=afgdps,1
https://netflix.com/llw/aarpt/ytgiucrh.ico,0
https://linkedin.com/scroll-tracker.js,1
https://cdn.shopify.com/fb-pixel-tracking.js/uepa,1
https://cloudflare.com/rmqpnx,0
https://?action=log_promo_impression/twg?sessionid594=vtqmrx,1
https://google.com/zsn/yycweko/yiihnuc.css,0
https://microsoft.com/epoepayi/cbudvmzu/molzjoa/efi.js?q=div5v&q=8oqcl,0
https://?type=page&event=/vint?sessionid715=mxqbrb&ref=269=ixyzxs&cid962=nmhpho,1
https://twitter.com/kuk/laaniie.js,0
https://_logHuman=/gwatt/cyxhsyqa?campaign470=hacvzm&campaign433=xztgkr,1
https://reddit.com/youtubeVideoAnalytic.js,1
https://amazon.com/log-reporter.js,1
https://netflix.com/Engagement/TrackEventAsync/wis/yuzrgckh,1
https://adobe.com/bvrplik.jpg?q=fg938,0
https://cloudflare.com/llwabiom/hobtis,0
https://cdn.shopify.com/uwmryd/ikkik.js,0
https://linkedin.com/eryh/csehxga/cof/kca,0
https://cloudflare.com/dyhnjsrh/caz/ynnikfqi.js?q=sfjdv&theme=z1imf,0
https://amazon.com/analytics-events-,1
https://amazon.com/koxexd/mbawb/zmmljz.js?lang=5vawr&page=iizet,0
https://youtube.com/zma/wsym,0
https://instagram.com/gaaddons_univ.js,1
https://microsoft.com/kpdwgff/jqvy/ndu,0
https://netflix.com/ryumcd/btciczh.css,0
https://wikipedia.org/lluuob/olfglkz/tecppyp/togsa.css,0
https://twitter.com/vijmwgkn.png,0
https://linkedin.com/vkk?view=1n7t3,0
https://microsoft.com/bbwcme/owxle.jpg,0
https://linkedin.com/hit.php?$domain=~etoland.co.kr/vbfuboi,1
https://netflix.com/djyh.css?view=v456p&id=hlxft,0
https://facebook.com/xlapw/odbooh/byom.css?lang=p4spz&page=eqf93,0
https://cdn.shopify.com/vtefvsfq.jpg,0
https://reddit.com/kntr/iwtzltsg/nwk/dwoapcz.js,0
https://microsoft.com/xxla/smetn/lowq.svg,0
https://adobe.com/ynh/xtzssgix/abldc?id=uyuy2,0
https://microsoft.com/snowman.gif?p=,1
https://cloudflare.com/ebwzma/laaatr.css,0
https://google.com/yersjo,0
https://amazon.com/lpma/qdar/idqya/qnqtota.svg,0
https://apple.com/lxsyidwr.js,0
https://linkedin.com/yhqud/hpldamzf/itel/whtci,0
https://adobe.com/xdie,0
https://apple.com/batch/1/OE/*,1
https://.php?notrack=/ztwlgna?cid370=eugvww&ref=653=whhkai,1
https://wikipedia.org/snsygx/ingnb.js?q=2l5ad&page=f613e,0
https://wikipedia.org/bso/pzutjjv/rpkej.png,0
https://youtube.com/taboola/loader.js/zigyght/jwsdqsi,1
https://adobe.com/ulcjuwjj/szdqmz/cftrcqpp/bixodqb.woff2,0
https://google.com/wujxd/ffsk.js,0
https://cloudflare.com/adb.policy.js,1
https://youtube.com/uibgs/ezglxi,0
https://youtube.com/dl-web-pixel.js,1
https://-didomi.js/rxrron?cid412=xbsorp&campaign326=jwdqey,1
https://reddit.com/dmek.jpg?page=4ym3s&lang=o7udm,0
https://apple.com/elqcfg.min.js/ymdf,1
https://reddit.com/laomk/tfkzj?q=b0f1h&page=cmwnk,0
https://cdn.shopify.com/ccdu,0
https://google.com/optimizelyjs/*/ifhrvyki,1
https://google.com/jwjh.jpg,0
https://adobe.com/logpv.aspx?,1
https://twitter.com/qsige/rek/sed/lbmsdwy,0
https://?action=log_promo_impression/qlsxbqr/ovlllbp/pcugcn?ref=834=tzjgsf&cid200=awwonl&utm_152=uplfxa,1
https://twitter.com/ztd/ceupbvdn.jpg?id=703qp&id=798lc,0
https://wikipedia.org/bfwzo/uqqofq.png,0
https://google.com/dvnpugqm,0
https://facebook.com/pixelyoursite/dist/scripts/public.js/injpnsw,1
https://google.com/jwhtha/wvn/pzengieg,0
https://wikipedia.org/innuoxur.ico,0
https://apple.com/jse/qoyujcl?page=gopso,0
https://wikipedia.org/sxoziwi/fxcnog/zzdlssjk.png?q=kjpvl&view=mv679,0
https://twitter.com/rhy/cgwza.css,0
https://adobe.com/flushimpressions?,1
https://google.com/sync?visitor_id=,1
https://linkedin.com/bli/wnewzkwy.png?q=wd4fs,0
https://twitter.com/xgemius.js,1
https://google.com/fyqfh.svg,0
https://instagram.com/jvvas.woff2,0
https://linkedin.com/softclick.js/tbpis,1
https://cdn.shopify.com/pyie.js,0
https://youtube.com/keohoqyq/wmeldz/gwwtwku/rgfz.woff2,0
https://twitter.com/collect_stat.js,1
https://instagram.com/qbamrd/fou/idjiza/rtb.png,0
https://cloudflare.com/flv_tracking./rlqmc/cwb,1
https://google.com/muput/ypzb?page=dukhg,0
https://youtube.com/unx/nitbnt.js,0
https://microsoft.com/awz.svg,0
https://youtube.com/rueuk.js,0
https://microsoft.com/track.gif?data=,1
https://?log=stats-/rqkqi/ygiroic/eqn?affiliate832=fyrwrw,1
https://amazon.com/djbvfo/idp/pvn.jpg?id=6he9b&page=3m1ou,0
https://wikipedia.org/nusrfj/rwtg.ico,0
https://_chartbeat.js/pokmjre?affiliate993=zpsuec,1
https://facebook.com/uddlmhxd.ico,0
https://netflix.com/navrk.js,0
https://facebook.com/dkqcb.js,0
https://netflix.com/wgynhk/axkqhwcv/nld.js?id=tu59e&id=wonje,0
https://twitter.com/vhbdevo/kghrqmz/jjhxxie/baf,0
https://reddit.com/gmxogf.svg,0
https://apple.com/vevqdv/gonxk,0
https://cdn.shopify.com/oa-tracking?,1
https://cloudflare.com/lfawki/yllc/kpcodxuw.svg,0
https://apple.com/imaqva/oxfb,0
https://_trackWebtrekkEvents./cfrzh?utm_625=tssxsy&ref=037=wdzqog,1
https://apple.com/vidtrack.js/wxx,1
https://linkedin.com/rqwovuyv/cebkeemi.png,0
https://apple.com/zpx/dpoka/xqlxkm,0
https://linkedin.com/ztjmnwf/iobphh/oaelahj/cmsh?page=k4p1j&id=w3awe,0
https://facebook.com/zwvjdoou/jlilxfbe/ryvwqkyq.png,0
https://cloudflare.com/exelu/pjv.css?view=o09wp&lang=4oqz1,0
https://.gatracking.js/yeluika/ffr/jkeglsnl?utm_148=gxkijd&affiliate101=vvrjlh&ref=433=xettwr,1
https://twitter.com/logcounter.aspx,1
https://apple.com/jpyu/yemxix.svg,0
https://facebook.com/rgxhon/mnvwqx/bzjnwfor/okwunqzl.ico,0
https://netflix.com/elqscr.js/zklnjrwe/bivg,1
https://amazon.com/o.gif?/zzxch/mxrtt,1
https://wikipedia.org/uwizm,0
https://wikipedia.org/qxeh/lbsy/kfytn/agvr.jpg,0
https://facebook.com/hlbw/tgtd/klcouh.jpg,0
https://cdn.shopify.com/vissense.js,1
https://facebook.com/pixel/view?/abiv/vdkh,1
https://amazon.com/vmebhz/ippyrrt.woff2,0
https://reddit.com/ipzk,0
https://microsoft.com/aqs?page=0079o,0
https://cloudflare.com/taganalyticscnil.js,1
https://cloudflare.com/asddjxpu.css,0
https://adobe.com/cabfdi/mtx.jpg?page=q9bvk,0
https://facebook.com/HeatmapSessionRecording/configs.php/hiookjbz/chmekn,1
https://linkedin.com/trackopen.cgi?/twzrwjb/mpgeduhw,1
https://facebook.com/analytics-client-identification/*/pbgaocj,1
https://youtube.com/znf/todflfbg/jhadr/mxp.css?lang=bw548&lang=1ktml,0
https://reddit.com/ooqaycj/xrcz.woff2,0
https://amazon.com/knfii/gzftpstd/aozxlxf.js,0
https://adobe.com/fddoxoho/zfb.woff2,0
https://wikipedia.org/navbar-analytics.js/oppsslfy/cks,1
https://instagram.com/track.gif?data=/mxhxr/ijtdzr,1
https://linkedin.com/euqzv/grg/yoygkj/dngqgjr.woff2,0
https://apple.com/hjm/jpakp/apofdglw.svg,0
https://cloudflare.com/yxso/cexxucwe/fcws/mnwt.ico,0
https://microsoft.com/qqfy.js,0
https://twitter.com/onetag/*/xafkb/mhzu,1
https://facebook.com/pvl/yry/sbcerjp.css,0
https://cdn.shopify.com/wjdaw/hqcfs/gcz.css,0
https://facebook.com/omniture_tracking.js,1
https://reddit.com/videoanalytic/*/zaz/ecr,1
https://youtube.com/mdq/vgs/xpti.css,0
https://apple.com/qwxo.woff2,0
https://linkedin.com/jxmtgku/hxwocm.png,0
https://cloudflare.com/DNSChecker.js,1
https://adobe.com/rhmr/kswy/upqpbgys/dbjkbhrg.ico,0
https://cdn.shopify.com/transpix.gif,1
https://netflix.com/uco.ico?view=3dgcx&q=57oi3,0
https://wikipedia.org/yjrpon/fousm/wdydt?id=ckpxt,0
https://youtube.com/gwwguxy/lqbiv/nfu.ico?id=u8v8z&theme=snsb0,0
https://?logType=trackEvent&/noxmkzse/fmqzes?sessionid442=lsiwto&ref=467=avzoko,1
https://google.com/lrrd/kel/rmdd/szkko.ico,0
https://cdn.shopify.com/stats_img.png?/fillfwvs/owgzvslh,1
https://wikipedia.org/sourcepoint.js,1
https://microsoft.com/wopgih,0
https://twitter.com/sqk/lkt/ebwdjm/fduhf.svg,0
https://youtube.com/xpslgwz.svg,0
https://wikipedia.org/lnnjrq/pwel.png,0
https://netflix.com/jtrd.js,0
https://reddit.com/cls/check.php?$image/bqj/jrm,1
https://cdn.shopify.com/bfvi/klieo/sjkit.jpg,0
https://cdn.shopify.com/pxsihrvo.css,0
https://reddit.com/create-lead.js/pxzypgb,1
https://facebook.com/pageview.js,1
https://microsoft.com/pyfgwb/rajd/avua/vngfeadb.svg,0
https://instagram.com/edvggaz/exfzm/qdiugqgh/flldca.svg?view=gdi0z,0
https://microsoft.com/analytics.v1.js/pxugs,1
https://facebook.com/epswmm/pirnya/hanoqb?view=n3vw7&page=kc6il,0
https://amazon.com/Hit.aspx?/rmlyxbvs,1
https://cloudflare.com/crwwsl.js,0
https://amazon.com/sentry-browser.tracing.es5.min.js/mfdyjh/jegrogpy,1
https://youtube.com/log/pageview/fnbwrdut,1
https://facebook.com/utm_cookie.min.js/kjvuiwlk/irddolw,1
https://instagram.com/bfkclbqp/cilnoexq/iusoginr/vhhrht?view=an64e&q=nvsha,0
https://netflix.com/sjvogiav/nhpwpydr.svg,0
https://linkedin.com/hlaktc/lovva/ydbkhog.jpg,0
https://google.com/tqtoesia/iahen/pulbfhw/tvfvadt.css,0
https://adobe.com/ibxb/cneovshe/vkcjzv.svg?theme=zcewi&theme=yi9lq,0
https://youtube.com/coretracking.php?/mtsb/fgcc,1
https://youtube.com/api/video/stats/*$xmlhttprequest/akwyi,1
https://facebook.com/vmse/jesuas.svg,0
https://adobe.com/tpdyfpd/uqlomfvu/kaoaelu/kcw?q=bg0wz&page=xeiog,0
https://youtube.com/lihfmmd,0
https://facebook.com/xztvell.jpg,0
https://instagram.com/gigyaGAIntegration.js,1
https://reddit.com/jxyorc/kpzvfyy,0
https://apple.com/keen-tracking.js/kdtsf,1
https://facebook.com/uzdo/tjbywem/ouapay.ico,0
https://_nedstat.js/zdjhn/ixae/cxxfv?ref=822=daqhae&cid206=prywgf,1
https://wikipedia.org/hrpuxd/gyenm/sxfmk.svg,0
https://reddit.com/xdkgs?page=tgpcx&id=l2p71,0
https://apple.com/ygds?page=utrdj,0
https://youtube.com/addpageview/*/vzq,1
https://netflix.com/usertracking.js,1
https://wikipedia.org/web_analytics/*,1
https://twitter.com/oqmrbu/qkyg.png,0
https://microsoft.com/vendor/analytics/*,1
https://amazon.com/tr/lp/intg.js/ibryht/hxdntujo,1
https://apple.com/grk/fzu/uvqj?view=y2qja&theme=yt163,0
https://instagram.com/ecddd/jyvw.png?lang=2ad6b&theme=6w8qw,0
https://cdn.shopify.com/opc/fiak/pgdxp/bkj.css,0
https://youtube.com/fingerprint2.js,1
https://microsoft.com/rapgl/jxrze/frbfyazu.woff2,0
https://microsoft.com/vzzm.svg?lang=uwaaf&view=5b1zt,0
https://reddit.com/gjczcr/dvgose.ico?theme=tflc2&page=cbsmf,0
https://adobe.com/uwb.woff2,0
https://amazon.com/newlog.php?/fnyuuoy,1
https://youtube.com/log/debug?/lmqq,1
https://microsoft.com/GoogleAnalyticsEvents.js/eoqpqdlk,1
https://facebook.com/tjp/tgcpewfq/rcrko/ljcdc.ico?view=30ve1,0
https://apple.com/stats.*/tracker./nbrk,1
https://youtube.com/jhih.js,0
https://facebook.com/js_tracker.min.js,1
https://apple.com/iqqd/yogcej/vng.css?theme=3x7z4,0
https://.php?logType=/qqbx?utm_205=ahduxx,1
https://linkedin.com/vbpyojbu.png?page=j9nfc,0
https://amazon.com/statcounter-$~image,1
https://amazon.com/trackingVtm.js,1
https://apple.com://lightning.*/launch/,1
https://youtube.com/log/pageview/zwfuqmk,1
https://cloudflare.com/puyeqxo.css?page=wkji5&q=z6knb,0
https://wikipedia.org/event_logger,1
https://facebook.com/qymukrx/mzwvv/ekr,0
https://google.com/syfnax/buab/frtkca/gfwk,0
https://instagram.com/nfodrtzb/wcclr.css?theme=r976z&id=1mz4y,0
https://facebook.com/qnabko/jgligi/ochqgnhc.css,0
https://twitter.com/vvaqp/xxckfol.css,0
https://reddit.com/spqezwkk/vbkvjwvs,0
https://facebook.com/sranalytics.js,1
https://amazon.com/yhklpgmk.woff2,0
https://linkedin.com/xvx/zrq,0
https://_logHuman=/otbgw/xqk/ymkfgg?sessionid002=oengks&cid431=oerzlw,1
https://twitter.com/gs-analytics-init.js,1
https://adobe.com://a02342./idvw/pjk,1
https://youtube.com/lmirzs.css?lang=05c2j&id=72vuo,0
https://adobe.com/bjquzz/sbjilhrz/bnjhmoc.js,0
https://netflix.com/wfxdukb/mfvfezv/zsat.png?page=xw48w,0
https://facebook.com/metrics/ping?,1
https://facebook.com/xay/sgjsq/dbjuch/cvlvjivj.js,0
https://adobe.com/ziqkkj/kkgobgit/efdqkdz.woff2,0
https://youtube.com/collect?r=/lbkiyrz,1
https://youtube.com/awqsfzq/vct/caqtvxs/yosueefm.jpg,0
https://wikipedia.org/icrjziaw/qrjoohr/nsgmv.css,0
https://microsoft.com/ompc/wrf,0
https://microsoft.com/printtracker.js/jwttw/qryosn,1
https://-inview-tracker./rubat/flsggl/grclne?affiliate891=osdfjg&utm_152=ranqwp,1
https://linkedin.com/adobe.visitor-/rbzbaktq,1
https://adobe.com/jqfjmz/dwgyenmt/hzu/drebihwr,0
https://facebook.com/euus.png,0
https://youtube.com/dmhvq/twfv/oahof,0
https://netflix.com/doadphli.png?lang=kgts0&view=gqxsq,0
https://apple.com/fmw/wngmdncu/hgnm,0
https://apple.com/xthp/idz/rnts/vtdbfk.ico,0
https://instagram.com/qmkuv/ugaytf/tgboxdme/tdvbeh.ico,0
https://cloudflare.com/ayztsl.jpg?theme=mnvdv&q=6qinp,0
https://youtube.com/oxvh/hvt/uij.jpg,0
https://youtube.com/ajtt/syqvssz.jpg,0
https://google.com/ita/zfbo/fuqpbt/rbzognqy.png?lang=7vx8n,0
https://wikipedia.org/min/gtm/*,1
https://facebook.com/voicqtpb/ygujhxk/pelsnxqq.woff2,0
https://&hitType=pageview&/sbepmjl/mjidgd/gtqzuwcp?utm_520=tkkidj,1
https://google.com/nkdig/abkoljl.jpg,0
https://instagram.com/nfxwzn/pfl/pqde/mggar.svg,0
https://netflix.com/mdj/xqlx/dvkkkhl/iui.jpg?page=0l6fr,0
https://instagram.com/oyp/yvyb.jpg,0
https://youtube.com/xneq/mit/wdylyq/dvsqb.css,0
https://netflix.com/sstat_plugin.js/lxoderv,1
https://reddit.com/analyticsscript.ashx/sbrzdlg,1
https://microsoft.com/pjev/beb/yjbuwzsg/kofawh.woff2,0
https://facebook.com/iiv/pwubc.js?lang=8ax58,0
https://instagram.com/dew?page=94yjv,0
https://netflix.com/vncvvp/zgzb,0
https://cdn.shopify.com/log/analytics/cxpcjqpt,1
https://apple.com/haxk/pzhx/xiogjxc.png,0
https://adobe.com/log.php?id,1
https://youtube.com/log_beacon.js/jzh/jgwwuqd,1
https://instagram.com/xdvyz/jkegyk.woff2,0
https://instagram.com/adstrack.js/wix/zkvwc,1
https://facebook.com/skhcutx/aolcfktq/itod/ojaye,0
https://cdn.shopify.com/ttt/vqsfqpo.css?q=uunpn&theme=frn5u,0
https://cloudflare.com/sauzbk.js,0
https://microsoft.com/yswmmm.ico,0
https://linkedin.com/wqmxmf/hjar.js?view=ndb4g,0
https://wikipedia.org/xuzty/bkwhxtf/hylk/plsmvx.woff2?view=c5jri&view=86ler,0
https://facebook.com/svbmknby/vop/svb,0
https://apple.com/wgtwcoq/ujw.css?id=v2ob7&view=0xdid,0
https://twitter.com/amaqfb/jsnlj.js?page=hbhil&q=cxwoi,0
https://&EventType=Impression&/kwdmyoqx/sfnnsv/lfrxuutf?cid711=pjcfqw&sessionid157=uiuymb&sessionid858=keubbt,1
https://netflix.com/smeg/lqbyn/fyyaxhs/iuehmwpz.css?q=aq4ml,0
https://youtube.com/dnagry/emdbmg.svg?q=jcerx&view=z6d7b,0
https://adobe.com/sia.woff2,0
https://instagram.com/bdz/obs/yxxkem?q=evb4r&theme=yliao,0
https://adobe.com/LogPage.aspx?,1
https://wikipedia.org/nlbmwvd/bgkzv/vimvb/dtshxz.woff2,0
https://twitter.com/etctvxpp/tbtjrmhf/srhtn.woff2,0
https://cloudflare.com/yehh.svg?page=ztnb0,0
https://adobe.com/ordlejh/juxbqosd.woff2,0
https://instagram.com/zaur/vunir.css,0
https://?event=performancelogger:/qzqgb/jznd/tgl?campaign813=tduuzz&cid098=wpluqs&utm_735=jypjmj,1
https://amazon.com/qanf/dzyaxuaf/zyiroy/qqnfah.woff2,0
https://wikipedia.org/qndq/fxpj/emyacds.jpg,0
https://linkedin.com/mvtgtcw/pqfmk.woff2?theme=0v8i6,0
https://apple.com/grdqiyr/vqik/okuhbin?theme=uzpao&theme=qg8ga,0
https://instagram.com/pixel.cgi?,1
https://youtube.com/nwgrfiu/okqei/oswrfh/dgycgdcn.jpg,0
https://youtube.com/klrqwac,0
https://wikipedia.org/jeh.css?id=r8m1x,0
https://adobe.com/gtm/gtm-,1
https://google.com/kbe/csx/dnpm/geftmit.css?lang=9rn6u&view=jlqm9,0
https://microsoft.com/pwbmfqbv/vzodqhe?id=m3rpc,0
https://facebook.com/jsonp_geoip?,1
https://google.com/woig.png,0
https://adobe.com/oogxokj/oixgz/wvxhu.png,0
https://reddit.com/?sentry_version=/dqwzho,1
https://facebook.com/vzt/yljvsg/kzds/einck.js,0
https://instagram.com/xxlcwd/lbq/rpmb.jpg,0
https://facebook.com/ybh/zqmmzqmq/kcafmv.js,0
https://adobe.com/rlqkq.css?theme=rk3p4,0
https://facebook.com/zzc/sobkylhi/twx.jpg,0
https://microsoft.com/hql/lyte.woff2?id=blalv,0
https://amazon.com/okpz.js,0
https://google.com/kmptaeb/pxglabke/kpq/upx.ico,0
https://amazon.com/track_video.php?id=,1
https://microsoft.com/pazinhcb/rqdudzld/cuohorwa/ynupsb.css?q=7abug,0
https://apple.com/track/site/*,1
https://google.com/zozttz/civ.ico,0
https://cloudflare.com/iyukjr/ugitfcfl.js,0
https://linkedin.com/sydqmpx/krgfzo.png?theme=mzw0v&id=ukcvb,0
https://reddit.com/jdcm/jathq/tgry,0
https://wikipedia.org/track_pageview?,1
https://twitter.com/acb/din/judsmevd/hjjhuln,0
https://facebook.com/dosi/qgyoz,0
https://youtube.com/oo/cl*.js?rd=/osxievxz,1
https://reddit.com/stat/event/*,1
https://linkedin.com/qeiyh/jcvzoxu/dprn/bfnz?id=zczgf,0
https://youtube.com/player-test-impression?,1
https://twitter.com/otslhku/jjafgda/toryj.js?theme=7009h,0
https://netflix.com/pefbpj/gwtc/fseo/szvyfl.jpg,0
https://reddit.com/js_ibeat_ext.cms/esesjl/hje,1
https://facebook.com/webstats.js/axw,1
https://adobe.com/GlancePresenceVisitor_/sneq/ixxi,1
https://google.com/lvka/pyygaau/dfhc.jpg?view=gqcva,0
https://linkedin.com/googleAnalytics4.js,1
https://facebook.com/diffuser.js/rnujz,1
https://reddit.com/log-nt/*,1
https://wikipedia.org/userdata_n?,1
https://wikipedia.org/qvapcs/bmopo/cis,0
https://amazon.com/lvcoeajx/ixh/byncheij,0
https://adobe.com/gbqxxw/ebnlw/ktlziq/grgly.js?q=88gyk,0
https://linkedin.com/zalj/onapzd/vrk/pjo.svg?page=ykzit,0
https://instagram.com/visitor.js?key=,1
https://microsoft.com/logviewedpage?/pdwi,1
https://amazon.com/csxfc/azoxrb.jpg,0
https://instagram.com/wp-rocket/assets/js/lcp-beacon.,1
https://youtube.com/ugqscfm/vtcsumc.woff2,0
https://twitter.com/nmfd/ajurkcwy/pzxfc,0
https://reddit.com/mbxamoit.ico?view=o001k&page=64l51,0
https://cloudflare.com/bawp/mwyjpofl,0
https://_trackWebtrekkEvents./wdampwcz/zutg/xwzmmn?cid394=vpffvb&utm_741=paubit&affiliate153=jctywt,1
https://apple.com/fhkgxu/acwdg?page=4rsio&id=nmbeg,0
https://reddit.com/2.gif?/jdzvc/sgzyvj,1
https://_beacon?/kwi/xubzsp?cid485=gfmdlm&campaign250=qqhpfk&utm_449=dezsiq,1
https://apple.com/nwarney/dgbxub/roowdv.css,0
https://adobe.com/xonlonpd/jgt/knthp/poawycu.js?theme=pma4p&view=nyc58,0
https://microsoft.com/lwpr/jki.ico,0
https://wikipedia.org/ogsjc/eylvgw/kxqlaki/ihiauzw,0
https://instagram.com/gzcd.js,0
https://instagram.com/lmb.ico,0
https://youtube.com/rhpinb/npdxibg/tsmkzev,0
https://wikipedia.org/xkswviw/ymlx/egtdl.svg,0
https://amazon.com/yblsvjl/ooqeczgz.png,0
https://reddit.com/uetmriu/atlmsi/yerjkdp/voze.js?theme=5435q&lang=1vmbe,0
https://amazon.com/track.gif?data=/gipath,1
https://.php?p=stats&/nwxjpm/rhrx/uruur?sessionid396=tmrhcz&cid014=wbaxtv&utm_282=rvtmdl,1
https://.beacon.min.js/cmrzajhz/jvuzx?ref=847=yvphmx&campaign010=vtdxjq,1
https://netflix.com/awin?awc=$image/obajo,1
https://wikipedia.org/ftxcnbyj.ico?theme=yh6ur&theme=grc4z,0
https://netflix.com/ASPixel.js,1
https://google.com/ns.html?id=GTM-/nsrku,1
https://youtube.com/lyrutvwh/vxua/wxtj/upl,0
https://cloudflare.com/iqqb.ico?view=x15l7&view=4chmp,0
https://amazon.com/global/tracker.js/sximoivn,1
https://adobe.com/jyzzbopg/ogxzlaoc.jpg,0
https://apple.com/yumex/qwu/uegzunf,0
https://amazon.com/TealeafSDK.js/fkr/gzhxcg,1
https://cdn.shopify.com/pbpnr/axjbttwe/ryjgxw,0
https://facebook.com/twwidk/vzojgfn/srzf.woff2,0
https://amazon.com/cyvat/zpjqdhqo,0
https://linkedin.com/viv.css,0
https://google.com/hmapxy.js/seqlww/zlm,1
https://adobe.com/snowplow.js/qnl,1
https://microsoft.com/hgisjssp/pnhvss/kkwixm/gfxtss,0
https://cloudflare.com/netresults.js,1
https://wikipedia.org/pfuggj,0
https://linkedin.com/qkobhqoz/haq.css,0
https://cloudflare.com/StatsService.RecordStats?/vbq,1
https://cdn.shopify.com/schol/bhxaez/xvwentpq.png,0
https://linkedin.com/wp-json/iawp/*/grtbel,1
https://netflix.com/qnmofcv/suo/omctohsx/kxiregff,0
https://instagram.com/eejhsrda.jpg,0
https://linkedin.com/uizko/ouwfrhi/vpbhvbu/jqgpqri.jpg,0
https://twitter.com/sles.svg,0
https://cloudflare.com/thweslav/stbksrs/ucrwnw.ico,0
https://facebook.com/bxxzkmlx?q=hq7me&id=n1028,0
https://amazon.com/visistat.js/ilhg/drgii,1
https://wikipedia.org/myyo,0
https://instagram.com/fahnng/ogs/ifkveir.svg,0
https://instagram.com/perfmatters/js/analytics.js,1
https://microsoft.com/mjzy,0
https://microsoft.com/tjqvh,0
https://linkedin.com/perfmetrics.js/hoowrcye,1
https://adobe.com/rrweb.min.js,1
https://microsoft.com/puooidts/ixez.js,0
https://adobe.com/gdamqext?page=55eo9&lang=sebh5,0
https://adobe.com/yttbpns/sxu/rar.ico,0
https://cdn.shopify.com/twyqs.js,0
https://adobe.com/qoauaz/mnwzsimk/bqdiphm.js,0
https://cloudflare.com/wtrack?event=,1
https://twitter.com/zok/wubkvb.ico,0
https://instagram.com/ghow.woff2?id=0uirf&page=dig2x,0
https://linkedin.com/site_stats.js/pnmexk,1
https://youtube.com/adm_tracking.js,1
https://cloudflare.com/csziuqy/utkd/upom/mnv,0
https://facebook.com/anclytic.htm,1
https://google.com/trck/etms/*/cmpvj/euzke,1
https://cloudflare.com/feq/bqwmuao/vvvszg.woff2?q=830d2&page=5so9b,0
https://wikipedia.org/smmch-mine.js/afl,1
https://cloudflare.com/khpnvypa/kblifsk/avylnvtw/amhsrbdc.woff2?theme=yiqrn,0
https://cloudflare.com/uvt.png,0
https://facebook.com/uxxeul/tuwtj.jpg?page=0pwh8&lang=uytak,0
https://wikipedia.org/xmnqz/exv/mdgpxcac.svg,0
https://cloudflare.com/session/referer,1
https://youtube.com/bmx/jzvevbm.css,0
https://apple.com/hit.asp?/kxth/vcmxoeq,1
https://youtube.com/pgch/ioc,0
https://facebook.com/mlazy/lskyw.jpg,0
https://youtube.com/yquswh/dfyv/fvmbkys.css,0
https://facebook.com/bstz,0
https://facebook.com/rt_tag.ofs.js/ccnmpmv/imh,1
https://facebook.com/natero_analytics.min.js/pdmxqqs,1
https://twitter.com/mculbpns/yrb/nbabf/cnbeeuk.jpg,0
https://twitter.com/nqvqzs/ngosxbrq/uihzbqnu/hdpgt?id=382h2,0
https://linkedin.com/timingcg.min.js,1
https://cdn.shopify.com/hragagh/xcft/nhqiaw.jpg?lang=0sej9&lang=eeao3,0
https://youtube.com/log/browser/event/pkq/wxlinn,1
https://cdn.shopify.com/utm_cookie.min.js/oyvlfr,1
https://microsoft.com/art/stats/*,1
https://_imp?Log=/ros/pvapcso/qawoax?utm_665=dncenk&affiliate645=umeopy&sessionid664=golqgp,1
https://youtube.com/hjb.svg,0
https://instagram.com/auotyz/pfrelvmo/stgsuyp/xvw?page=8eohq,0
https://cloudflare.com/xplqjg/kdtixuys/bgn/becpmn.jpg,0
https://?statify_referrer=/pax/sxycopdd?cid395=hvglgn,1
https://cloudflare.com/ejf/mmtmtvrk?theme=917g7&page=f100z,0
https://cdn.shopify.com/dlfhqh/ghjbc.js,0
https://reddit.com/tjnmcdkm/cqxde?view=34rtf&q=cb6rn,0
https://linkedin.com/jfjei/nekjk,0
https://adobe.com/jxtkho?view=mkzjz,0
https://youtube.com/alzjgrb.png,0
https://google.com/daoj/sdcnw.svg,0
https://cloudflare.com/bepsom.woff2,0
https://linkedin.com/tdkxvdu/yirlvyp.css?q=j9amf,0
https://adobe.com/zileuq/uzbsa/okf.ico,0
https://wikipedia.org/sp_tracker.js/qmgvlu/uyd,1
https://facebook.com/jiuerbu/fcagovz,0
https://cloudflare.com/strak.php?t=,1
https://instagram.com/zgsisrov/utemts.png?id=ylcm5&lang=5rqjs,0
https://twitter.com/enqso/eyayfkuj.jpg?lang=teldv,0
https://reddit.com/inc/rwc.css,0
https://twitter.com/vbcjtg/uqrj.jpg,0
https://adobe.com/EmbedAsyncLogger.js,1
https://apple.com/ucmyuaxy/iwh/pjr/kogi,0
https://amazon.com/mauhf/dcbmz/askggjh/fslqr,0
https://amazon.com/xwqtmhzq/jyrt/oldvwmbt/eqzlx,0
https://youtube.com/jmznw/uhzdtze/eiweguy.jpg,0
https://instagram.com/pixeltracker.js/piulsbv/avbnwgvm,1
https://google.com/oku/zlyqht,0
https://amazon.com/pjkgww/szjj/jkrqhwod/qgitctjo.jpg,0
https://?[AQB]&ndh=1&t=/rvbvs/szde/ovvtihv?affiliate669=tgjdpi,1
https://facebook.com/usskxs/ikgdw/lxfcyke/xknygfq.css,0
https://amazon.com/counter.js.php,1
https://linkedin.com/google_tag.data_layer.js/pqq/ixp,1
https://cdn.shopify.com/fbyowah.svg,0
https://cdn.shopify.com/retarget_pixel.php,1
https://twitter.com/dwwcaq.svg,0
https://youtube.com/pnwh/mhvb.woff2,0
https://google.com/qya/aye.svg?view=34hji,0
https://reddit.com/mnrqekr/lxoml.woff2?lang=qi409&id=ccj7u,0
https://reddit.com/ulf/fsxtf.png?theme=3jlvg&theme=qv6pe,0
https://google.com/pwlqmyi/xnsjnx/myp?q=lnqs5&view=6yw2c,0
https://twitter.com/Hits/collect/*,1
https://adobe.com/gvobwxda.woff2?view=odvuh&id=qskq1,0
https://google.com/sgbzxd/iqy/bebo,0
https://wikipedia.org/events/track/*/ztetes,1
https://facebook.com/tfp/sxex/zzo?id=pj6dt,0
https://google.com/odoscope.js/xrz/tagzb,1
https://netflix.com/lrntxngn/jromhh/laz/iphk.ico,0
https://youtube.com/extth.png,0
https://google.com/mqdyugic/dgion.svg,0
https://cloudflare.com/AppMeasurement_Module_ActivityMap.min.js,1
https://apple.com/bdvqk/ghcerox/ozpsmcb.ico,0
https://reddit.com/wtstau/gew.jpg?page=6tvip,0
https://cdn.shopify.com/tracking?referrer,1
https://cdn.shopify.com/wvbpb/ydmpdx.woff2,0
https://amazon.com/doxcbksu.ico?theme=dz678&q=gmmbl,0
https://youtube.com/dxvyxk/mosqsyk.svg,0
https://instagram.com/aff_i?offer_id=/pif,1
https://reddit.com/pkinxfv/swnwl/xli/jbwzpc.jpg?q=q8bl7&q=rye5x,0
https://wikipedia.org/frzk/bwpk/sznsxfxa.ico?q=su0oy,0
https://reddit.com/qftk,0
https://twitter.com/izlf/fcwn/qsonphd.woff2,0
https://google.com/jmoj/keyku/thwayjs/dvtqfdb.png,0
https://google.com/stat.js?/zmfaji/raaoe,1
https://instagram.com/naev.png,0
"https://linkedin.com/presslabs.js$script,~third-party/kqj",1
https://google.com/aym/rtksmy?view=xn9pe,0
https://youtube.com/piwik2.,1
https://adobe.com/ghnxbple/sbdgav/fzf,0
https://instagram.com/track?name=,1
https://google.com/uxo.jpg,0
https://&l=dataLayer&cx=c/spxzjgy?sessionid444=uwhgjm,1
https://google.com/kgjutr/numhbr/zszwshlg.jpg,0
https://amazon.com/yoji/bmewalh/mcwuffx?id=2mlwm,0
https://twitter.com/lcjx/pgpwyyby/prormrat.ico,0
https://reddit.com/vwaelh/nju/xgd/lhdn,0
https://wikipedia.org/uwila?view=6b0w4&view=kpkl9,0
https://cdn.shopify.com/tbyczeyx/wnme/rrdx.svg,0
https://twitter.com/swpceq.png,0
https://wikipedia.org/qcfoozk?view=y29md&page=b7j1k,0
https://netflix.com/owkfsr.png,0
https://-track-inview./cbpwq?sessionid520=ckzuhj,1
https://.pageview-props.js/khtaq/stbet/yfstzet?cid201=ekbrja&campaign354=noybsd,1
https://twitter.com/rnwjymy/mccayd/mme/than.svg,0
https://netflix.com/cgi-bin/lcpnp/*,1
https://apple.com/mjfh/gzid.jpg?id=3rzxh&view=eg8pp,0
https://facebook.com/c.wrating.com/*,1
https://facebook.com/xschz/vad/ccwdl/qva.js,0
https://cloudflare.com/api/reqAnalytic/*/yhykx,1
https://netflix.com/nmpvn/dlzwjxqo/wvnat/slu.jpg,0
https://cloudflare.com/hero/gudmvqrs/gsvg/acxzjcji.js,0
https://instagram.com/smopc/exqfhj.css,0
https://youtube.com/kukulufinger2.js/pvd/bcxrhy,1
https://cloudflare.com/PvCountUp.action,1
https://reddit.com/bbx/rswyqut/vxwg/kwl.svg,0
https://instagram.com/index.track?/ipk/sezzppd,1
https://youtube.com/collect?data=,1
https://cloudflare.com/gbouqea/zhdxcxv/zakbitr,0
https://amazon.com/statcount./hufumbwf,1
https://wikipedia.org/sqq/rrnldnri,0
https://cdn.shopify.com/njs.gif?/efmgh,1
https://instagram.com/dwn/gykhn/gkbif.css,0
https://wikipedia.org/baynote.js,1
https://wikipedia.org/leadtag.js/ilr,1
https://netflix.com/webdig.js,1
https://microsoft.com/xtclick.js/tpxzb/wghfuv,1
https://cloudflare.com/povli/phfntnc/obn/urknluer.js,0
https://youtube.com/ngz/zylo/pgrurxo/xghqb.png,0
https://_WebVitalsReporter_/nmxxeqw?cid797=wuzgiu,1
https://linkedin.com/dfjafnx/imlhx/bgunjgjy.ico,0
https://cloudflare.com/katxq/hpgm.css,0
https://amazon.com/poeze/ograui.ico?page=cqry6,0
https://reddit.com/dhkvla.woff2?page=xy4ot,0
https://netflix.com/svabl/fnjc,0
https://linkedin.com/ga-lite.min.js/snaz,1
https://wikipedia.org/zqhz/wxi/yxzqbdar.png,0
https://linkedin.com/pfbbqcl/dudxjype/sveeoxm/jbb.jpg?page=kkwke,0
https://adobe.com/xxlf/ikowkpr.ico,0
https://amazon.com/afkoq/ofmiwbb?view=gg4qa,0
https://instagram.com/itgdtracksdk.js,1
https://google.com/sentry/bundle.min.js,1
https://google.com/ohpyyy.css,0
https://reddit.com/dmp/pixel.js/jsbfwnp,1
https://google.com/cshkeepq/ektgifgn/amoge,0
https://linkedin.com/qfluv.css,0
https://cloudflare.com/log204?/odittg,1
https://wikipedia.org/addpageview/*/crcdbr/lzx,1
https://youtube.com/ocb/xdluowto/rgpuappc.jpg,0
https://netflix.com/pbh.svg,0
https://netflix.com/nmpnsv/ncvrknj/aksuxbd/shrnyiso.jpg,0
https://twitter.com/olwbrq/ebixmn/evq/xchjl.woff2,0
https://linkedin.com/zrqlvv/zmzmbqcw/wldldhp/xfniwr.woff2,0
https://adobe.com/brximf/okasqi/jckjfxzp.png,0
https://linkedin.com/zlceb/vhtn/dbu.js,0
https://youtube.com/events/analytics/*,1
https://cdn.shopify.com/vyhktz/eulpysiv/fpcxxujz/ldtbfdpl?theme=gg4m2&theme=59x4z,0
https://cloudflare.com/master-amg-plugin/assets/js/page-view-ga.js/ged,1
https://reddit.com/fsidfm,0
https://amazon.com/iaoehwwc/hqlfc/mxk/xoopmwb,0
https://wikipedia.org/hpvr/lwtn.svg,0
https://netflix.com/qcccxn/rgypfmew/ppvsx,0
https://apple.com/bkhpytnq.css,0
https://cdn.shopify.com/uhycg/tucpp/yjibg.png?id=3hzzi&view=nzn0z,0
https://adobe.com/swkhzpjl/qosol?id=1lqh5&id=t2obr,0
https://.php?ping=/xwrx/zit/tttyhwoe?affiliate021=vqyake,1
https://apple.com/zuuchj/gnou/zse.png,0
https://facebook.com/skyoamui.png,0
https://linkedin.com/ejyafjja/ata.ico,0
https://reddit.com/pdp.gif?/sre,1
https://twitter.com/ewuoey/kbw.ico?id=f62d1&view=e3a50,0
https://cloudflare.com/posmyo/tqdaudqo/pjikqhe/fxwryjaa?view=wmtvw&page=ugp3o,0
https://cloudflare.com/instantpage.js/lasutj,1
https://microsoft.com/dkmg,0
https://apple.com/lpjdkc/ysniqys/rkky/liuzw.ico?view=jywqf&id=bv0bl,0
https://reddit.com/statscollector.min.gz.js,1
https://netflix.com/yajv/nnvmsm/tsimivq.js?lang=2yoer&theme=06oej,0
https://google.com/cfwk,0
https://apple.com/wyvzagdg,0
https://microsoft.com/wp-content/plugins/pageviews/pageviews.min.js/umpkt/dqfzoc,1
https://linkedin.com/zhs/dcd,0
https://amazon.com/wswhdwk/aurpt/baieq/hfmuj.svg,0
https://adobe.com/stats/pv.php?/kmvuumhk/pbvsptx,1
https://microsoft.com/kydwpxjm/hjn/yyvzdukg/phok.js,0
https://&EventType=Impression&/rgzbxfi/zwn/pawook?cid519=rsvfyd&utm_552=vjfjry,1
https://amazon.com/js/counter.js?/udd/wwytz,1
https://reddit.com/ptavp/ibrtuafx/foat/nwd.svg,0
https://microsoft.com/njnixrhx/sxqugz/stp.svg,0
https://linkedin.com/fnufg/kzuxc/vgkc/dbxfneq,0
https://amazon.com/lazfhmq/bpwu/zkz/dih.woff2?theme=vl1qp,0
https://instagram.com/uwvvwk.jpg,0
https://.stats?action=/gprck/nepa/onthgpb?campaign908=vqqztt,1
https://cdn.shopify.com/mdyt,0
https://apple.com/dnnpp/ehn.woff2,0
https://adobe.com/TrackViews/*/bqxfur/xjtdwldf,1
https://apple.com/article_counter.php?,1
https://reddit.com/ihqek/fudffft/uscjohkn.ico,0
https://linkedin.com/tracker/?key=/orat/xvykxom,1
https://twitter.com/pqpraqdn/jrlqarvm.js?page=ymize&page=yuohl,0
https://amazon.com/firebase-performance-compat.js/njsf/ywdfbi,1
https://netflix.com/yuiv/wlwemx,0
https://cdn.shopify.com/eventtracking./olrrnci/joe,1
https://apple.com/jqigqrc/cfeky/iuqlq/jsobrjzm.svg?theme=air35,0
https://?log=united-impression&/lciq?cid126=temkvt,1
https://_c.gif?c=/dthm/yydh?sessionid494=lkmgnn&sessionid093=qofswh,1
https://cloudflare.com/.webscale/rum?,1
https://facebook.com/aoompbqm/kyjuomci/yyoa/ljxuyt.jpg?id=rcx6i&id=oa1ob,0
https://microsoft.com/ycxqh/skxvtbto/erb,0
https://.v4.analytics./oliaskoz/rlgpqd?utm_391=nuwwdj&affiliate353=dwcckd,1
https://cdn.shopify.com/okvhli/fmspazx.css?theme=sy05x,0
https://google.com://gtm.*.js?st=,1
https://wikipedia.org/statcollector./nxya/zluvdmy,1
https://cloudflare.com/ohjliik/alnfvi/lhntrq.ico,0
https://instagram.com/pvbfpn/zdjae/kimyifh,0
https://cdn.shopify.com/sk-logabpstatus.php/ysmscomw,1
https://amazon.com/logExecutionStats?/ntljtot/xncpnt,1
https://facebook.com/ppi.svg,0
https://adobe.com/hfoahcv/fkle.css,0
https://facebook.com/vfign/kfgjfho.png,0
https://microsoft.com/xbvgzks.jpg,0
https://adobe.com/piano-analytics.js/rwgqhigo/jmo,1
https://reddit.com/vxqxt,0
https://apple.com/jzha/joxd.svg,0
https://youtube.com://load.*.js?st=$~third-party/ebq,1
https://youtube.com/orddd/lwybcjq/fhfbfckn/mmk.css,0
https://netflix.com/ynwihqhk.js,0
https://adobe.com/fyawbzh.css,0
https://instagram.com/rxi/fnx,0
https://reddit.com/qxqszgyf/iybsyccx.svg,0
https://wikipedia.org/mnrbvpyo/kmwqkcx/ztciru.woff2?page=jt1ll,0
https://apple.com/jlpcfs.jpg?id=gu4ij,0
https://google.com/analytics/event$domain=~app.diagrams.net/agfrlxb,1
https://amazon.com/oycuge/yxyzak/lunriac.svg,0
https://wikipedia.org/ldbuajny.jpg,0
https://amazon.com/ljdbzww/nauqe/iyxypsuq.png?page=9m0zt,0
https://twitter.com/dyenru/uakknmy.ico,0
https://amazon.com/wblez/bombpkfm.svg?page=zkhmh&page=i1am6,0
https://facebook.com/plugins/nimiq/*$script/dnmmc,1
https://?action=impression&/ctbt/jkbk/euexpv?ref=219=zxcimn&affiliate117=mfxtsh,1
https://cdn.shopify.com/buaa.css?theme=2oyam,0
https://apple.com/ahrra.woff2?page=myfdi,0
https://youtube.com/qtpu.woff2,0
https://microsoft.com://analytics.*/pageview//caa/jhbis,1
https://twitter.com/oiscm,0
https://_webanalytics./megbv?cid855=zefils&cid919=aigkzr&cid908=lmfqcu,1
https://amazon.com/qprxb/ghphjq/yvhtbpv.png,0
https://cdn.shopify.com/gmmjpnnc/qak/xlabasx/zhrz.woff2,0
https://microsoft.com/qeo/qlslms.jpg,0
https://google.com/analytics/click?/adgekukp,1
https://twitter.com/awsktvda/xilxvf/qrhtbgwj.ico,0
https://cloudflare.com/elyhoo/mwckw/jrlrne.png,0
https://cloudflare.com/rpbz/pplsj.woff2,0
https://netflix.com/kvu/vwhqpzs/buga/zeemjefh.js?id=rkda3&q=c8b1r,0
https://netflix.com/inxj/dsbyk/gsj.woff2?lang=mddjk&theme=yqx47,0
https://facebook.com/visitcounter.js,1
https://cloudflare.com/lhspli/omt/stcuwjoo.woff2,0
https://twitter.com/certifica-js14.js/glpp,1
https://google.com/cgbukkf/zlalumcf/zhpxim/vpm,0
https://youtube.com/rxycb.svg,0
https://netflix.com/wcualqc.js,0
https://facebook.com/xug/nwtf.css,0
https://facebook.com/oujjqon/fgobsfmi.ico?q=06rmy,0
https://cloudflare.com/indextools.js/hhsjaid/cgi,1
https://cloudflare.com/sofrqwb?view=8hm67,0
https://cloudflare.com/knyjhuy/lmbzxhe/uoycr/mnxzxxzs.js,0
https://amazon.com/lfultzi/kytpnhc.css,0
https://wikipedia.org/zhugeio.js/cxcsjw/iyxxuls,1
https://wikipedia.org/qvmhdk/tgi/quta.woff2,0
https://microsoft.com/imazinnn/djpeye/ydkd/qtonty.js,0
https://facebook.com/vjvivcl/ivcjkl.css?q=slw2j,0
https://google.com/yahbnjug.png,0
https://wikipedia.org/tgo.svg,0
https://google.com/webtrack.js/mcxlwf,1
https://twitter.com/nfmt/dulqwd.png,0
https://twitter.com/kigy,0
https://microsoft.com/nycv/ifjh/jzmn.svg,0
https://adobe.com/jnevmo,0
https://reddit.com/lfainaq/ptpcyzrx/wcs?theme=xp0vw,0
https://microsoft.com/raotyith/lciffy/ztgp?id=vvxm9&id=5suo9,0
https://youtube.com/dpistat/updater.php/iizy/lzvrmlf,1
https://twitter.com/esbyhkid/nzbltq/rkpdbvl/swmqtng?lang=c0tz7&q=p1rbv,0
https://youtube.com/kfraw,0
https://adobe.com/viwsqxdt/qsvwt.css?page=j95yo,0
https://cloudflare.com/ncmtx/ybzx/jti/byqapv.css,0
https://youtube.com/dmpuqm/qthrbbfr/debrjf/elvtgdzi,0
https://microsoft.com/ugoped/jzxcgl/rtkun/wdeipneg.jpg,0
https://facebook.com/grumi-ip.js/vqa/ltauy,1
https://wikipedia.org/knsen/fox/rculbha.jpg?id=4fr2z,0
https://linkedin.com/ittosacf/ayk/htk/aqavb,0
https://###cxense-recs-in-article/xcsvvan/axwuefm?affiliate187=uyeyye&affiliate547=cgjmwu&affiliate321=sjidig,1
https://twitter.com/ize/xcn/inb/ammewvy?theme=wzwle&lang=agijo,0
https://linkedin.com/pgyigj/bds/fyqrm.ico,0
https://amazon.com/foresee-trigger.js,1
https://adobe.com/counter/collect?,1
https://facebook.com/trck/etms/*,1
https://reddit.com/ziyva/vnuebazz/vlcsc.png,0
https://youtube.com/track-focus.min.js/ymom,1
https://reddit.com/xlyct/tggxaj/cegylts.woff2?id=a5uh2&lang=1k1jx,0
https://cdn.shopify.com/svs.gif?,1
https://youtube.com/vtlkgt/cfo/ieduae/fjiza.png,0
https://linkedin.com/bzpmog/zfgot/udhbtim/ogmcy.css,0
https://apple.com/pbtrechf.jpg,0
https://adobe.com/tzxyg/ltajbhwm/hlhttr/kpcmlolz.jpg?page=x4syi&theme=x5gbq,0
https://adobe.com/beacon/media?,1
https://google.com/somtag/loader/*,1
https://google.com/matlh/yfbvetul/rqf/xrabg,0
https://netflix.com/report_visit.php/beuap,1
https://facebook.com/towtv/tkdv/xzmkmb/dhhgdnpg.ico?view=9psug,0
https://cdn.shopify.com/onedot.php?,1
https://facebook.com/ejmgtk/kqfcadq.ico,0
https://&t=pageview&/dcbqxtdm?utm_510=mofkid&campaign450=icidjb,1
https://cloudflare.com/becjx.css?q=ag6bs,0
https://twitter.com/wzam/rkwnccfs/itwtnjf.woff2,0
https://netflix.com/logger.ashx?/mkpip,1
https://google.com/owhr/dwq.woff2,0
https://amazon.com/clickpathmedia.js/qbgavu/zwylgzod,1
https://twitter.com/analytics/metric/*/nkjcqw/gwcjgaj,1
https://wikipedia.org/jhtr/dhickeq/jwtlo/bhjcu.png,0
https://reddit.com/TealeafSDKConfig.js,1
https://facebook.com/pvcounter.cgi/gwrvv,1
https://linkedin.com/roverimp/*,1
https://twitter.com/monitor?rtype=/odipcg,1
https://facebook.com/hsy/hglujb/ufp.jpg,0
https://apple.com/qztqxlbg/fkyuwe/etu/suyxs,0
https://wikipedia.org/boomr.js,1
https://instagram.com/bkjx.svg,0
https://wikipedia.org/dqg/prtz/zje,0
https://apple.com/kvfmsw/lvbddovp/rsxd/atunafr.css?view=36rn2&q=nr8t8,0
https://youtube.com/etsjk/qpuigf/hrcr/eojci,0
https://?log=united-impression&/egjzgc/eqte?ref=651=gutmwe,1
https://google.com/track_proxy?/wiy/cxxmdfp,1
https://reddit.com/pyb/lirkdjz/igiteot/ryfgi.js,0
https://cloudflare.com/tojttrld.ico,0
https://twitter.com/hnpnl,0
https://google.com/nginrq/yzgpxjxa.woff2?q=lmc7y,0
https://netflix.com/metrika.js?=/taxymlte/czlymel,1
https://apple.com/lwbpucf/uszy/kkrpo/ypnodabj.ico?page=899v4,0
https://microsoft.com/fbpixel.js,1
https://linkedin.com/js/logger?/gtjys/vcauyojg,1
https://.EventTracking./aimyl?cid226=sqeprh,1
https://youtube.com/StatsPage.php/igyoz/dyz,1
https://google.com/noyzssmy.woff2,0
https://cdn.shopify.com/trackVisit/*/vhsndno/rkmhvkcm,1
https://youtube.com/jyoicth/sjmlnfg.woff2?view=c4iso,0
https://linkedin.com/wbkqb/nmyhzzrh,0
https://wikipedia.org/fp/clear2.png,1
https://apple.com/cmslog.dll?/hqdlo/hoksrxfm,1
https://twitter.com/ufjxj/gcuftqjc.svg?lang=wxqby,0
https://netflix.com/StatsService.RecordStats?,1
https://.content_tracking.js/ilz/sjxblf/woh?cid200=yqldrl&affiliate759=gyeghb,1
https://microsoft.com/tmzo.ico,0
https://facebook.com/fuecde/mzaa/kfcngdza/rkpl,0
https://microsoft.com/tracking/ipify/nwnuhj/hlzd,1
https://netflix.com/fqhv/ezymz.png?q=tcnou,0
https://cdn.shopify.com/lbc.svg,0
https://instagram.com/zof/lmjrohb/ayvogyk.png,0
https://apple.com/linktrack.js,1
https://wikipedia.org/w.gif?,1
https://wikipedia.org/pix.fcg?/ictdyzys,1
https://amazon.com/dla_tracker.js/xgrtnx,1
https://instagram.com/ywnnltn/mln.ico,0
https://linkedin.com/vmt/jnvoll,0
https://twitter.com/wp-monero-miner.min.js,1
https://microsoft.com/jitrigw/yhuq/ffi/oqkwz.js,0
https://apple.com/lhcsilt/awty/sjqbq.js,0
https://microsoft.com/lqam/ovfdov/uazm/guuqive.svg?id=f934n,0
https://instagram.com/dhcny/gyzvqel.js?view=0tm71,0
"https://instagram.com/webtracking/*$~document,~subdocument,domain=~wwwapps.ups.com/mwaqudls",1
https://amazon.com/hztphsl/mismle/skw/sdqbv.js,0
https://google.com/?swift-performance-tracking,1
https://-didomi.js/paetz/hkczhlf?ref=564=vzaxff&campaign146=pfslbq,1
https://apple.com/vdz/hli/nwcz/tlizkz.woff2,0
https://instagram.com/collect/view?,1
https://twitter.com/jpitq/rtv.jpg,0
https://amazon.com/tbt/kapw/ovq,0
https://cdn.shopify.com/viewerimpressions?/tzyyp/anrwiq,1
https://apple.com/webstats_counter/*/zoparhyk/tottj,1
https://##.embed-responsive-trendmd/ilvvy/binzzpqq?sessionid539=wkcmil&sessionid897=cjrcpk&cid615=hqeqes,1
https://netflix.com/pbgft/houbj/okvfzdpo/rubfe.css,0
https://microsoft.com/dgd/pymdjarg/dbte/psyosyb.jpg?q=wxlj2&view=8bjtg,0
https://instagram.com/comscore?/qexex/fdwtzosv,1
https://instagram.com/pzhz.ico,0
https://wikipedia.org/statistic/pixel?/udzyfc,1
https://instagram.com/wp-monero-miner.js/bmgzvc/bxdgulhq,1
https://instagram.com/rbfkb.png,0
https://instagram.com/webmr.js,1
https://twitter.com/mbqksr/gugwe/qii?view=r1f2y&q=jg4sh,0
https://amazon.com/mkdvokt/umhuz,0
https://wikipedia.org://a869.$~image,1
https://linkedin.com/recommendtrack?/rlaw/wwm,1
https://wikipedia.org/jnx/pcr.svg?lang=y16c7&page=tb055,0
https://wikipedia.org/vytaw/xxnmhb/jvu/wym.ico?q=fcwi6&q=24jdf,0
https://instagram.com/nkdo/jubwgabw/jngsxb/end?theme=u4t2w,0
https://netflix.com/ldux/euxw,0
https://cloudflare.com/wiilbgeu/nhlbsus/zjr.svg,0
https://netflix.com/facebook-pixel.js,1
https://.stats?action=/gvefn/pwc?cid378=zbwkgr&sessionid270=gtqnqi&utm_534=hyuqlb,1
https://apple.com/vcldxg/vufmm/fyakm?lang=6l1hy,0
https://instagram.com/nsrgckmm/thk/opklfh/xwd.woff2,0
https://youtube.com/stats.*/hits/*,1
https://youtube.com/lqqoald.ico,0
https://twitter.com/ajwu.svg,0
https://amazon.com/oyes/qld/vlgkhsq/qmf,0
https://twitter.com/cached-scripts/analytics.js,1
https://twitter.com/ls.php?t=,1
https://youtube.com/ftr.svg,0
https://google.com/gppb/cpihmm,0
https://apple.com/eafpkha/gnu/vsuyejt/agux.svg,0
https://reddit.com/dfxuuyue/fupxp.css?q=3phwp&id=pxofq,0
https://reddit.com/whuu.woff2,0
https://instagram.com/rxjoocal/venvaovm/zhop,0
https://netflix.com/dvya/kencp.png,0
https://microsoft.com/wrapper/metrics/v1/custom-metrics?,1
https://amazon.com/sherlock.gif?/tsb/sfwz,1
https://twitter.com/php-stats.php?,1
https://cloudflare.com/mejl/pwlda.ico,0
https://twitter.com/gyem/wgbjqyrw/axykg/qjrpd?page=4dmq1&page=hoe2k,0
https://wikipedia.org/hldkufqm.png?view=g04us&page=t8vbq,0
https://cdn.shopify.com/zguxjhxi.png?id=ctp14,0
https://cdn.shopify.com/htyiou/mfj/axwfg/ekvpe.js,0
https://instagram.com/tpmm/bqzpxah/xmwo.css,0
https://?event=performance&/hrpideb/gmnvdrah?utm_112=fmbryh,1
https://instagram.com/stats.*/tracker./ktjrdxrm,1
https://youtube.com/qkj/bwxw/ofjngzpt,0
https://netflix.com/oufhff.svg,0
https://youtube.com/ztn/ftzgw/nhj/qwz.png?theme=0j4de,0
https://linkedin.com/owhrolf/aywhbb/wzxbz.woff2,0
https://adobe.com/PageHit.ashx/lfobal,1
https://apple.com/jfsnx.svg,0
https://cloudflare.com/ppzikyjd/vzzi,0
https://apple.com/ddhguxt/jwthebch/sfrdb/bph.woff2,0
https://cloudflare.com/piwik/*$domain=~github.com|~matomo.org|~piwik.org|~piwik.pro/icdovowy/zox,1
https://twitter.com/users/track?/euj/hqjlof,1
https://cdn.shopify.com/bk-coretag.js/obv/xcvhr,1
https://amazon.com/efubcd/suulo/ipqtgx/nav.css,0
https://google.com/events/view-form-open/riboiwy/ewvvg,1
https://twitter.com/atgjj/avfjww?theme=9fj78&q=vvpx9,0
https://cloudflare.com/gtnelv/tnbkqsm/hrjhfl,0
https://adobe.com/hosrimza.js,0
https://cdn.shopify.com/ajax_video_counter.php?,1
https://adobe.com/cavattj/hkofms/out/ddkpxnut,0
https://cloudflare.com/zyjnc.css?id=0i1v6,0
https://_webanalytics./reup/hyktjbq/hzixup?sessionid482=llazqt&affiliate833=btvkdb&utm_636=ahwyfo,1
https://youtube.com/hkzzdkjq/wmcnhojq/pfytvot/dpb?theme=pfsm4&view=thqa8,0
https://netflix.com://elqtrk./vszqs,1
https://facebook.com/jserrLog?/jdvcz,1
https://.php?logType=/mdzl/hwdgsmgy?affiliate875=wqyroo&campaign939=wxucme&cid982=ljfnxa,1
https://cloudflare.com/vjsdijg.js,0
https://linkedin.com/stream/log.html?,1
https://reddit.com/goj,0
https://amazon.com/uvdmn/itiorwe/msfk/fluvk.png,0
https://amazon.com/jcuwucb.ico?q=hfx55&view=1c7v6,0
https://linkedin.com/zjjiq/cxx.jpg,0
https://youtube.com/dgxfqp/lpozagi/sucmxyhc.jpg,0
https://netflix.com/qcpmjoa/wtcfu/xwvqznwc,0
https://-track-inview./fxae?affiliate908=tbnhew&affiliate823=iwvbhw,1
https://cloudflare.com/qis/paxhlo/ybhm/fuaas.woff2,0
https://microsoft.com/count/count.cgi?/taawml/xzo,1
https://google.com/opqvp/gbauwmuo/xvkt/bfg?view=ysgjs,0
https://cdn.shopify.com/yxcttmwa.js?page=18p0j&id=mkww7,0
https://twitter.com/lynlkypy/qkejdcp.css?page=lhrqv,0
https://amazon.com/showcounter.js/vsrr/dsuiv,1
https://amazon.com/hthqm/iczksdxf.png,0
https://amazon.com/qsjhwxmr/aggs/inyb.js?id=nrdv3&page=oiyo4,0
https://cdn.shopify.com/kbqc/dzkxs/jbjkmcx/lwnrjsky,0
https://microsoft.com/ymifhov/lxviyblj/diy,0
https://netflix.com/xofpjbd/svmtsc/aosjoyu/noogxb.svg,0
https://netflix.com/dsgal/ruagyqvk/rwfx.woff2,0
https://adobe.com/ot_e404.gif?/gktw/qqdq,1
https://cloudflare.com/vzfkxru/fiviggtl/eybmyd/mslrb,0
https://cdn.shopify.com/mhzwk.svg,0
https://wikipedia.org/hsflbi/eaktaxvx.js,0
https://amazon.com/rbee/gfekevt/lravwin.png,0
https://microsoft.com/fibq/elgnm,0
https://twitter.com/exku.jpg,0
https://adobe.com/eventtracker.js/soyl/ttvemruw,1
https://youtube.com/tnzebtl/fsbe.png?lang=4y03w,0
https://cdn.shopify.com/eirtlxj/ase/rtljaa/ngctnxut,0
https://adobe.com/analytics_prod.js/hfuxbn,1
https://instagram.com/anzatuxv/zjrpktm.svg?q=6kq35&theme=evec9,0
https://instagram.com/jhcyz/njb/ievxv?q=4ij2r&lang=t34i3,0
https://reddit.com/d.gif?,1
https://linkedin.com/pgookb/djlqfyzx/ujf.ico?page=n3v5y&lang=ijupm,0
https://netflix.com/oxwcldnu/ple/hdhc,0
https://twitter.com/jnlb/jqfrdej/nejq?lang=j7xpe&view=czp3f,0
https://reddit.com/scripts/statistics/*/pkffh,1
https://cloudflare.com/royrdsne/udonjev.jpg,0
https://wikipedia.org/ltzdgra/mgr/ylvl/zemdpjpx.ico,0
https://apple.com/kxwzym/gdtehk/wxfjtl?theme=gtdeo,0
https://microsoft.com/imtqgcue/urrkpl.svg?q=wzlf6,0
https://cloudflare.com/ktb/xxi.js,0
https://microsoft.com/kbrumz.woff2,0
https://apple.com/analytics/metric/*/xpuwa,1
https://netflix.com/fp/clear2.png,1
https://linkedin.com/divolte.js/wbok,1
https://facebook.com/rmntracking.js,1
https://adobe.com/qxssyhcy/ybzzqb/nyhrk,0
https://amazon.com/pixel.track/ydfra,1
https://cdn.shopify.com/dfvmda.png,0
https://facebook.com/icqdzdyv/ndzuanlz,0
https://cdn.shopify.com/ythgi,0
https://adobe.com/tctpftiv/qnm/kvqeqkm.woff2,0
"https://twitter.com/api/events|$ping,~third-party",1
https://_imp?Log=/gmprvmta?ref=160=zsotil&campaign718=dktfrs,1
https://cdn.shopify.com/dykfvnqh/ogw/ynddjhz.png,0
https://adobe.com/rjvaec/duawfwu/cyymn?theme=azg2f&page=xggvn,0
https://youtube.com/cipceoul/elztivd.svg,0
https://amazon.com/yweucnqe/kei.png,0
https://apple.com/vehaof/cllncc,0
https://facebook.com/uqqxupye/fbzajv.jpg?page=ghd9k,0
https://linkedin.com/tamxerzy/ssick/yoljdp.png,0
https://amazon.com/hnmt.woff2?view=x0ntu&lang=24lt8,0
https://apple.com/vvbdx/hlfj/hfl.css,0
https://cdn.shopify.com/wwrvif?view=8lgp4,0
https://cloudflare.com/vllcjcc/daoyz/oyeck.svg,0
https://apple.com/a/performance_timing/*/tnavblx,1
https://amazon.com/otowytcv/opz/uuxqfklb/zdnhq.woff2,0
https://netflix.com/stats/api/collect,1
https://reddit.com/rvvtnoc/thfnqiyr.ico,0
https://linkedin.com/track?data=,1
https://netflix.com/jhlhse.js?lang=cclj8&id=9ir4c,0
https://facebook.com/shopify-event.gif?/ero/sjkyu,1
https://apple.com/giud/xcswx/nnxup/frete,0
https://cloudflare.com/email/track/*$image/wpg,1
https://cloudflare.com/mmmfsl.woff2,0
https://apple.com/vxy/oavicve/cmkxa.svg,0
https://cdn.shopify.com/forheve/jgbgd/ilyqfem?id=sj23k,0
https://microsoft.com/tnu/khoalk.svg,0
https://netflix.com/ftqntkj/kgcfhl/ygk/newohc,0
https://microsoft.com/gpsk,0
https://twitter.com/fkwwfcdy/uor/edqgrd/ddpp?id=qgplh,0
https://apple.com/ga.gif?,1
https://reddit.com/kuyhhng.jpg,0
https://instagram.com/dcllki/hbg/grnozsk/onmg.woff2?lang=kywlb,0
https://apple.com/dnkmnop/rzva?theme=zgyek&theme=28d99,0
https://youtube.com/img?eid=/anaj,1
https://facebook.com/angular-tag.js/jzpr/zdry,1
https://google.com/ieyoeee/kadu/hwb,0
https://_social_tracking.js/xgql/ixfsc?ref=100=jajxwz&sessionid984=voupen&cid541=dlyhvs,1
https://amazon.com/vsl/imp?,1
https://cloudflare.com/rvy.css?lang=pk91b,0
https://instagram.com/metrics/track/*/pirnq,1
https://youtube.com/eyegkkr/vqka.woff2,0
https://adobe.com/mydf/jtzgjmn/peqirzfi.js?id=n1lnx,0
https://reddit.com/stats/?rt=,1
https://?action=saveViewStat&/gahrfq?ref=155=xkejic&sessionid601=oedfkp,1
https://cdn.shopify.com/ga2.js,1
https://facebook.com/vqbwssf/ojzqcqvf/vgrrhof,0
https://linkedin.com/lwfxln?view=zkj71,0
https://linkedin.com/xsngtcah/yqsquzwb/ciispnkw/wvwpwk,0
https://amazon.com/trackconversion?/fxgx/cooobg,1
https://cdn.shopify.com/skj/erojzr/ejs?page=tszk2&page=ejyal,0
https://wikipedia.org/oeuk/yhmcpl/qlahaqr/eue,0
https://.php?ping=/ybwxluf/gul/pxlyljz?cid876=ovphcy,1
https://google.com/adobe-analytics.js/rltkks,1
https://netflix.com/ipkbvlyz.svg,0
https://apple.com/AppMeasurement2.js,1
https://cdn.shopify.com/loc/qyabctta/nxmdn/doyrsuv.woff2,0
https://microsoft.com/azqdxc/bfnpz/kxc/ugg.jpg,0
https://instagram.com/analytics-amplitude-/uxs/raqnh,1
https://microsoft.com/ewjp/ewpakr.js,0
https://reddit.com/xjzedij/kffu/jygnbuim.ico,0
https://apple.com/header-pixels.min.js/tqzllvip/mcwtnh,1
https://cdn.shopify.com/ommxregg/marmnjx.js?lang=zbcs5,0
https://amazon.com/agcvo/oqctk/pgrwc/gchvqrhn.jpg,0
https://.php?p=stats&/uizjzja?utm_883=tgjsvt&ref=464=pmoeva,1
https://?log=united-impression&/grszlyx/zbbqtj?affiliate473=equipo,1
https://instagram.com/nwu/lmpfs.png,0
https://apple.com/xulyjm/umshzzf/tdzxynkg/dklad?q=xyn0f&id=z16wh,0
https://reddit.com/wwonmjhj/xqebuo.css?id=tc33e,0
https://adobe.com/vtrack.php?,1
https://linkedin.com/azzo/wtgc/naxqq/ely.png,0
https://instagram.com/sstat_plugin.js/qchv/txuhf,1
https://adobe.com/qoyhd.ico?theme=qnum4,0
https://.php?action_name=/ptgpgfz/qbkec?campaign473=zyhxgi&utm_135=dihpqs,1
https://microsoft.com/wssow,0
https://reddit.com/traces.php?/bgtlqib/jlm,1
https://google.com/uhk/zty/dvrsjmi.js,0
https://amazon.com/roitracker2.js,1
https://cloudflare.com/analytics/beacons/*/gfwlmvzi/hbabr,1
https://-scroll-tracker.js/lkppyde?sessionid304=kbjndg&affiliate489=nrrefu,1
https://&pagegroup=*&url=$script/qaktmk/vpy/aqmirzb?cid547=qmonzf&ref=357=kdnmjx,1
https://instagram.com/jhau/hjtxail/qxezgx/ihyzdxw.js,0
https://twitter.com/accessanalyzer/tracker?/izwgigcz/oumqvh,1
https://amazon.com/tuhi/ppbsz.woff2,0
https://reddit.com/atrk.js,1
https://reddit.com/view.gif?,1
https://wikipedia.org/impression.gif?/vcfvona/oarf,1
https://microsoft.com/bqcfpug/belrp/wgsnue.ico,0
https://wikipedia.org/amp-skimlinks-/mnby,1
https://apple.com/cdn-cgi/zaraz/*/bcz/izzj,1
https://youtube.com/cad/lgime/olumkskz,0
https://cdn.shopify.com/uqywl/toamiyuq/lbupv/rzvgid.svg,0
https://wikipedia.org/insjls/opfx/wrza/efrvvbvr,0
https://amazon.com/prozmx/jpmhrwxw.css?theme=saxir,0
https://instagram.com/frfoi/lolhclf/nruiyud/fkpzawb.jpg,0
https://amazon.com/gey/afy/plq/kabut,0
https://###cxense-recs-in-article/yqvs/fjxlaxo/gzepqa?sessionid142=gkbhvl&ref=091=akbylm,1
https://youtube.com/gmljmmp/vojty.png?theme=88tx5,0
https://reddit.com/kqwde/nisspaz.css?page=u5m0z&lang=arqm7,0
https://amazon.com/soimuotd/dsfbl.png,0
https://amazon.com/goolbeoq/vfxmahk/wuz.svg,0
https://apple.com/email/track/*$image/dcgnkdiq,1
https://linkedin.com/hit_counter/bznva/cqopk,1
https://amazon.com/ngunyvte/bji/mrolufpl/cktv.png?q=tvkc5&lang=2fe8w,0
https://microsoft.com/qek/bbkyq.woff2,0
https://adobe.com/hnewhgoy/yszxrd.svg?id=93o0u&view=ej943,0
https://&l=dataLayer&cx=c/ude/duznp?cid396=mkqkso,1
https://instagram.com/fffggjz/wqr.ico,0
https://netflix.com/qqtrq/zcjrev,0
https://youtube.com/honyao,0
https://google.com/visitor_info.js/rcqxdxnr/gsyi,1
https://###cxense-recs-in-article/pzlqvufb/zhl?utm_257=jrdtxt,1
https://google.com/perimeterx/px.,1
https://cdn.shopify.com/lmuyzrpg/xppdmjvy/kdz/qvlngwng.css,0
https://amazon.com/probance_tracker-min.js,1
https://google.com/gigyaGAIntegration.js,1
https://youtube.com/rhnmo/pbura/mpzacogz,0
https://wikipedia.org/cookie.gif?/cbolaaed/pubhffm,1
https://cdn.shopify.com/gasocialtracking.js/ukgdi/mcbjmdg,1
https://netflix.com/nmjepep/hnfvxyf.woff2,0
https://netflix.com/llr/tzzxtp,0
https://facebook.com/epm,0
https://cloudflare.com/efy?id=xvvg6&theme=1djno,0
https://youtube.com/mgifegvr/ogfjzg.png,0
https://youtube.com/tracker/?key=/abyellxu,1
https://instagram.com/stats?aid=/klh,1
https://microsoft.com/pkzf/idptoklb/jusu.js?q=nm64n&id=hgpe5,0
https://apple.com/pagestat?,1
https://cdn.shopify.com/qgchmwjc/pqjtui,0
https://amazon.com/bvvbcq/nzv/tkkaxiu/cldjpwkn.svg,0
https://adobe.com/urp/jds/hqdeua.svg,0
https://twitter.com/ythbgmgs/zzzaba/ckcx,0
https://_imp?Log=/lscafeg/acyao/cgtedon?cid268=sekyej&utm_142=jlwjjy&sessionid771=jwcgsw,1
https://twitter.com/x.gif?/dxmoy,1
https://netflix.com/vqtb/kfgz/zfhrq/kdtujpe.png?lang=tf82i,0
https://wikipedia.org/cdtdjzu/nmx/wetdxxh/ykirm.css,0
https://adobe.com/ghe/czqhiqog/dvmsm.woff2,0
https://netflix.com/rscjzpx/itdurmr/gnlypw.woff2,0
https://adobe.com/iyxpxis/wgfqsuw/tnptu?id=xbddj&lang=4cygn,0
https://cdn.shopify.com/vodt,0
https://facebook.com/neym/lxfg/ehtq/lpsdt.woff2,0
https://apple.com/fup/fagzywr/eog/jbhmoi.woff2,0
https://facebook.com/ldze/vkyadie/vzz.jpg?q=na1is,0
https://youtube.com/pjcxzd/qcicqw?page=fr8km&lang=wggi0,0
https://facebook.com/rpksgbgs/lbtbv/eyre/iiogdkyn.css,0
https://linkedin.com/mdd.css?q=cokdy&q=qyaa3,0
https://linkedin.com/ucssj/bgpasgs.woff2?id=dnp29&theme=0pobf,0
https://cloudflare.com/ecap.min.js/fhyzgg/qxjz,1
https://wikipedia.org/exybgsm/ttv/svvvfpym,0
https://linkedin.com/dge,0
https://wikipedia.org/rtan/pttkzpn.css?q=3k9sb,0
https://adobe.com/naoxgtfg/onwzia?id=zeiws,0
https://google.com/ocgiezv/wztz.png?view=0gkz3&page=ybzsf,0
https://cloudflare.com/ebva/angawdy,0
https://twitter.com/kddho/kqijvdgt/rhebgnqb.css,0
https://instagram.com/loader/counter.js/louuy/ziehyer,1
https://cdn.shopify.com/analytics-collector,1
https://cloudflare.com/bzzepj/onom.png,0
https://netflix.com/qzimkkzl/ubg/oecdxe/hecebu.woff2,0
https://microsoft.com/EmailOpenTrackLog.aspx?$image/hwcp,1
https://cloudflare.com/rqkfep/nlztvi.ico,0
https://cloudflare.com/o_tealium.js,1
https://google.com/api/v1/firehose?_,1
https://apple.com/ucdnd/cvi/jopt,0
https://facebook.com/jmdvce/oympmnl.js?lang=b4vbw,0
https://google.com/tjvzxft/htub?id=86cag&view=o01md,0
https://linkedin.com/events/page-viewed,1
https://reddit.com/trackpixel?/rvg,1
https://google.com/kouh/okckbqjs/rex.svg,0
https://.php?logType=/npjvgsuw/zxxicz?campaign514=tdkokg,1
https://instagram.com/event/visit?/wiqbdgta/wuvttsi,1
https://linkedin.com/upm/hivzeeec.ico?q=62nqo,0
https://netflix.com/icc/wap/rznune/bjzskqk.png?id=7hekx,0
https://youtube.com/analytics/click?/guwvrumv,1
https://youtube.com/track?referrer=/gsqje,1
https://wikipedia.org/wadjh.svg,0
https://amazon.com/gwbbpmrh/tzfk/tsdu.js,0
https://reddit.com/vnihyf/ruiesmfe.css,0
https://.php?logType=/gcrmc/tsvcxev?utm_898=nftofd&sessionid552=ojbjip,1
https://apple.com/xqg.svg,0
https://&refer=http$script/frxqyyy/gjxfek?ref=501=hjopix&affiliate069=ymsgpf,1
https://youtube.com/bc/clk?,1
https://linkedin.com/cdx,0
https://microsoft.com/ithmdf/aygiez/fxbnd/njetrjl.png,0
https://microsoft.com/track?events=,1
https://facebook.com/bvsvar/ydviccag/cxisprk/oqpolm,0
https://cloudflare.com/kaizentrack/resources/scripts/script.js/ecqg,1
https://reddit.com/collect/pageview?,1
https://instagram.com/fbycm/gjnjbtpw/wihiani/daedcjl.png,0
https://facebook.com/talyvgs/qmaox/bmp/aycmgrcs.ico,0
https://youtube.com/ulmdg/vresqmjt/xewf,0
https://microsoft.com/bundle/analytics./ajaabgbk,1
https://linkedin.com/xtcore.js/repo,1
https://cloudflare.com/stats/bezoek_count.php/rkujnzj,1
https://cloudflare.com/qdog?theme=h84f1&id=pgnb8,0
https://twitter.com/uvfet/ebp/waatrmy?id=ux3e8,0
https://apple.com/google/analytics.js/vfm/iviu,1
https://google.com/zbpqzuti/sudakwk.js,0
https://cdn.shopify.com/krl.jpg?id=nwqrs&theme=05czw,0
https://youtube.com/bower_components/fp/fp.js,1
https://facebook.com/stwc/code.js/sjpcp,1
https://google.com/clickm.js,1
https://youtube.com/anametrix/cas.js/ijml/cvmt,1
https://google.com/nhxwj/btwukwck/ouhcitgw,0
https://apple.com/mintstats/?js/kmxrguz,1
https://amazon.com/exclzd/yfwh/osz/geyqnti,0
https://netflix.com/asyuhrhw/wrqcagq/jafc?page=hdvkh,0
https://instagram.com/ugygvi/ugrn,0
https://cloudflare.com/nljlqtap.svg,0
https://cloudflare.com/aueocgw/cxpqa.woff2,0
https://linkedin.com/qeesouz.jpg,0
https://microsoft.com/kbx/tixj/oezqj.woff2,0
https://amazon.com/gnjdc/xoa.png?view=ga3wo,0
https://amazon.com/bcn.gif?/gngg,1
https://apple.com/xbshbu/rphcsp/rwlqd/bdqpsz,0
https://instagram.com/higtmha.png?theme=bw2d0,0
https://wikipedia.org/honeybadger.js/xcvjvvma/kspzntm,1
https://reddit.com/hgo/fdxlkukz/yur.css,0
https://amazon.com/marhnd/wmvjagr/xdzux.png,0
https://twitter.com/mucgef/ixb/bpcpb/umlbbj?view=ki82z,0
https://youtube.com/onkszpmc.js,0
https://wikipedia.org/jmn/ldb/egit.png,0
https://linkedin.com/plugins/nimiq/*$script/geo/cvbmrl,1
https://facebook.com/swatag.js,1
https://amazon.com/szeta/bsutexb.js,0
https://apple.com/zkcyuwq/sagym,0
https://amazon.com/pmlq/rhhne/jnb/fcheqjpe.png,0
https://apple.com/yipt/zqehxyq/szn/kbhk.css?lang=rz8xc&id=ytlfv,0
https://adobe.com/counter_access.php/vhocxq/dvx,1
https://instagram.com/livecounter.php?wid=/vkixedt,1
https://microsoft.com/host-analyticsjs-local/cache/local-ga.js/jabjwt/yeyknf,1
https://youtube.com/imabztga.ico?view=m1amw,0
https://apple.com/dxtl/mgjilpxj.woff2?q=k36nn&q=3l4ql,0
https://linkedin.com/ga-tracker.js,1
https://amazon.com/opinionlab.js/pemlosk/atrwssq,1
https://cdn.shopify.com/lyz/tnf/uwfb.svg,0
https://wikipedia.org/ejyj/gxnfgcu/dewu/ooexaie?view=bdzlk,0
https://wikipedia.org/ncrpgsql/vwvlywgo/alsb/bqyrdufc.js,0
https://cloudflare.com/webcounter/*,1
https://google.com/bloomreach.js/qug/qjpjoftd,1
https://adobe.com/weblog.php?/qtnkma,1
https://adobe.com/events/capture?/vje/goazcbi,1
https://facebook.com/rth/conzuf.jpg,0
https://twitter.com/dpe/ziqdqx/elweldnx/fhs.ico,0
https://twitter.com/i.png?id=/wdj/xgpj,1
https://amazon.com/gfcqeqo.woff2,0
https://youtube.com/pxf.gif?/vmxnmqzb,1
https://netflix.com/chc.png,0
https://cloudflare.com/tqq/jcbwdjaw/gair/ffxcuamc.png?id=3olyl,0
https://linkedin.com/klkikvea/xtf/bzf/diphl.woff2,0
https://adobe.com/xbetekhw/fdro/kajyprw.woff2?q=w72gz,0
https://amazon.com/wcount.php?/mjahappv/rysyunrx,1
https://google.com/analytics-sdk./alzza/ovkxai,1
https://instagram.com/acm.svg?theme=rug3w,0
https://youtube.com/twnpt/fovo.svg?q=ol8aq,0
https://facebook.com://analytics.*/event/zyqu,1
https://netflix.com/pqdykb/iyfmivar/ebujscnz/aplgszyz,0
https://youtube.com/pngmkn/bppya?page=fktsj,0
https://instagram.com/hjsltog/eonitcm/cmxdudke,0
https://adobe.com/beacon.cgi?/ohm,1
https://microsoft.com/xispbc/cjqgf.woff2,0
https://netflix.com/hit.t?,1
https://twitter.com/hc/activity/rxm,1
https://facebook.com/jstlihvh/gokjov/sgmlq,0
https://amazon.com/ews.js?theme=to0ls&lang=dbhsg,0
https://instagram.com/cyxofn/jszvq/qechgbf.svg,0
https://youtube.com/fkgowwk/aohzh.woff2?view=ezqrh,0
https://youtube.com/tclw/rhyhxx.css?q=yguyy,0
https://microsoft.com/mdfbcmr/gqu/wymmfgn,0
https://linkedin.com/ujrarqdg/vnhesmqm/zpgl/mleop,0
https://wikipedia.org/countertab.js/dwf,1
https://netflix.com/yuusahal/uji/amz/lvcyspxs,0
https://reddit.com/zeeebyl.js?lang=ffqx1&theme=wyhia,0
https://amazon.com/xdnf/lshpzcc/iomcfgsm,0
https://linkedin.com/piwik1./kglrh,1
https://youtube.com/rmsuhnfs/qvbitgh/dmlzwfza/sqlx?lang=oy1a5,0
https://netflix.com/pzkrwut?page=9xin1&theme=su2ym,0
https://facebook.com/qbpjqj.css?id=gv2lt&view=0ezy0,0
https://instagram.com/vzgnwmo/xjdi/ojr/elkawb.svg,0
https://youtube.com/ysvf/toz.jpg,0
https://youtube.com/xmgkku.woff2,0
https://google.com/uyaaj/lhfid/kiqdo.woff2,0
https://linkedin.com/bbjygs/zxzd/ybpzrjk.ico,0
https://google.com/rwfxrszd/vlmz?id=qj43w&theme=qtl64,0
https://twitter.com/CreateCookieSSO_/mcmm/ixjk,1
https://_WebVitalsReporter_/ydpo?utm_402=fybcur,1
https://apple.com/mzkhe/dlfu/dftcen.jpg,0
https://reddit.com/uphkdmcr/hxvpi.js,0
https://instagram.com/auyb/qlphi/sdv/hufra.woff2,0
https://apple.com/cdaq.woff2?q=dgixj,0
https://cdn.shopify.com/api/log-visit/xyycvfk/rnb,1
https://_stat.php?referer=/odka/enzs?sessionid861=wnnpvw&cid137=kxphio&campaign060=gnfygo,1
https://amazon.com/huq/uxqhicd.ico,0
https://apple.com/wooubaf/jcflfx/lch.css,0
https://amazon.com/etkeezos/lrjdy.ico,0
https://wikipedia.org/ieufsec?q=jdq4p&q=ql4jf,0
https://cdn.shopify.com/pczmjqrn/tmym/tyukj/cwf.woff2,0
https://google.com/dnkvuvh/mmo/afo.woff2?q=1zpho,0
https://adobe.com/fcwzz/vezqed/rdi,0
https://reddit.com/rpc/preccount?/thzjq,1
https://linkedin.com/cvcxki.jpg,0
https://linkedin.com/impression.pl?/yxgkadsh,1
https://reddit.com/blogcounter.js/xazw,1
https://youtube.com/api/v1/streamtelemetry,1
https://amazon.com/views_tracking/*,1
https://adobe.com/vyhdjrgv/lbe/rqgsq.js,0
https://youtube.com/sdxgzi,0
https://linkedin.com/guqszme/javnvz/ufza,0
https://twitter.com/common/analytics.js,1
https://linkedin.com/aptvuodo/dfznxjb/svceacx/raxpce?lang=hwcng&theme=hrazv,0
https://facebook.com/jldwhue,0
https://netflix.com/DNSCheck.js/eesxmvz,1
https://adobe.com/jump/clk1.php/mcwr/qoidqiql,1
https://amazon.com/mmy/jdfzd?theme=ekjy1,0
https://cloudflare.com/vcubizq.jpg,0
https://wikipedia.org/rhtbotm/cjunsok/ouynigo/egkf?id=tzyy4,0
https://apple.com/vqpn/exck/ikhzpka/lfh?page=hklqr,0
https://microsoft.com://collector.*/event,1
https://cloudflare.com/srp.gif?,1
https://reddit.com/fybowtp/mmosv,0
https://reddit.com/ipfxbqf/avqvrbuv/mywnh,0
https://google.com/qwc/eeeooa/coocgr?view=fb8da,0
https://adobe.com/cewubrf.js,0
https://instagram.com/fnvju/tgx/xbo/xczccl.css?q=kkxl1,0
https://facebook.com/nzfoobbt/qrpy/edrz.woff2?view=jrxs1,0
https://instagram.com/npsmagjj/wxivzno/crux.png,0
https://?action=log_promo_impression/bnzmu/dhut?sessionid996=nnveyb,1
https://cdn.shopify.com/lvnjjfog/mpj/zwkdrjvp.svg?view=b8jar,0
https://wikipedia.org/aaijb/mtxbcgv/xzbm.js?page=lbdgj,0
https://cloudflare.com/fwf/eyw,0
https://&ev=PageView&/suvw/pqdvtbq/htrscxn?utm_397=ghzknb&ref=180=esvbwe&campaign915=ajmzxo,1
https://amazon.com/stats.wp.com/*/bsej,1
https://youtube.com/yhdw/ejfawml/ncwqc/rmlk.css?id=ew8x9,0
https://reddit.com/ymnkv.svg,0
https://adobe.com/ywfwkb/ulogpf/hmjk?view=f6qpz&q=e97cy,0
https://wikipedia.org/vcgt/rndfjsl.ico,0
https://cdn.shopify.com/lao.css,0
https://facebook.com/doqgq.png?theme=dlayw,0
https://microsoft.com/dqpdh/kykaqp/ysyw.svg,0
https://instagram.com/vumr.js,0
https://reddit.com/jtxnnurb/rmdaqe/ohhwrbrh/whpp.ico?id=klqq0,0
https://youtube.com/aglt.css,0
https://cdn.shopify.com/szhj?theme=b6vyy,0
https://reddit.com/rolq/slym?q=6w3vn&view=xf3ac,0
https://adobe.com/wrzloedv/ctql/zqo/ruiufx.css,0
https://cloudflare.com/vs.gif?/dtlzanwh/uhekdrpz,1
https://facebook.com/xtclick.js/qesaqrzq/mpyrkr,1
https://microsoft.com/ecq,0
https://netflix.com/cizkj/qzkjuc/qri.jpg?q=zkqwc,0
https://cdn.shopify.com/tqmqvsws/fuceim/sdtrvpt.woff2,0
https://twitter.com/esqnm,0
https://netflix.com/uzxbydsy/ggvqp,0
https://twitter.com/eikjxx/qppfwip.ico,0
https://netflix.com/mxu/sjvajluu/wcaqs/yjaosr.woff2,0
https://cdn.shopify.com/zamciyv/ahuletyz,0
https://netflix.com/elqimg.js,1
https://microsoft.com/fingerprint.js/loqek/ikzm,1
https://?event=performance&/smewmogc/jxynoswv/uytwlrf?campaign618=ruyvyt&sessionid300=umzdoc&sessionid025=klxktb,1
https://cdn.shopify.com/gkgdknlp.png,0
https://twitter.com/dubyr.ico?view=0vzcv&theme=zu57a,0
https://cdn.shopify.com/vdqjcbu/kpaxla?page=h06hn,0
https://youtube.com/webmnr.min.js,1
https://cloudflare.com/goon/nnf.ico,0
https://facebook.com/vszqaoj/wfphtuhz.woff2,0
https://twitter.com/elt.gif?/vnouxstg/hiu,1
https://linkedin.com/pixeljs/*/yiybvw,1
https://amazon.com/xwapdel/ahacsmq/dnib/jxgyr.css?q=2kizo&page=u1fic,0
https://adobe.com/igrychmq/bznh/omt.css?theme=bzcyw&id=m4ynx,0
https://adobe.com/dtezgx/vmvk/pronpgtc,0
https://apple.com/odonju?page=62rjl,0
https://facebook.com/mam/nxvfd/abwak/zcjbwfpu.css,0
https://instagram.com/cvviat/jzjpnhh.ico,0
https://.php?tracking=/iwwj/twdez/squaf?campaign625=ukqqza&ref=188=fafvxq&ref=051=runmbm,1
https://amazon.com/rtscg/rbyof/qygj,0
https://wikipedia.org/page-view.gif?/old/camftz,1
https://google.com/diozw/gadruxvu/dczvfpmo/qnro.js,0
https://facebook.com/vvma/igm.jpg?lang=pokci&theme=odoj3,0
https://adobe.com/statscollector.min.gz.js/jqygauog,1
https://netflix.com/lvhjf.ico,0
https://instagram.com/umg-analytics.min.js,1
https://amazon.com/web-data-ingress?/hibqurd,1
https://amazon.com/rlwn/xlndup/iownfdo.css,0
https://adobe.com/nbt/fxw.svg,0
https://reddit.com/yyt/zaqiji/rzss/jvobcnch.svg,0
https://wikipedia.org/TealeafSDK.js/oxylpila/aqedm,1
https://cdn.shopify.com/piano-analytics.js/poion/wqu,1
https://amazon.com://track.*/dye/lgfyr/xnpuord,1
https://?event=performance&/uhmnzts/khrna/uuavy?campaign761=sohcwy&campaign717=germlv,1
https://netflix.com/ping.gif?/blgeou/iejiqvo,1
https://youtube.com/traffic_record.php?,1
https://netflix.com_rpc/log?/bezkzus/qknhc,1
https://amazon.com/bsuuf/umr.js,0
https://adobe.com/totc.jpg?lang=r8d1v,0
https://cdn.shopify.com/ammtm.woff2,0
https://google.com/nwfgra/dkzmu.png,0
https://reddit.com/cvxhbb/ctowjgam/cleftses,0
https://twitter.com/fbg/dgk/qvduuqs/bjibi.jpg,0
https://?event=pageview&/pceirb/equmb?sessionid298=vvjgfh&utm_885=khlffe&utm_242=xmsjxq,1
https://cloudflare.com/xacbnb,0
https://##.embed-responsive-trendmd/awekq/sxgatfc/lgqsqiqt?cid874=fdalhz&cid785=xsyeng&utm_566=parolw,1
https://adobe.com/gd_tracker_events.js,1
https://youtube.com.com/vtrack/iqouur,1
https://amazon.com/gueuiz/ivkri/zrxig/mmcoqfr.js,0
https://wikipedia.org/islnnucm/bcw.svg,0
https://cdn.shopify.com/fkfchb/fnyjid/jjt.woff2,0
https://cdn.shopify.com/nbl,0
https://wikipedia.org/awfmgbdu/eahxhfh.svg,0
https://apple.com/kwaltzt/oobo?page=iuwvr,0
https://youtube.com/abezfkk/phshkjia/takucwn/gquksa.svg,0
https://apple.com/gainit.js/advgj/emgkik,1
https://amazon.com/xvqj/oqikesd/ocrh,0
https://netflix.com/zudd/llczv.css?lang=5fprq&page=3wbht,0
https://reddit.com/iyjqfvfx.css,0
https://youtube.com/slggedpr/qhpfojbm/kfmxyxuc/zzrszk,0
https://adobe.com/aakm/ibm.css,0
https://reddit.com/azykrb.svg,0
https://wikipedia.org/beacon/metrics,1
https://netflix.com/ysaczmxs/gkf.ico,0
https://microsoft.com/opdc.js,1
https://youtube.com/byb.woff2,0
https://linkedin.com/akrizjwi/ctpuqcy/umtbnxo.png,0
https://wikipedia.org/cpduvuxg/pavig/bdngq/igsx.png,0
https://cdn.shopify.com/wugoagt/xrv/xkvzb/euzzfba,0
https://apple.com/wgjbobtu.woff2,0
https://apple.com/ping/?url=/xypjg,1
https://youtube.com/owspr/jbcpznw/mydhtme.woff2,0
https://reddit.com/tracker/event?,1
https://facebook.com/sluurpy_track.js,1
https://amazon.com/lhnhelpouttab-current.min.js/thhpi/zyeeiy,1
https://wikipedia.org/stats/api/event,1
https://instagram.com/xchvqlc/vmnjepp.jpg,0
https://adobe.com/gaFunction?/fdpdhut/xzrucwp,1
https://wikipedia.org/dnkm/aalmqmi/huawqja.js?page=52mv2,0
https://amazon.com/ilzc/ebymivga.woff2,0
https://google.com/nvgsdc/vfts/gwwcilil/fblsmfzy.js,0
https://netflix.com/rqjttawt/uhjcknnu/hqslyjq/jadukntq,0
https://cdn.shopify.com/gzbst/uoich/egzyapqb/lzlbwchu.js,0
https://instagram.com/tiymfli.svg?page=upb80,0
https://_nedstat.js/miqpoe/vfh?sessionid791=nlnjsi&ref=511=nbisie,1
https://netflix.com/wzhejx/xggj.ico?lang=kzqhz,0
https://google.com/services/pixel.html?,1
https://netflix.com/rebk/ibw.ico?page=0z6mq&view=rkoky,0
https://cdn.shopify.com/StatsPixel?/xbo,1
https://youtube.com/bodiso/peoad/ayvpmd.jpg?view=eys41,0
https://adobe.com/uaab/pucsi/fjxjc.js,0
https://apple.com/smartpixel.$domain=~smartpixel.com|~smartpixel.tv/mldx/msiocks,1
https://instagram.com/exactag.js/zmqjokqt/axy,1
https://amazon.com/pfck/osldhf/bgaqnvo,0
https://adobe.com/stats/impression/kmgdnxb,1
https://cloudflare.com/fbyklvt/ddoi.jpg,0
https://instagram.com/olrmtch.js,0
https://linkedin.com/cnurm/hadqw/kucjps.ico?view=1fr6v,0
https://adobe.com/qpt/jxlg/afjhr.ico,0
https://amazon.com/boj.js?view=wy5eb&id=goi37,0
https://netflix.com/monitus.js,1
https://youtube.com/xzepwwp/afg.png,0
https://youtube.com/rrweb.js/qkmmfdys,1
https://adobe.com/xekn/qgviu?q=k6zhe,0
https://.php?p=stats&/tyk/iqnel/jnxlabj?affiliate947=ekxitn&campaign880=qlfwgy&cid548=engmei,1
https://instagram.com/kzscr,0
https://cloudflare.com/irsxbt/ehgaced.js,0
https://linkedin.com/olhjkb/mvhou/sxtlmd.js?id=xodvz,0
https://cdn.shopify.com/yseu/hqrifgtq.png?lang=uq10j&theme=sn9sb,0
https://instagram.com/mtnfnzzt.woff2,0
https://cdn.shopify.com/qlsdciaf/rvhphmnh/aahd.png,0
https://cloudflare.com/ifoamorw/kscb.js,0
https://netflix.com/xhmjbv/oqhp.css,0
https://cdn.shopify.com/log?method=,1
https://facebook.com/bqtne/cqzwjh/omkwlp/ohkjl.jpg?id=segjf,0
https://amazon.com/kxsery/jdlntpl/qiqhjg/nufatuj,0
https://netflix.com/kibxaye/gis/klbr.ico?id=cabaw&id=oul2y,0
https://youtube.com/rehkfp.js,0
https://netflix.com/xymurzt/giwvxetf/vsgezfgf.css?q=1dwhu,0
https://wikipedia.org/gjq.ico,0
https://google.com/xdr/mphjam/sgpz,0
https://facebook.com/at.gif?/alysfnw,1
https://microsoft.com/xkuvmd/ssasyos/rnws/alvkpjps,0
https://twitter.com/oozkwvze/whffyrh/aei/zbzfkkat,0
https://?action=event&/rypa/rzizlf/bzz?cid595=fnbmks&ref=342=zycsay,1
https://google.com/fsrscripts/triggerParams.js,1
https://instagram.com/dohkvwc/rlrcfxqj/gbe/fgpzsbc.ico?page=z1mhz,0
https://apple.com/snowplow_$script/tuyikja,1
https://youtube.com/vgln.css,0
https://apple.com/quggr/agvfpmme/tlex.svg?page=ks3et&theme=27k0v,0
https://instagram.com/wzph.png?theme=zzj06&view=sv6sk,0
https://reddit.com/pcyzdk/kxptzbm.js,0
https://apple.com/pskhx/abd/nrf/qgjpnwz.jpg,0
https://wikipedia.org/alyso/qbipgltd/bkdtvnm.svg,0
https://twitter.com/extnka/kupmq/xgxpkft.jpg,0
https://instagram.com/wdtbai/equha/jgz/xmmsfyaa?page=ebca3&theme=nqq9w,0
https://youtube.com/iney/xff/gtacxd.ico,0
https://amazon.com/ooyifb/faxtg/drdodqyx.css,0
https://apple.com/kcq/shgnkpaq/mzchpi/cvm.png,0
https://instagram.com/googleTracker.js,1
https://amazon.com/adstat.js/gsgjms,1
https://cdn.shopify.com/wypsc/zxdjut,0
https://netflix.com/tracking/trackpageview/eejgs/eeihafrg,1
https://wikipedia.org/pcnruhz/dglc/tttkzzav.css?theme=b1io6,0
https://twitter.com/id?d_visid_/pafov,1
https://apple.com/f.gif?/pudnp,1
https://reddit.com/lfjl/wqbdd/zzmmonu/zjikt.css,0
https://twitter.com/hnkm/mgjfgn/cmpvm.png?theme=l4o8f&q=0179g,0
https://adobe.com/ihhnmp/woyk/qbm.png,0
https://google.com/ahgbfrnp/zpgjuj.png,0
https://apple.com/qaju/busdjip.jpg?view=6r0d3&id=dwyvw,0
https://netflix.com/segment/api/*,1
https://-scroll-tracker.js/tsgwe/zumniao?ref=300=qthcjt&affiliate014=bztoye,1
https://cdn.shopify.com/wojwcp/hcq.woff2,0
https://cloudflare.com/wmkiaeq.jpg,0
https://amazon.com/nmmju?theme=6p9ew&theme=jmwy4,0
https://.php?tracking=/wknokhqr/uotr?sessionid162=cwzoaj,1
https://adobe.com/ojemzqs/wymt/pghsal/rte,0
https://&l=dataLayer&cx=c/etb?ref=299=grzbyj&cid578=dldttj,1
https://google.com/ga2.js/nsxwg/jlbozlx,1
https://reddit.com/qmsitmap/ztqaadu.png?q=g50q6,0
https://twitter.com/kdfusi/tdfvbl/kwycjf.woff2,0
https://microsoft.com/cgi-bin/CP/*/pkhugiq/jfrle,1
https://youtube.com/bonl/xamtyap.jpg,0
https://amazon.com/counter.js.php,1
https://twitter.com/blkob.svg,0
https://netflix.com/visit/log.js?,1
https://amazon.com/digazwg/yuutbldq/amlptm.js,0
https://netflix.com/uofc.ico,0
https://twitter.com/cpc/aqkc/kanionzw/kdvihho.jpg?view=wl18i&view=5howj,0
https://adobe.com/mlli/cscorxtg/quy/shnlszc.ico?theme=9aye2,0
https://microsoft.com/huke/ffgsmv/okojjh/lxmhdn,0
https://netflix.com/cgpvfzz/iun.png?id=ryb8e,0
https://instagram.com/dvcc/vggusoze/efp,0
https://twitter.com/vskkn.css,0
https://facebook.com/fp/check.js/yidloeop/ytuusuat,1
https://instagram.com/ugrhztif.svg?view=jaawa,0
https://adobe.com/somtag/logs/*/yximr,1
https://cdn.shopify.com/tracking.jsp?sid=/dlnrbqb/xgrxbpbn,1
https://youtube.com/bds?view=nkv0m,0
https://twitter.com/stqfor/xrlriaug,0
https://microsoft.com/jqnaxwfq/jbaxjmfi/imvegrvd/khbq.ico?lang=6x588&view=qskbe,0
https://facebook.com/tracking/universalJSRequest.php,1
https://apple.com/logcollect.js,1
https://?[AQB]&ndh=1&t=/oeeumbwz/qhlflhcw/mmctztqd?sessionid247=efodxu&affiliate130=kipmzr,1
https://netflix.com/crypta.js/orryrjb/unv,1
https://google.com/nelro.woff2,0
https://apple.com/nmythr/drj/kzdhns/rdb.svg,0
https://google.com/elgv/trpbwuhf.ico,0
https://apple.com/xbf/jzzejw/mqsp.css,0
https://apple.com/j.gif?,1
https://adobe.com/yaa?view=hgm43,0
https://adobe.com/tgurvwdm/hsruky/yvqzr/ydeqkqnd.png,0
https://linkedin.com/cpvkd/ktu.woff2,0
https://reddit.com/zkhi.woff2,0
https://&EventType=Impression&/flum/wedgn/qeid?utm_113=gibzjm&sessionid479=qimicl&campaign631=gnqelu,1
https://adobe.com/zhimweur/dzcksfvx/hzc.js,0
https://microsoft.com/stats.wp.com/*/okskmfgr,1
https://reddit.com/dfragjgm/mnrm/zrfwdief.jpg?page=fvh6c&view=u8qph,0
https://facebook.com/ubz.woff2?lang=7zazo&theme=h4mk4,0
https://twitter.com/global_analytics/s_code.js/nlmhgzca,1
https://wikipedia.org/usage/ReportEvent?/cxnbhvgu,1
https://?event=performancelogger:/ppsx/nfulm?affiliate243=yalczf,1
https://adobe.com/statistics/visit?id=/nbvcr,1
https://cloudflare.com/kivqu/erudnfk.woff2,0
https://reddit.com/CreateAnalytics.js/npig,1
https://?[AQB]&ndh=1&t=/ngmsjkj/gmu/fjkzr?affiliate892=cfcdey,1
https://instagram.com/parsely.js,1
https://amazon.com.com/counter?,1
https://netflix.com/sync.gif?partner_/urts,1
https://facebook.com/lwp/bnyg/ieu/rtafzyxx.ico,0
https://facebook.com/uokcgnx/pntw/frwlvpzh/pohu.woff2,0
https://_social_tracking.js/komwlwt/vii/jhqzxl?campaign007=sxjdqa,1
https://apple.com/w.gif?,1
https://instagram.com/bkrip/eqzoq?id=sy39z,0
https://instagram.com/fsb/gkgnw,0
https://facebook.com/Tracking?id=,1
https://microsoft.com/api/internal/pixel?/bxrruwc/vblxen,1
https://cloudflare.com/sdpnsdo/rddkbfd?q=k7kh8&view=h9ckn,0
https://adobe.com/qlq/pndr.js,0
https://wikipedia.org/rbx/msqe/myexpqxd?theme=n8per&view=9uz8y,0
https://netflix.com/rbwmyyd/isghwap.woff2?page=llqmy,0
https://youtube.com/monsido.js,1
https://wikipedia.org/criteo.$domain=~criteo.blotout.io|~criteo.github.io|~criteo.investorroom.com,1
https://reddit.com/zciovwxn,0
https://reddit.com/wkznibkr/tgvnk/taxtajh/stgavomy.js?id=fpani,0
https://linkedin.com/PvCountUp.action/uoplqyd,1
https://wikipedia.org/wmfe/apldmi/zwju,0
https://instagram.com/mxrfuklm/bwwwfzz/fzrzlwc,0
https://youtube.com/rel,0
https://apple.com/hftfs,0
https://adobe.com/qzssqnkj/jkratd/yxqgk,0
https://youtube.com/TrackingPixel/*,1
https://wikipedia.org/lnuzeo/lbtwp.js?lang=pynee,0
https://cdn.shopify.com/djnur.png,0
https://netflix.com/bjdkymz/hyo/tgvj/hrkoi.ico?view=11k2z,0
https://amazon.com/ktnlbbg/mpv.woff2,0
https://&pagegroup=*&url=$script/buc/xzmbubs/okgsizn?sessionid972=xmnpxu,1
https://?log=player_*&stats_tkn=/whvqn?cid846=zheglc&utm_187=upoixv,1
https://instagram.com/linktrack.js,1
https://adobe.com/dbwhowp/tzcs/hghhek/ervdgncv.woff2,0
https://reddit.com/visitcounter.do/repxuyt,1
https://twitter.com/kwg,0
https://reddit.com/yhvxgm/xeba.css,0
https://microsoft.com/ejm/eiedine?q=ap433&id=uezu3,0
https://google.com/hsb?lang=h8gaw,0
https://facebook.com/logImpressions?/wjfm/ppowk,1
https://wikipedia.org/stats.wp.com/*/ktmk/miciy,1
https://apple.com/blcdjux/dplvzlgg/exmsofr.ico,0
https://apple.com/ssle/bkbcsyuk.js?lang=q4s48&view=51jaz,0
https://instagram.com/UniqueUserVisit?/xszbiaxy,1
https://linkedin.com/hbh/sfk.jpg,0
https://facebook.com/visitor_info?/mkih,1
https://youtube.com/gaFunction?/vldrf,1
https://adobe.com/printpixel.js/kmflet,1
https://linkedin.com/egyryuis/ezlyedkl,0
https://youtube.com/xxbljw.ico,0
https://.stats?action=/gqv/vteawso/wibbedb?campaign032=kjqnvi,1
https://wikipedia.org/hksyamik/guq/utth.woff2,0
https://_WebVitalsReporter_/bqjftbx/twmyey/pjvw?cid001=vdsqss&ref=960=rytrhy&utm_329=ivoozt,1
https://apple.com/unkz/dsq/flveigj/fpnjqwlm.svg,0
https://wikipedia.org/ypcyxkvq.css?page=cq93l&lang=b4ra0,0
https://apple.com/ebw.png,0
https://facebook.com/rgqpjydw/srv?q=0lekg&page=ekru5,0
https://microsoft.com/statistics/visit?id=,1
https://adobe.com/bsum/ewjypxul/tpfwlhw/vcfpyf.svg,0
https://?action=track_visitor&/cvdpe?utm_264=gmxany&sessionid144=smfxnx&cid850=jctvwk,1
https://facebook.com/fbpix-events-,1
https://cdn.shopify.com/goAnalytics.js/xgpjm/kuvyzc,1
https://linkedin.com/bnjaw/jsnjzb.png,0
https://twitter.com/zwaxvhyn,0
https://-didomi.js/yazeijo/frraxk?ref=351=sfmgre&affiliate487=enzycn,1
https://instagram.com/hzbxamh/jxxmlo/oxqdcm.woff2,0
https://google.com/qbx/xmzvisj/gso/baduywjx.css?lang=7uwbr,0
https://reddit.com/znhx/zynv/idjtm/qmzlqi.ico,0
https://.v4.analytics./ycwk/azh?cid837=pwmoia&cid933=bdcefn&sessionid059=oothxs,1
https://cdn.shopify.com/urxgjoiz/puiuc/ygp.css,0
https://adobe.com/_/_/logClientError/*/gbyvxeni,1
https://cdn.shopify.com/tracking/log.php?,1
https://microsoft.com/track/statistic/*,1
https://wikipedia.org/log/init?/zkisyuau/ofdpvvuf,1
https://?log_performance_metrics/zjmkmxoe?ref=463=bbrzsj,1
https://?logType=trackEvent&/psh/srhkzim/dgjpc?campaign813=sbrlft&affiliate813=sruzqr&sessionid634=qsrpan,1
https://instagram.com/wyujlv/vqu/ocnsnnp/okorleis,0
https://adobe.com/sjeptndq/bjyy/pzre/jxzmywdz.svg,0
https://youtube.com/jxcadmtr/ybzz.jpg?lang=rcrhe&view=mh5ww,0
https://youtube.com/vfn/xjllnzna/mtwwcyo.ico?view=qvztx&page=7rxru,0
https://adobe.com/px.gif?,1
https://linkedin.com/elk/gmk.js,0
https://twitter.com/logclick.js/naybq,1
https://wikipedia.org/qokyz/xlkt.css?lang=9bncl&theme=incsp,0
https://adobe.com/ystg/fsoihx/orzvdpk/kmgfyml.jpg,0
https://apple.com/ohu/gffmyi/udrdeevh/iirc,0
https://linkedin.com/cgi-bin/count.pl?/zrkrmj/gzuvjww,1
https://instagram.com/clegtpg/rdekuroc.jpg?theme=dqb42&lang=vh6ec,0
https://&EventType=DataDealImpression&/mcr/nhs?utm_307=teecrk&utm_535=elhioe,1
https://twitter.com/okocbt/xinu.woff2,0
https://apple.com/vnqday/ndnk.jpg,0
https://cloudflare.com/eshqpq/mtfvjg/cokdnfkp.svg,0
https://adobe.com/iewkiqfq/bpckour/hqqmcwm/exmme?theme=xwgxg,0
https://cloudflare.com/zhtqh/vpg/cjvyg/emy.js?lang=gijnr&id=8ihvz,0
https://amazon.com/ecap.min.js/odwo/kvj,1
https://youtube.com/iowdlx.jpg,0
https://youtube.com/lsipfkv/qhrigapw/gasuhyp/bbji?q=4i4tz,0
https://twitter.com/fewewrts/jasczd/mwa.svg?id=f2zg6&id=5sdd0,0
https://reddit.com/dby/ajznw/ngzxtw?lang=eenkn&lang=csnej,0
https://adobe.com/mmcore.js/stvssax,1
https://apple.com/ncw/gurvn/ytxrahn/izxy.jpg?id=g4k3t,0
https://cloudflare.com/branchMetrics.js/garecv/ygikol,1
https://cdn.shopify.com/jraxw/cjr/aztlu.js,0
https://?event=performancelogger:/thg?ref=480=vmouep&campaign790=whujjf&cid722=mwvoct,1
https://adobe.com/nkwrt/krmd.png,0
https://reddit.com/lnagqht,0
https://microsoft.com/tysk/gchucv.svg,0
https://adobe.com/mms.*/pv?,1
https://wikipedia.org/sdbmihx,0
https://microsoft.com/xqyoobmj/qhjsydvu.png,0
https://cloudflare.com/nzf/qku/nfq/twbhuid.ico,0
https://apple.com/vgvhkec/utw/ykobvmv.woff2?id=wwqfp&page=fen1y,0
https://netflix.com/las.js,0
https://google.com/nsr/gkyuhit/rqcsaxae.js?q=kzg2p&theme=sl7w3,0
https://amazon.com/fag/hlvb/upjnr/avmh.jpg,0
https://google.com/xjly/tfbkzhq/qxethvqc.css?id=v9214&q=4cvic,0
https://wikipedia.org/ntpagetag.gif/rflruvi/zovjbjd,1
https://wikipedia.org/log_stats.php?/dyhcub/lpes,1
https://amazon.com/leedgv.css,0
https://linkedin.com/srshqujf/tsdqmafe/ablf/jokd.ico,0
https://youtube.com/zaobfbcn/awlq/egebzekc,0
https://google.com/c.gif?/dnbynb/joqsckcu,1
https://microsoft.com/dsg/trf/yuolf/lruao?view=0f7lr,0
https://cdn.shopify.com/yzn/cqh,0
https://facebook.com/unuwhes/xlaco/qfhisgnw/aebersv.woff2,0
https://twitter.com/ctwry/jchgtoyt.svg,0
https://cloudflare.com/webtrack.js/haoqegpb/jde,1
https://instagram.com/jok/npe.png?view=5nfsw&id=isyk5,0
https://cloudflare.com/sibkqghm/jqesbzc/brrzeaos/zcrdsld.ico,0
https://instagram.com/qjwu/nle/tbhqh/uwkcez.svg,0
https://twitter.com/ggts/flm/fduziu/hqoxrarr.svg,0
https://twitter.com/track-event.js/qbqnw,1
https://microsoft.com/gfsukhgl/qbcc/vtedgvg,0
https://wikipedia.org/amp-access/cta?,1
https://microsoft.com/vyg/phw/sdncrl/txgoroao.ico,0
https://cdn.shopify.com/openpixel.js,1
https://instagram.com/coinimp-cache/*,1
https://google.com/gwkbsab/myxg,0
https://cdn.shopify.com/vynpw.js?theme=3myo6&id=nvxfl,0
https://instagram.com/sTrackStats.js/ynr,1
https://linkedin.com/krrktrdf.woff2,0
https://instagram.com/uutils.fcg?,1
https://twitter.com/pwaocx/mhwv/stsigdsk/end,0
https://adobe.com/abumru.ico?theme=huty9&page=vxq7y,0
https://linkedin.com/ezais/analytics?/aldzkvuh/ifqoo,1
https://apple.com/logging/ClientEvent/pnk,1
https://google.com/fjky.jpg,0
https://apple.com/writelog.js,1
https://twitter.com/fmxa/kntqjb.css,0
https://apple.com/set_tracking.js/fbwawar,1
https://cdn.shopify.com/uhtmd?page=d2jfs,0
https://cdn.shopify.com/wazc/wlbqerow.png,0
https://twitter.com/clickscript.js/wbsw/fzntisoi,1
https://cdn.shopify.com://backstory.ebay./hnaz/qwmd,1
https://twitter.com/dwqv/ufzgvfpr,0
https://google.com/loganalyticsevent?/xvkceoe/zmabrt,1
https://wikipedia.org/logr/lhmz/dnvl.css?theme=tz2kn&theme=me7z3,0
https://amazon.com/analytics.js/v1/*/mvn/qkf,1
https://cloudflare.com/seed.gif?,1
https://twitter.com/tmbxmp.svg,0
https://reddit.com/census/RecordHit/mqcoyynj,1
https://facebook.com/zhspbnub.png?id=1711p,0
https://google.com/cvxvfrq.jpg?view=y71dg,0
https://google.com/bf.gif?ac=/obmjnvod,1
https://youtube.com/cowz/wzrccze/gamwiktc/lpb.woff2,0
https://.v4.analytics./colnbd/qynyn/vyrrn?campaign363=xfdpqk,1
https://reddit.com/dphw/aktp/lpkoyfhc/srvx.js,0
https://wikipedia.org/dhepgq,0
https://apple.com/oaolk/fwwz.svg?id=zkupc,0
https://amazon.com/xqemybv/hisddlyf/rxtznvhm.ico,0
https://?action=log_promo_impression/tkzlw/jktk?cid509=mzfvtz&affiliate542=rnhrce,1
https://cloudflare.com/logging/pageView/lub,1
https://adobe.com/onhv/mfwfjjte?lang=ljr8f,0
https://instagram.com/log_stats.php?/dmke,1
https://facebook.com/uhvek/uyygs/bxwkmd/fssp.js,0
https://facebook.com/qgcm/wvwlcl/pvdzpmoa/wqmogr.ico,0
https://google.com/odut/hacaeb/mmhz.svg,0
https://facebook.com/efl/prbsk/roblam,0
https://youtube.com/.webscale/rum?/ohvmnev,1
https://microsoft.com/pageview?user_guid=,1
https://microsoft.com/dibgw/xyw/spyjcf.svg,0
https://twitter.com/qlpvqbns/aevijhf/babqkhe.css?page=7we67,0
https://adobe.com/naeqotr/nuyxqsg/pdkpyst/yah.png,0
https://?event=log&/jtmuruht/pmoandq?ref=679=vuwfvc&cid986=pzdmid,1
https://cloudflare.com/blk/kxql/qqmnyxh.js,0
https://netflix.com/sunsynst/ogxdlwnb/xdkcl,0
https://reddit.com/tsdgy/ivpzkg/okdyj/sua.ico,0
https://cloudflare.com/cqim/aury/reutv/bhrl.js,0
https://reddit.com/mlqhwfb/hyqwapso/wghfwiyq/cbrrx?id=7ltcb&view=ol2zh,0
https://twitter.com/plausible.outbound-links.js$domain=~plausible.io,1
https://instagram.com/rudder-analytics.js/atcryfkh,1
https://google.com/adobe/VideoHeartbeat.,1
https://microsoft.com/iozjby/bmyr/ieh.png,0
https://cdn.shopify.com/trk.*/open?$image,1
https://microsoft.com/ixuyx/kbz?view=x1259,0
https://cdn.shopify.com/counter_access.php/icgx/dvfh,1
https://apple.com/zmvkgicp/xurkjqz/wjtschdt.jpg,0
https://google.com/ubnvg,0
https://amazon.com/ychyg/qdtiz.svg,0
https://amazon.com/wmzpbrp.ico,0
https://microsoft.com/yht/msjl/ulam,0
https://apple.com/usuo.jpg,0
https://reddit.com/btpawji.svg,0
https://linkedin.com/hjqjcldb/zbxx/zkirauxt/mrbrpwi.woff2?theme=3mlgt,0
https://cdn.shopify.com/tas/eiwcwvqy/znghipxk.jpg?view=ua9lg,0
https://reddit.com/xsne/fmxy/njy/ayhic,0
https://cdn.shopify.com/fkwink/zpif/wgavmmk/pikiacoo.woff2?q=90roy,0
https://amazon.com/koeikeq/opnobck/scoungl.jpg,0
https://cdn.shopify.com/nco/uauvz.woff2?q=2w8aa,0
https://microsoft.com/stats/search-log/zllhxpvx/xxg,1
https://microsoft.com/lyricnz,0
https://amazon.com/srbhgvef/nvc.jpg,0
https://twitter.com/oszltzeu.js,0
https://apple.com/kgxx.png,0
https://cloudflare.com/aiuovmr/sygk/kxs/tfhedff,0
https://twitter.com/linktrack.js,1
https://cloudflare.com/attpro/a?/jhgxfyuj/utl,1
https://netflix.com/dhlv/dpyu?lang=6f8au&id=559t5,0
https://adobe.com/vsmfwr/yyxtlx/xopx/cylqtwcx.woff2,0
https://microsoft.com/tdmwvfs,0
https://twitter.com/visit/record.gif?/dsh/xtglf,1
https://cdn.shopify.com/psjzgltf/xeqxyi.ico,0
https://youtube.com/hnrkavpk,0
https://google.com/rqwgrhcy/pvxw.ico?theme=nv0lx,0
https://twitter.com/usub/mxhuda/skkyru.js,0
https://adobe.com/qxiiin/xlcfpp,0
https://facebook.com/qvmkhur/vyfhb.css,0
https://apple.com/mhuddc/idfajqqi/ytdinei/ixxfyhia,0
https://amazon.com/wvyrm.png?page=az7x0,0
https://amazon.com/gymcj/sfzplji,0
https://cloudflare.com/utob/dnocis.png?q=y6es0,0
https://netflix.com/base/es6/bundle.js/enk/qbecjdon,1
https://adobe.com/tkj,0
https://apple.com/wp-rocket/assets/js/lcp-beacon.,1
https://amazon.com/kuqa.woff2?q=htk2x&page=pvyj6,0
https://facebook.com/xkoouge/luwzxer.ico?theme=2fl3n,0
https://twitter.com/gnbi/qboh/ogiu/qrohqxrl?page=o85rr&page=8lab4,0
https://reddit.com/yjzfnf,0
https://wikipedia.org/track/identity?/ptio,1
https://netflix.com/glbr/fzczhzi/erhxrhms/tdzylop,0
https://apple.com/kontera.js/ouasvai/klmyeca,1
https://google.com/cgi-bin/ivw/*,1
https://_beacon?/nipltr/gkgv?utm_610=pxkhec,1
https://adobe.com/obaxjdoa/gmpyaqb/rue.ico,0
https://youtube.com/ugr/qcqetur/axe/xbw.png,0
https://wikipedia.org/bwermn/izn/ppqhcug/nbm.jpg,0
https://cdn.shopify.com/smjz/waruqwx.js,0
https://twitter.com/api/drpStats/vbgpwsc,1
https://microsoft.com/ogslur/emlzoknx/jszpe.png,0
https://adobe.com/kinn/delx.woff2,0
https://amazon.com/dro/ofaizbnw/isxqr/rwskcip.woff2,0
https://amazon.com/fkounter/counter.js,1
https://reddit.com/fmqjbeqz/fcwqyxbt/dxofo/brh.js?q=ene67,0
https://instagram.com/track/statistic/*/xhtp/awwt,1
https://facebook.com/pmtxvqy/opzy/uoovfas.png?q=bc9bi&page=y252w,0
https://cloudflare.com/ybwfz/crhw/qlcxjt.jpg?theme=pgzvi,0
https://reddit.com/yml/svcdlub/saheov/kdpjlv?q=1g1ob&q=0m4e7,0
https://reddit.com/swell-ct-ad-data/gryo/jnuzn,1
https://amazon.com/plugins/userinfo.gif?/fbnh,1
https://apple.com/udyooby/qkgdtrcp/yrxwngvy/goadytif.js?theme=0284p&q=2abbh,0
https://cloudflare.com/fprnt.min.js,1
https://facebook.com/nkemb?view=r2sx2,0
https://apple.com/AccessCounter/index.cgi?,1
https://apple.com/bjd/abvg/mkmq.js?id=8jxp0,0
https://linkedin.com/nibhwl/wlz/luygrty/psxy.ico,0
https://reddit.com/szb/knp.png?id=kuvyl&id=za93x,0
https://microsoft.com/smq/ysmqrmvj?lang=iy13t,0
https://netflix.com/0c.gif?/kxopiqai,1
https://?event=pageview&/xkra/fbpeylv/lcn?ref=196=phavfz&utm_168=ccxnrw,1
https://microsoft.com/nszavq/dbtgt/biwmrw.ico?lang=2tt2y,0
https://microsoft.com/amp.gif?/vbh/hskqo,1
https://linkedin.com/mdvz/vluny.jpg,0
https://cloudflare.com/qfjtgzg/qpoul/ejnzaszo/yspqj.woff2?page=axujp,0
https://microsoft.com/ezosu/qfqhpl.jpg,0
https://twitter.com/googleana.js/yjwcnwj,1
https://linkedin.com/nhrxyfq/pfdnnca/shrqbqk.ico?theme=hvbh6,0
https://facebook.com/wcpcu/kbfxyxfd.svg?theme=5lylf&theme=h66cz,0
https://wikipedia.org/ogofrbh?lang=597g6,0
https://apple.com/koko-analytics/assets/dist/js/*script.js/tkeofdvg,1
https://instagram.com/yoeluj/jopio.svg,0
https://?event=pageview&/leznz/bgtx/wimh?sessionid798=szmgvr&cid228=bqiwks&sessionid467=eaptyi,1
https://wikipedia.org/bsf/pvpujjjc.ico,0
https://.php?tracking=/fotsvg?affiliate255=vqaydo,1
https://apple.com/denoib.svg,0
https://google.com/owa.tracker-combined-min.js/smlhbsi/iuujbw,1
https://instagram.com/csdg/cib/cbp,0
https://twitter.com/giuey?view=ihrsi&view=qipgg,0
https://cloudflare.com/iwciwoxc/hshc.svg,0
https://youtube.com/jtx/hqto/ldscv.js,0
https://amazon.com/google_tag/*/hdaas,1
https://reddit.com/mjmirent/pmjwnwx/xvnu/fmszolo.js?view=2tysp&lang=7wq1z,0
https://_imp?Log=/pnra?utm_607=vafxhj,1
https://youtube.com/hgifg/ytgsigr/htl.js,0
https://amazon.com/mocdlpc/noxahiqc/fcnrqg/tgiqja.svg?q=w0uk4&id=bb8u5,0
https://youtube.com/dataunlocker-prod.js,1
https://adobe.com/egkcv/ttz/njrsun/xuvkzdbu.svg?lang=82s3d&lang=1wgpv,0
https://apple.com/dlmcv.js,0
https://microsoft.com/KenticoActivityLogger/Logger.js,1
https://amazon.com/cqqjvro.svg,0
https://twitter.com/log?tag=,1
https://amazon.com/wglwr/tmlhw.ico,0
https://cloudflare.com/mybhtl/nqo,0
https://cloudflare.com/qcvyvo/xhcrncq/fnak/yex.png,0
https://facebook.com/jydhwobe/ijcml/zyarucv/wdxxj,0
https://google.com/drfbxp/gzozameq?id=98b84,0
https://apple.com/ldd/yjzwsm/wvvwj/qwgc.jpg,0
https://?log_performance_metrics/pipv?utm_299=hwgnnx&sessionid136=cgdgws&ref=591=covoyp,1
https://reddit.com/gslx/jtolgo.js?page=ler97&theme=sjijc,0
https://netflix.com/webtrekk_mediaTracking.min.js/mollpt/onig,1
https://netflix.com/pvnoju.js/tnv,1
https://linkedin.com/wp-js/analytics.js/qjfqwjny/ztdqkw,1
https://microsoft.com/bwrifb/xhrsrp?lang=p17bu&lang=rtubb,0
https://wikipedia.org/nsynbh/lnh,0
https://instagram.com/visitor.min.js/upoeupnv/mzt,1
https://google.com/err/js/?url=,1
https://facebook.com/icm/jaulvcsx/hbpqu/oatri,0
https://wikipedia.org/mvao/qryiha,0
https://cloudflare.com/trackit.php?/tjejlf/vpq,1
https://adobe.com/jqjwuv/icn/zzv.woff2,0
https://.php?p=stats&/cuesznp/pqknl/pkpaii?campaign901=erpgge&affiliate170=dqkrye,1
https://amazon.com/whtcwl/eeadt/bvtu/bauh.css,0
https://adobe.com/rgoex/ycxbmo.js?page=81v5v&theme=e6wb5,0
https://youtube.com/ajokbruq/avxxglsb/chkbfjl/doo,0
https://_social_tracking.js/wfyqqxvr/fwd?cid267=qoescr,1
https://google.com/dvervdz/xcorwpmv.svg,0
https://cdn.shopify.com/xcx/nswsz.js?lang=ci22n&theme=7fqag,0
https://wikipedia.org/juqnp.svg,0
https://&EventType=Impression&/quby?campaign689=wmeqsb&utm_748=tylvop&ref=175=fhnmjf,1
https://twitter.com/yfqpdlv/vmsdu/mljr.jpg,0
https://amazon.com/zeabkrg/xltpnzg.ico,0
https://reddit.com/jsso,0
https://amazon.com/track/client-event/*,1
https://_event_tracking?/qcvlmg/arlgffm/sjrljfq?ref=809=lpsceq,1
https://facebook.com/rahl/cvckem.jpg?q=znt5g,0
https://cloudflare.com/kipg/izhpebq.svg?page=s9mbp&lang=97737,0
https://wikipedia.org/InsightTrk/guuidSkeleton.do?/gclog/kesjbt,1
https://cloudflare.com/pbb.ico,0
https://netflix.com/gigyaGAIntegration.js,1
https://wikipedia.org/nvdh?q=xd7qq,0
https://wikipedia.org/dow_analytics.js/sls,1
https://instagram.com/lmfhyry/umy/vqnht/gtvdjaxy.woff2?theme=qwr3f,0
https://facebook.com/hockeystack.min.js/ykpsin,1
https://youtube.com/lzgz/rnszbsk/zijke.js?theme=0srs3&q=5ulcd,0
https://?action=log_promo_impression/zfynnvm?ref=594=kqjjbv,1
https://amazon.com/rogkgev/prt/wwxxbsla/ogvel,0
https://cloudflare.com/rdxm.png,0
https://twitter.com/gcma/bxav/apns,0
https://amazon.com/detm-container-hdr.js/jhfsibx,1
https://netflix.com/ghe?page=xnu09,0
https://twitter.com/xfxtmes.png,0
https://instagram.com/aarf/afvnffhq.png,0
https://wikipedia.org/yhmo.woff2,0
https://facebook.com/video_count.php?/jjrx,1
https://cdn.shopify.com/ympzfa/mnaeyv.jpg,0
https://facebook.com/fwu?id=a27ss&view=gtw8d,0
https://cdn.shopify.com/prvdz/ivrc/tlfgsicw.ico,0
https://wikipedia.org/pcfpmy/tpgvuyg/hfq/oly,0
https://apple.com/xka/gookvqd/rcpog/wialmdr?theme=x3w0t&theme=9wxk6,0
https://wikipedia.org/dsjnduah.ico,0
https://netflix.com/track-pixel./sfe/wftw,1
https://amazon.com/nmjvmem.woff2,0
https://netflix.com/ohiq.js?theme=wgjjw&lang=13r4s,0
https://facebook.com/dhjfadm/jbqe,0
https://twitter.com/webstatistics.php?,1
https://twitter.com/lrkfuwl/oeouuuz/kfsjw/hunulve.svg,0
https://microsoft.com/stats/lookup?/wez/axgnjpwx,1
https://microsoft.com/googleana.js/ceyjmeak,1
https://adobe.com/tracking.jsp?sid=/dioce,1
https://google.com/vywjnai.ico?lang=1i5c1&view=74ygt,0
https://netflix.com/AIT_Analytics.js/qjhs,1
https://instagram.com/zexo/tjnjjkor/pzr/fyz.js,0
https://twitter.com/rruzo/fpzowh/dhekisyz,0
https://?statify_referrer=/xccrdoyi/ccvrjp/nffrxl?utm_532=gsdwxb,1
https://instagram.com/benchmarketingsmarttag/get?/agczoof/eppt,1
https://reddit.com/jni/cnd/uaqsbcjg/lgj.js,0
https://wikipedia.org/cog/rsryn/hrfhgpgv/cnbg.js,0
https://instagram.com/trz/hdwxesl,0
https://google.com/okrebgt.woff2,0
https://google.com/myu/mwnxu.js,0
https://reddit.com/mlaeqy/rlpx/oxstxqj/nojco,0
https://amazon.com/rkc/cylwy/jrqfpujo.png?page=nduwm,0
https://wikipedia.org/wov,0
https://adobe.com/wvilxfj/eotd/vurymelw.jpg,0
https://.php?tracking=/zknjbok/alphktnn?affiliate665=hrecok&cid977=tfqyyn&ref=369=mxxwfu,1
https://reddit.com/cvbp.ico,0
https://microsoft.com/googleAnal.js/ekgb,1
https://linkedin.com/fokartg/nrnfb?id=lvj0f,0
https://amazon.com/frgqqe/rvohlxss/nus/byjgrtin.svg,0
https://microsoft.com/track-pixel./gyd/rmjo,1
https://apple.com/egn/cqymd/aazjk/vdfynzjv.png?page=y5gfu,0
https://twitter.com/bvrd,0
https://cloudflare.com/azi/vaqdruc/jywlxp.woff2?theme=ru3ll&view=2f03u,0
https://youtube.com/rpqnywc/qasgz/svpmakrz/iaxeha.ico,0
https://adobe.com/iasbs,0
https://youtube.com/aztracker.js/mvxdpot,1
https://google.com/video.counters./xtjzwm/uocdmt,1
https://reddit.com/nsa.js,0
https://microsoft.com/moez/tcuhilxw,0
https://microsoft.com/lasso-ga.js/vtw/aihvt,1
https://youtube.com/hbaytoyz/livjjdf/mwuurrez.js,0
https://cdn.shopify.com/cnvtr.js/pbvnswzm/qidcki,1
https://twitter.com/nju.css,0
https://adobe.com/hobpzpt/jotzhbpu.png,0
https://-geoIP.js/boghxlxt/xmqhqwu/vtbjbk?ref=273=gsydee,1
https://microsoft.com/arn/aiayer/otazpcfv,0
https://amazon.com/recommendtrack?/kvp/ujqlgtys,1
https://google.com/cmp3.js/rckzag/tqi,1
https://reddit.com/xqedus?id=0sb0j&page=z7ohy,0
https://instagram.com/slldqvi.woff2,0
https://_c.gif?c=/iyljv?sessionid140=xsezlp,1
https://wikipedia.org/vkebat/vgwmyb,0
https://netflix.com/wmi/jobrnoag,0
https://apple.com/rqei/yne.jpg,0
https://facebook.com/ocekggpv/oebady/urlg/ppdezf.svg,0
https://apple.com/cohesion-latest.min.js/cano,1
https://netflix.com/stat?track=/rwmphawf,1
https://twitter.com/qks/eyhnns.css?lang=hkt3h,0
https://facebook.com/bfzj/sofbd/wdglzqvw.woff2?id=94obe,0
https://microsoft.com/cnvncomn/dysy/poixahx.png?view=38i74&q=398yc,0
https://facebook.com/sttvmg/cjfp/qmry/plpif.ico?view=90ih6&q=z772i,0
https://facebook.com/bofjsox/txnyqslk/ipeoko/qukqy.png,0
https://apple.com/tsxoks/rpn/hevwuieq.woff2?lang=syco9&view=rh82a,0
https://.sharecounter.$third-party/hfem?utm_495=wmxgzi&utm_407=spvmhm&utm_353=ehmcni,1
https://twitter.com/usvo/olmvn/fpe/trvbip.ico,0
https://facebook.com/stats?aid=/uyrhbdob,1
https://amazon.com/zpahwc?view=0upoj,0
https://linkedin.com/ga.php?$image/rhhrf,1
https://facebook.com/jamnv/rcddyf/uuyov/xwsf.svg,0
https://apple.com/elkbri/ynijcaj/sssqa/cfep.jpg,0
https://amazon.com/evergage.min.js/nfyqo,1
https://linkedin.com/tduv,0
https://instagram.com/magento/page-visit?/dahguk/jvzt,1
https://microsoft.com/qwxoxybs/uogkqf/eqy/jshzi.woff2?lang=dwbs3&view=8dpw1,0
https://apple.com/ltermqi,0
https://wikipedia.org/imkwy/sxta/ciinxyau,0
https://cloudflare.com/legyyz/jlk/fxpsa.js,0
https://facebook.com/wp-statistics-tracker.min.js,1
https://instagram.com/jdt/lqtbwr/klc.svg,0
https://wikipedia.org/awstats_misc_tracker/yzystqz,1
https://amazon.com/imp2.js?/havn/irf,1
https://facebook.com/puoe/lycgx/mafzk/suuh?lang=1wo21&theme=p5kk0,0
https://.php?p=stats&/usrbtwv/bmgzf?campaign846=fsggjw&utm_498=wpfctk,1
https://wikipedia.org/netwth/nkjkdvff/hckd/xwaddnk,0
https://wikipedia.org/cfgvqpw/bdgjr/utkejj/tqzqhsy,0
https://wikipedia.org/xieg?view=6t0d7,0
https://facebook.com/jwdpu.svg,0
https://microsoft.com/expcount/additional.php/vmcyroj,1
https://wikipedia.org/ognt/ewm/juiosdxq/eaf,0
https://apple.com/collector?report=/mfe,1
https://?log=stats-/xnitgc/nksgmvre/uiemzn?cid914=zofxnx,1
https://microsoft.com/TrackView/*$xmlhttprequest,1
https://google.com/yastat.js/jisdse/otryed,1
https://twitter.com/homjkx/jsejfq.css,0
https://reddit.com/rt_tag.ofs.js,1
https://apple.com/evjauw/vqdebko/kcoj.jpg,0
https://wikipedia.org/leage.google.tracker.js/dddq/wstuhs,1
https://linkedin.com/rxwnk/bvuxvyw?id=z7mns,0
https://twitter.com/js/logger?/iaoqvnwr,1
https://youtube.com/gcng.svg?page=3qjtv,0
https://twitter.com/tjp_beacon.js/aseamme/fektrhf,1
https://netflix.com/bk-coretag.js,1
https://cloudflare.com/wtxhjpz,0
https://apple.com/aftow/synhbba/gnsrgwf/ozcekcxw.js?view=t59ak,0
https://linkedin.com/isz/glr,0
https://netflix.com/mqztkrys.woff2,0
https://cloudflare.com/htsrcmq/btb/kkiki?id=92ri2,0
https://youtube.com/whisper?event=,1
https://apple.com/hhwbirsv/qix.jpg,0
https://facebook.com/qadrsjvq.css,0
https://cloudflare.com/byhku/sxqo/vbs/sgf.jpg,0
https://reddit.com/TealeafSDK.js/twokjmoe,1
https://facebook.com/aibas/gsltt/mzyzpbf/bmdtihnd,0
https://youtube.com/lqes/ukrkdfmi/zomyqdar/ktbkplqs.woff2,0
https://reddit.com/khkm/zxouatb?q=5fkz0&view=b4gv5,0
https://adobe.com/xulrd/pxxjr/aymos/qul.css,0
https://microsoft.com/whlk/cfx/rvme.css,0
https://google.com/lvmccpzn/mzede/nof,0
https://amazon.com/jquery.google-analytics.js/vfcgod,1
https://cloudflare.com/taboola.js/jqohzd/livktw,1
https://youtube.com/condje/yfrbagb/mqqhrz.ico?view=5j5fg,0
https://netflix.com/afufitkq.svg?view=dphwh&view=xhfnk,0
https://adobe.com/frlxetfw/oyhsjbv.png?page=3t0zl&q=6f5da,0
https://instagram.com/seo.taCo.min.js/lmkbxugy/piaxe,1
https://reddit.com/pxupk.ico?view=vzntr,0
https://apple.com/ljuxikb/emsisqck.png,0
https://cloudflare.com/woit/qqrlrtvq/lbqutze/jefqotna.jpg,0
https://netflix.com/adobe/VideoHeartbeat./mlhafty/iouow,1
https://amazon.com/pwhtdf/zjezis.png,0
https://cdn.shopify.com/analytics.config.js/kbfrec/sijkgpk,1
https://cdn.shopify.com/common/ga.js/etexhtg,1
https://microsoft.com/upzmqi/wfh/legievy/ucx.png,0
https://wikipedia.org/gwvfhdd/ibwkjz?view=d3bf2,0
https://google.com/hbae/wrv/dqj/ulmikk.svg?id=j8lph,0
https://facebook.com/ddah/ulkntn/toemy.ico?page=249gv&id=4jgzg,0
https://twitter.com/sherlock.gif?/dtth/rvuzfwr,1
https://apple.com/twcasmj/ptp.css,0
https://microsoft.com/vaxgrup/nqpwmr.woff2,0
https://wikipedia.org/xfrwm.ico,0
https://apple.com/cjtqhw,0
https://wikipedia.org/rcooog/mykuoiq/zup,0
https://microsoft.com/dqqdeqs/ufitfhjx/ngfc/oamvcg.js?q=vepg9,0
https://wikipedia.org/hln/uvcezs.ico?page=0h9ei&page=jdqxg,0
https://google.com/puwxpjrx,0
https://facebook.com/dojr/rxvgutuw/bjme.png?id=q36jn&lang=egt9a,0
https://adobe.com/cky/damd.woff2?page=qwt1l&q=3ixpo,0
https://wikipedia.org/dez/nzm/pszg.jpg,0
https://twitter.com/amp-access/set/*,1
https://apple.com/LogAmpHit?/leuhrf/jjkpv,1
https://wikipedia.org/cmslog.dll?/qrhahlfy/lrnp,1
https://google.com/txhnhaz/ghsck/ihua,0
https://&hitType=pageview&/lwk/jtagc?cid373=xjfooz&ref=428=pjrqgu,1
https://netflix.com/track/batch?/uudyilo,1
https://google.com/ataln.css,0
https://linkedin.com/wp-content/plugins/woocommerce-google-analytics-integration/*/rbnvsnlm,1
https://microsoft.com/vidtrack.js,1
https://.php?ping=/qxwm/pwydpte?cid336=lkzwnw&affiliate425=rdtqfo&ref=477=pelbpm,1
https://microsoft.com/nhm/gylk.css?id=46qcm,0
https://apple.com/pongAudienceLS?/kkikoi,1
https://microsoft.com/qwi/fsrivsq.woff2?theme=k51q8&lang=ztoch,0
https://microsoft.com/szduf/bztnezbp/rlsav/suciho,0
https://cloudflare.com/czlfs/atq/cxhuwya.svg?id=c35ho,0
https://adobe.com/yqtauzd/deqrcd/dqknzmtv,0
https://linkedin.com/tkwpyi/uje/pvnq/wpscaiev.ico?theme=0klk2&page=iwbbp,0
https://apple.com/trk/api/*/kve/kxjfmqj,1
https://reddit.com/yvifg/rww.woff2?lang=erjtd&q=v3h6b,0
https://?local_ga_js=/zzgvhval/cybhas/pcwlrs?utm_031=vtcmri,1
https://google.com/api/trk?/gkeqm,1
https://reddit.com/log/page-view/slihl,1
https://amazon.com/sfonvcxv/zwrixw/fhprmcb/aqhvymwz.svg?lang=7gf8d,0
https://youtube.com/ecuvt?view=7j0ja&theme=qflzw,0
https://facebook.com/js/counter.js?/ffqf,1
https://instagram.com/vye/rmk/uxblo/ted,0
https://wikipedia.org/dnmlmys,0
https://linkedin.com/cmrpehu/pgx/imxnoef/phufuom,0
https://cloudflare.com/dkaojsvi/yxwm.js,0
https://youtube.com/wkcfwd/kzlopco/tafky/luh?page=avdjz&theme=4t03k,0
https://cdn.shopify.com/pqf/pueijqss/lubwup/fvtsbb.js,0
https://adobe.com/get_geoip?/jynacdf,1
https://apple.com/ukxy/oxqvu/ceouunk,0
https://reddit.com/visitorCookie.js/zdv/tbn,1
https://wikipedia.org/rvhmrda?q=18ws3,0
https://microsoft.com/rtq/dysqzhcb/ojdwy/hjvxk.woff2?view=1v4yj&theme=v31s9,0
https://amazon.com/nrs?q=bt6y5&lang=235ke,0
https://apple.com/metrics/ga.js/nbol,1
https://google.com/contentiq.js/hakmtwuh/zorvyon,1
https://reddit.com/veqlf/jqynpel.ico,0
https://cloudflare.com/etcgunw/orda/exd/dybo.jpg,0
https://instagram.com/mfa/zraz.ico,0
https://###cxense-recs-in-article/wanin/ygueevl?sessionid749=kapygh,1
https://.stats?action=/vlpr/vnxzcsi/uklpa?campaign177=kpmjmg,1
https://facebook.com/aosgkxq/hso/hbga.png,0
https://amazon.com/b.gif?/ynsychc/xkl,1
https://amazon.com/wjy/anjzk,0
https://youtube.com/rlpqmj/oceor.js,0
https://twitter.com/gtfhmfd/booc/uxaygt.jpg,0
https://apple.com/xjbhnwr/amgc,0
https://netflix.com/bnz/hmboxs?lang=tczip,0
https://wikipedia.org/plugins/wp-vgwort/*,1
https://cloudflare.com/white_pixel.gif?/sfeabl,1
https://linkedin.com/omniture?/leashbh/lmwod,1
https://wikipedia.org/vcr.ico,0
https://apple.com/qjqwj.jpg,0
https://twitter.com/epckeepm/jetgwx/lenxe/cpa,0
https://adobe.com/bwkbkmn.svg,0
https://reddit.com/hxef/dndf/udde,0
https://youtube.com/zkjh/waiyavx/sxtr/lvjiztcg,0
https://adobe.com/pxl.cgi?,1
https://adobe.com/beacon/collector/*/rxvdzab/snullnqc,1
https://cloudflare.com/countus.php/hbobtj,1
https://twitter.com/analytics/analytics.min.js,1
https://facebook.com/bsswou.woff2?view=98k5k&view=sl83v,0
https://cdn.shopify.com/uwvjes/fkodynt/hzhly.woff2,0
https://linkedin.com/utag.sync.js/tubrjm,1
https://apple.com/zxfr.svg?theme=skxsq&view=e01bh,0
https://cloudflare.com/nbjew.js?page=uga0c&id=quy8z,0
https://microsoft.com/nzerjs/jova,0
https://facebook.com/npy/stm/zrmezq,0
https://_social_tracking.js/sxchnn/ifiwpb/ovas?utm_823=irdado&campaign140=otlxgc&utm_259=bfdhkk,1
https://reddit.com/analytics-client-identification/*/ghicp,1
https://facebook.com/retargeting-pixels.php/drp,1
https://apple.com/zsq/wuz/knuobs.png,0
https://youtube.com/gigyaGAIntegration.js/kdprgl,1
https://wikipedia.org/why/ypxju/tmlay.js?theme=g2ikj,0
https://reddit.com/impression.ashx/ayi,1
https://google.com/qdmxn.svg?page=qovsc,0
https://instagram.com/doekkpe/xni.woff2,0
https://facebook.com/qfn.jpg,0
https://adobe.com/xiti.js,1
https://linkedin.com/yqywcs/aijsl/bth.png,0
https://microsoft.com/kig,0
https://adobe.com/hfpkvo/buwzpojn/laff,0
https://instagram.com/wdslkb/xtphmx/nkwzmavl/upmfjs.css,0
https://facebook.com/jqefgenr/ukdf/bcoeth.css?id=xvo0k,0
https://reddit.com/mksvb.jpg,0
https://netflix.com/cmslog.dll?/dxfegd/opse,1
https://adobe.com/fqczxjm,0
https://google.com/fbi.css?theme=72uct&lang=6gvag,0
https://-track-inview./nwd?campaign912=gimetp&cid013=pjjhpz,1
https://linkedin.com/kis/fxgnlgkm/okwvxavk/hbdng.svg?id=ji57p,0
https://google.com/ahjqiua.jpg,0
https://wikipedia.org/xacrnzgs?lang=ayo6x&lang=s5s1a,0
https://-adobeDatalayer_bridge.js/jgnah/oxnnnizr?cid386=ewdtse&ref=104=mtmssf,1
https://google.com/qfohyni/pye/sssrtslk/awitnya.svg,0
https://cloudflare.com/visitortrack?,1
https://.php?logType=/konfs/uyc?sessionid198=tqvzei&ref=830=hrvtbf,1
https://google.com/tag/tag.jsp?/dqdqbi,1
https://reddit.com/tyqqhl.woff2?q=1012f,0
https://linkedin.com/nhpebct/ton/piy/wfdevm,0
https://cloudflare.com/smartTag.bundle.js,1
https://facebook.com/abfalejr/zsnj/jehke/fuhjyv.css?lang=ad9q2,0
https://amazon.com/xvorjg/bqexn/uunvzi/jlxv,0
https://apple.com/log?id=,1
https://microsoft.com/yruigqu/tewpdojz.js,0
https://?type=pageview&/wcfrpktp/cwgf/azcodw?affiliate638=pqfajo,1
https://cdn.shopify.com/articleOmnitureTracking.js/osz,1
https://amazon.com/eflma/ipkrbuj/kdlbetrj/sjj,0
https://reddit.com/doc/parwdn,0
https://-adobeDatalayer_bridge.js/mxrjvjg/rlzquzn/gouvf?cid934=aettaj&sessionid307=wmwraa&campaign748=jualuo,1
https://youtube.com/nkeokgxt/ioyqbh?q=38cqa,0
"https://$csp=child-src 'none'; frame-src 'self' *; worker-src 'none',domain=fileone.tv|theappguruz.com/sxl/uctth/uvy?utm_148=uxtifr",1
https://cloudflare.com/hnsxr/yydis/sqctig,0
https://amazon.com/trackPage.js?/wnrmmrk/hjdtesz,1
https://adobe.com/tidywb/etauircu/tmbu/jrpi.jpg?theme=ypkln&page=u9qco,0
https://cloudflare.com/pbx,0
https://wikipedia.org/mgxs.js,0
https://reddit.com/myn.woff2,0
https://apple.com/hnqvplx/bkwmusb/lagdy/wxpitydv.css?id=mctdc,0
https://instagram.com/pixeltracking/sdk-worker.js,1
https://apple.com/geoip_cc/swwx,1
https://youtube.com/mmeqykca/ybby/wckugx/xvgf.png?id=h6rbi,0
https://netflix.com/lzr/fybvfpj/raibkcsw/moc,0
https://google.com/ldolwqk,0
https://youtube.com/rnlhaan/hdpb/wqwhmkp/tat.woff2?lang=rpfkg&id=823cq,0
https://netflix.com/jlri/nyrtvyp/fdtabz.png?theme=wrmdm&q=g47y2,0
https://twitter.com/lqoblse,0
https://adobe.com/kaajwir.ico,0
https://amazon.com/bcifptds/jxwqvl.css?theme=pw57a&theme=dktsl,0
https://apple.com/bakzygi/gpcjlh/olxnfbmk/pojklt.ico,0
https://microsoft.com/gmu,0
https://netflix.com/inwwbm/ddaonfi/ovuvoz/pkc,0
https://reddit.com/jeb.woff2,0
https://facebook.com/oaes/pqwwxjyg/yoeamfye.png?theme=h0u8t&lang=wprrx,0
https://netflix.com/bnd.ico,0
https://netflix.com/ysdi/rxm/uawzwanl/bekqfue.woff2,0
https://adobe.com/jbmuno/ugm.css?page=f0g2d,0
https://reddit.com/rspn/cntsia/cyd/ynfipeu,0
https://apple.com/tiwq/sddhhfnd.woff2,0
https://twitter.com/bjtxblxu/klg/noaaci.js,0
https://google.com/plugins/nsmg-tracking/*/gxyj/kaiods,1
https://instagram.com/qra/csikcu/agigk.woff2,0
https://microsoft.com/qijhwz/ztt?id=uhteh,0
https://cdn.shopify.com/rnb/events,1
https://.content_tracking.js/kuefzvq?cid534=esxvzq,1
https://?action=statsjs&/lbea/msdgmatk?ref=896=pdluwg,1
https://netflix.com/log-moltron-interaction?/zablqmga/cmzwfubo,1
https://.php?logRefer=/nszm/nyxq/ikrfruu?ref=198=tvseth,1
https://youtube.com/yyuor,0
https://adobe.com/plausible.manual.js,1
https://microsoft.com/omni-tracking.min.js,1
https://cloudflare.com/ykhjhz/awq/oaa.jpg?id=eigxx&view=4h0k0,0
https://reddit.com/at-composer.js,1
https://cdn.shopify.com/gmaltis/vack.css,0
https://youtube.com/u.gif?/zkt/rjeaxjzt,1
https://apple.com/linktrack.js/cqqqgixx,1
https://amazon.com/xrkb/augqzl/gwg,0
https://wikipedia.org/ssj/bfyvahk/kigyf/hjfhp.svg,0
https://google.com/bgynxf/bjsan/zyucqjj/zgzwh.jpg?page=q2p5k&lang=zjfzq,0
https://facebook.com/kgg/qskm/igrauky/orrxgaq.woff2,0
https://facebook.com/bjvtsicg/irjocknz.jpg,0
https://cdn.shopify.com/irziosw/vixysrtx/neeqtqaq.woff2,0
https://_logHuman=/jtm/hrgqi?utm_450=pwerkt&cid624=xyvmec&sessionid105=fzrscz,1
https://wikipedia.org/ydxmf/kamqid/rxuez/xmpfklli.woff2,0
https://adobe.com/cdg/aztfko/qymk.png?theme=c31ao,0
https://google.com/webstats.js/snmmfv/ffbbiq,1
https://amazon.com/ipt.svg?id=4tvfx,0
https://wikipedia.org/client-metrics/?target/ebdxkfgy/rbcu,1
https://microsoft.com/cctwhum/lapggy/wglvr.woff2?lang=uuyc2&page=gsoqb,0
https://apple.com/nvecid,0
https://netflix.com/fbhcxjz/vsxda/bga/ppxll.woff2,0
https://google.com/ggb/vucnv/vtnhmf.png?view=gexxn&page=et7uv,0
https://facebook.com/woxyx,0
https://apple.com/imw/pwiab.css,0
https://microsoft.com/via/pfnyh/vdzxivsc.woff2,0
https://wikipedia.org/sjb/cjays/ksa.svg?lang=3fasz&q=7l92c,0
https://reddit.com/track.php?domain=/ftuvamy,1
https://microsoft.com/kcj/ztjv/vztce/wetsnhxg.ico?view=chliv,0
https://instagram.com/emzuz,0
https://cdn.shopify.com/rkvukk/otrg/ozogds/hwjpsspn.png,0
https://apple.com/rxpzhdk,0
https://linkedin.com/amq/ybsh.png,0
https://twitter.com/remote-weblab-triggers/*/vcj/mobz,1
https://adobe.com/clickheat.js/sepda,1
https://_social_tracking.js/gmn/jbl?campaign892=tzxedb&affiliate807=heiuaa&affiliate925=nisnlv,1
https://netflix.com/vyabgl/vpmd/xlinklk,0
https://amazon.com/getclicky.js,1
https://twitter.com/kjtp/yzzil.js?lang=mp97e,0
https://cloudflare.com/beacon.cgi?/edgwseq/xzjuiuuk,1
https://?event=log&/alzzfd/bhnaqhz?affiliate373=jemmpw,1
https://instagram.com/xdouo.css,0
https://wikipedia.org/qfbpjy/tayn.jpg?q=qugky,0
https://google.com/transpix.gif,1
https://linkedin.com/tbgbbxcr.svg,0
https://netflix.com/sourcepoint.js,1
https://netflix.com/fji/ogwcv/peozgkx.woff2,0
https://instagram.com/pwsos/nxli/diwlyu/zode.js,0
https://linkedin.com/rchrpli/ijtrdz.svg?id=4n0y7&lang=zp46l,0
https://youtube.com/uuhk/tdd/dvfsbpr/eduj.js,0
https://facebook.com/events/counter?/jjc/cvqphi,1
https://google.com/inzplruf/dmqxk/oih,0
https://instagram.com/ukzende,0
https://microsoft.com/boxufnlb/kils.woff2,0
https://amazon.com/autotrack.carbon.js,1
https://amazon.com/eqhm.js?view=fdosh&page=230zd,0
https://adobe.com/djpua/rff/lnicoree.jpg,0
https://amazon.com/waqjjdou,0
https://cloudflare.com/readReceipt/notify/?img=$image,1
https://google.com/google_tag/*,1
https://google.com/cisf/goquj/zxbjpcu/phzxv.woff2,0
https://microsoft.com/track?name=/ereccwmh,1
https://microsoft.com/countpixel.asp/eeqo,1
https://twitter.com/stats_tracker.js,1
https://netflix.com/enp/wysvtd/bzbexu/xynntsbl.png,0
https://cloudflare.com/visit/record.gif?/mvz,1
https://linkedin.com/oqapu/oanoxqy/pvdh/gbcmdf.css,0
https://wikipedia.org/rbvyhfe/vyaheae,0
https://facebook.com/thermostat.js/goxhhlz,1
https://netflix.com/dapctl/xbazyn/hyal/twkykq.css?id=802py,0
https://cloudflare.com/cqu/wpvgmgyo/grns/uftba.jpg,0
https://linkedin.com/fuymtmet/wcgk/nck/idddirj.css,0
https://reddit.com/pixeltrack.pl/kthyvg/wqxuvo,1
https://facebook.com/ecukdedr/sjqcifr/lfmhi/dmxy,0
https://instagram.com/migpwu/mfa/gll.woff2,0
https://apple.com/nkrmz/avw.png,0
https://amazon.com/mird/ttagh/iyxpluhs?id=hp3yg,0
https://google.com/dwal/pqhb/phibugch.js,0
https://linkedin.com/vli-platform/adb-analytics@,1
https://facebook.com/bwisb/ewokf/jfffz/qcefyrr.jpg,0
https://linkedin.com/ajil/wqz.ico,0
https://twitter.com/dcx.css,0
https://reddit.com/hdfg/pur/qqf/gpy,0
https://netflix.com/llsjbb/ues/uqyhc?q=pp2yb,0
https://cloudflare.com/qgcysy/ssepau/rcwqsg.svg,0
https://instagram.com/bhvwrc/jlqnqfd/qjv.ico,0
https://linkedin.com/trafic.js,1
https://.beacon.min.js/dpcn?cid275=mwofaf,1
https://cloudflare.com/eloy/dls?page=mg2ih&theme=pmrki,0
https://wikipedia.org/unmyf/cynupkyw/uvdpy.png,0
https://google.com/lgtkmoar,0
https://facebook.com/ihnab?page=o7ue1,0
https://reddit.com/eelhdvd.js,0
https://google.com/pfwcwth/fow,0
https://google.com/maszxcet,0
https://reddit.com/kameleoon.min.js/dfjhddlp,1
https://facebook.com/facebook_fbevents.js/cdnyvdr/yos,1
https://microsoft.com/track/hit.gif/bevhqk/cdeqid,1
https://netflix.com/zwnbxrd/upjoxpa/xpql.ico?view=6045h,0
https://apple.com/link_track.js/bdoc,1
https://linkedin.com/ercxtxbr/tlxn/oocdwis.png?view=dbp9w&theme=cw9xi,0
https://wikipedia.org/xuvdh.png,0
https://linkedin.com/frxxvhwh/noyymy.jpg,0
https://apple.com/umti.css,0
https://youtube.com/mapuewb/bgd.js?lang=8a130&theme=j4156,0
https://microsoft.com/xgx?theme=on6fj,0
https://youtube.com/hluxm/rsvulay/shlgg/uawncbbv.jpg,0
https://reddit.com/iyndab/ucy/lfkjctxn/svnne.svg,0
https://cloudflare.com/atvvjyge.ico?q=1ffh2,0
https://twitter.com/ndlezu/yvaeuezn/gdz/wdqeje.js,0
https://cdn.shopify.com/dpj/ubcfvol/flftzft,0
https://wikipedia.org/vhpjv,0
https://adobe.com/ivddgsz/mhagt/livkgyyl/yzxizceq,0
https://twitter.com/wfyaz/gfltkqea/toywfvjk/dijpgmmt.js,0
https://amazon.com://piwik.$domain=~matomo.org|~piwik.pro,1
https://amazon.com/hit_count?/bmzsyhwl/qyp,1
https://microsoft.com/cgi-bin/cnt/*,1
https://google.com/simtracker.min.js/fma/cgopghsa,1
https://wikipedia.org/knlfh.js,0
https://microsoft.com/axm/qut/tjmkqjlp/dzxjbj.woff2?lang=uh1so&id=8vl69,0
https://wikipedia.org/lvbyb.ico?id=xuzfh,0
https://youtube.com/kjmupbv/tiqcb/uvk.png,0
https://linkedin.com/ipdvdc.min.js/jyly,1
https://wikipedia.org/ocihug/pje/qkalu/yipgwzlk.ico,0
https://instagram.com/mbe/mczwsq.svg,0
https://youtube.com/ga.php?$image/avgdim,1
https://netflix.com/mpvbhbp/dmufanke/jpsba.svg,0
https://reddit.com/zindpkd/fgrw/zpxwuyh/carpfw.png,0
https://facebook.com/analytics.*/event?,1
https://netflix.com/ftkakxp.woff2?page=fi3u6&view=uxt6f,0
https://apple.com/kiht.js,0
https://netflix.com/jyj/wlppm/vlizdnky.ico,0
https://linkedin.com-adobe-analytics/,1
https://google.com/qpkjyhjj.css,0
https://cloudflare.com/altwhm/zynw/xtjz.svg,0
https://facebook.com/prukel/akjat/nrba/nzfcb.jpg,0
https://google.com/ycvlu.svg,0
https://cdn.shopify.com/zcaakqey/vezjqwrc.jpg,0
https://wikipedia.org/diffuser.js,1
https://linkedin.com/hyap/kzhqbcn/gmasygiv/bmcnul.jpg?lang=s916g,0
https://youtube.com/collect/stats?,1
https://amazon.com/jteu.png,0
https://microsoft.com/koight/yxdiczmq/cceib/cquveny,0
https://microsoft.com/stats_js.asp/qjvsyzz/sci,1
https://amazon.com/mfpjks/aiaijaj/irrsftbj/qoll.js,0
https://linkedin.com/nbyn/wpoc/ylcfvz.css?q=vd6yl,0
https://reddit.com/uiqqjzof/hrqbj/uobmzemc.js,0
https://cloudflare.com/ocsofugc/pspxjd/pmjdctnb.svg,0
https://amazon.com/iksewr,0
https://google.com/ot_e404.gif?,1
https://amazon.com/nrtomrqv/rpuhdt/fhjjifrv/tuqytzp.woff2,0
https://instagram.com/iui/rag.ico,0
https://wikipedia.org/lmblksnh/gucg/amx,0
https://adobe.com/oei.woff2,0
https://linkedin.com/ojt/wge/ibwog.svg,0
https://netflix.com/iwo/jotjftb/qinmjwj.js,0
https://cdn.shopify.com/wgmhgahn/jgpnfq/hgg,0
https://adobe.com/zrjrp/izbcx?theme=v9dqb&page=blwie,0
https://microsoft.com/rqkdd/odicpx.woff2,0
https://linkedin.com/assets-cdonAnalytics.js/qfpmtun,1
https://cloudflare.com/mcf/pgvgcu/qvbp.ico,0
https://reddit.com/com_joomlawatch/img.php,1
https://amazon.com/gmdmlil/kuctphvi/lsualul,0
https://facebook.com/ugudhl.jpg,0
https://microsoft.com/ggszitq/nno/xrmgang.ico,0
https://twitter.com/rkxrcr/wbbtsuz/xnfn.woff2,0
https://apple.com/piws/asvnuefi,0
https://twitter.com/daancqy/bxvvcpru.js,0
https://youtube.com/imgevent?/gzehw/glaprj,1
https://?action=track_visitor&/ywxc?sessionid839=vefvwh&utm_841=ajhkdu&utm_203=otgjxt,1
https://netflix.com/xlgl/bqlre/lrs/adjlmkpq,0
https://instagram.com/admiral.js,1
https://netflix.com/keen.min.js/lbhtncw/kmhi,1
https://cloudflare.com/wis/umo/eftdmccb/cyqnib.woff2,0
https://youtube.com/wvnlr/vtqabrec/akc/ntsk.woff2,0
https://twitter.com/mtwmz/dghmhonk/rhce,0
https://twitter.com/somni.js,1
https://adobe.com/jhtyc.svg,0
https://google.com/log/report/*/rbridmg/lzptubw,1
https://linkedin.com/kgensrer/xzuzb/qdttu/mwklquf.jpg?q=as4nx&page=v7772,0
https://reddit.com/analytics/metric/*/pyv/lpqtrv,1
https://wikipedia.org/vpgomeoo/zjaekx/uqbr?theme=nl1zn&view=xzomw,0
https://adobe.com/statistics.js?$third-party/lrvv/uqqa,1
https://reddit.com/pei.js,0
https://adobe.com/ojeai/iim,0
https://microsoft.com/ahw/mdzx/efngbmjx/sdkp.ico,0
https://netflix.com/gqxqdxpb.png,0
https://google.com/firestats/js/fs.js.php,1
https://linkedin.com/jaxnn/kypxoiq.js,0
https://apple.com/csudwvk.woff2,0
https://twitter.com/kcvmkyk/ailry/kbt/oufls.ico,0
https://facebook.com/wbhhxhd.png,0
https://cloudflare.com/AppMeasurement.js,1
https://microsoft.com/euvm/spwk/utgfmxpp/frofutp.svg,0
https://reddit.com/pagedot.gif?/zanldeh/qicdty,1
https://linkedin.com/fonrrhyb/skmfhdsw/exe/zwndnfl.ico?q=ppndn&q=oox7r,0
https://google.com/cbebljs,0
https://apple.com/a/performance_timing/*/ctucc/idijc,1
https://wikipedia.org/tracking/jitney/*,1
https://netflix.com/pixelpropagate.js/hfdchrc/wwnneoo,1
https://netflix.com/codesters-analytics./ctizfvtm,1
https://reddit.com/uhyjvche/cktpv/zimj/tkxccnft.css?theme=fnomy,0
https://apple.com/uwjsxny/xcsin.woff2,0
https://youtube.com/hcrztmhl.png,0
https://?logType=impression&/ompzmbwd/njah/tworsmxx?campaign734=yzjpwj,1
https://netflix.com/gyman/nuv/oufpq/ekkgl.js,0
https://youtube.com/medialaanUniversalTracker.js/yff/phc,1
https://apple.com/analytics-secure.js/aba,1
https://instagram.com/pbwlbvri/moz/xqgrjxt/wxynyaee.woff2,0
https://wikipedia.org/ehhjcz.js,0
https://google.com/klv.woff2,0
https://cdn.shopify.com/iqir/fig.woff2,0
https://apple.com/nbwtz.svg?theme=7agns&view=xujyc,0
https://linkedin.com/px.js?ch=$script/wux/phfel,1
https://cloudflare.com/mek/huarym/lsb,0
https://wikipedia.org/transparent_pixel.png/iconw,1
https://_chartbeat.js/ihsovk/rbgfwt/sbkzem?campaign244=rzhntd&utm_843=vbnxup,1
https://wikipedia.org/socialTracking.js,1
https://twitter.com/meg,0
https://youtube.com/kdkq/ccunti.jpg,0
https://facebook.com/sjpdhvuk,0
https://wikipedia.org/irrdajs.jpg?lang=d1pha&q=5utt7,0
https://cdn.shopify.com/statstracker./xuanzr/gcdl,1
https://adobe.com/hwo.js,0
https://youtube.com/ygi/udym/cqylken.css,0
https://netflix.com/wbut/ptupepz/zlany/pvh.png,0
https://instagram.com/utxpc/grdlzzd/cezc.js?view=sn5hq&view=vlulu,0
https://wikipedia.org/jlappbyu/pzppf.ico,0
https://apple.com/okkooly/ujdp/atyiq.js?theme=j53a1&theme=e7ejb,0
https://cloudflare.com/icxat,0
https://cdn.shopify.com/track/visitors/?/hfhix,1
https://twitter.com/csi?v=*&action=/dpuy,1
https://netflix.com/nozdlbgj/ora/nzoip/yaygmm.ico,0
https://&EventType=DataDealImpression&/nkqqpsj/hrvgqaul?utm_111=evnkkr&campaign362=rfdxxi,1
https://google.com/yozons-lib/*/iimc,1
https://netflix.com/mygrze/dzfcp/katgtyn,0
https://apple.com/ymkxy/berabeq.ico,0
https://amazon.com/ymjbv/dvxfqqmc.png,0
https://adobe.com/fp/top_fp./wlnvb,1
https://netflix.com/mintstats/?js/npzyff/ddiottkf,1
https://_WebVitalsReporter_/wfnwx/sdz/isray?campaign918=yqsyic&ref=601=hncfvh&cid754=fpsmhz,1
https://wikipedia.org/zzuullwf/tluvn,0
https://netflix.com/run/perf/khdqo/opducop,1
https://cdn.shopify.com/ujkuzp/wmg/rsxh,0
https://cdn.shopify.com/ixnn/tcv/fdz.css?view=lkgm6,0
https://twitter.com/ohxer/belhi.woff2,0
https://facebook.com/ztxmlwht/mrishpk/oqcs/xzv.jpg,0
https://adobe.com/xzzcusv,0
https://?action=log_promo_impression/zhzawy/hdbqozbx?utm_411=rbsfrz,1
https://netflix.com/jyamg/qgclbdyk/tau/xeh.svg,0
https://apple.com/sry/ytkwgdk/xtl.css,0
https://adobe.com/cnkhjape/ynn/lhvwq.ico?theme=f2x9f&view=g5ffl,0
https://linkedin.com/dzqi/kzunlbiw.js?q=ph7c9,0
https://instagram.com/hxdcpgif/fnthvf,0
https://google.com/jyfc/vkakyqi/bkyc/ebycj.css,0
https://youtube.com/stats/ping?,1
https://microsoft.com/mizxbao/vxyxlsgx/lezvemoe,0
https://adobe.com/hwho/wwnh/hickv,0
https://google.com/mwvitw/lxpdqx/qpaybmc?lang=aeocq&lang=gjxce,0
https://reddit.com/cgpchwr/sbufjx/htm.png,0
https://instagram.com/mhqclhk/jij/bbibx/akrzog.png?lang=biu52,0
https://linkedin.com/pxf.gif?,1
https://twitter.com/osj/faaf,0
https://facebook.com/hpxjc/ccnhlqq.woff2?theme=clug3&id=pxbh5,0
https://wikipedia.org/mi/insite/*,1
https://microsoft.com/iwjlhidj/njji,0
https://youtube.com/jqlwant/dxtoj/dthybj/ttb.svg,0
https://cloudflare.com/fwrou/jybl,0
https://wikipedia.org/kgthfj/alf/gvx.ico?q=jjq5x,0
https://apple.com/rqqiw.png?theme=nbdst,0
https://twitter.com/AppMeasurement_Module_ActivityMap.min.js/udfoca/pjhock,1
https://google.com/dxb.js?id=lha7z,0
https://google.com/qzucgzyp/qjovbj/vkgjko.png,0
https://wikipedia.org/xryx,0
https://amazon.com/flff/ldjgj/xdtkca/nda,0
https://adobe.com/gqngutip/kjyb/vfsjf.png,0
https://linkedin.com/lomioq/ssdwiuc/swqyvl,0
https://.beacon.min.js/loccukw/fihs/lsfn?cid473=dqpmph&utm_633=nglvfd&affiliate871=rflqto,1
https://wikipedia.org/gwfm/udj/gkumf/ehrtufgt,0
https://netflix.com/nvch/msco/nkox.png,0
https://amazon.com/ieuh/prvtvw/trlgwjz/rkl.css,0
https://cdn.shopify.com/hmcm/ibuyexo/ghi.jpg,0
https://cdn.shopify.com/ljvmo.css?q=x7vyu&view=e48bw,0
https://?local_ga_js=/dscxmpt/zoldk/iftjc?affiliate743=fzycug,1
https://wikipedia.org/wrnwmwus/ywbdds/ltldde/yzoapk.jpg,0
https://apple.com/vkkd/wup/bda/spqn.png,0
https://.php?tracking=/ujjipft?campaign372=dmcsik&campaign184=maxixp&affiliate500=enfqfr,1
https://cloudflare.com/swll/roxhjgtl/igeydrv/pyof,0
https://apple.com/ogrzuot/zjhyibno/vycuz.svg,0
https://linkedin.com/eabekjqg/yzxwzyga?q=85uhb,0
https://reddit.com/googletagmanageranalytics.js,1
https://google.com/wsl,0
https://twitter.com/zsslb/msc/xzisncj/ikuu.css?q=dsrc5&q=jfmvf,0
https://microsoft.com/streamsense.min.js/zequ/boc,1
https://google.com/epsrkn/xmldlpwy?view=ojb33&page=qap02,0
https://amazon.com/analytics.bundled.js/akan,1
https://linkedin.com/dhpi,0
https://amazon.com/qez.css,0
https://reddit.com/magpie.js/kiqo/zskofs,1
https://netflix.com/stats.php?*http,1
https://instagram.com/wohyogf.ico,0
https://reddit.com/obfvoq.png,0
https://-track-inview./skadfotz/vkuvopme/tclcqzbk?utm_527=vwbrdi&affiliate845=ytbczx&affiliate776=bujhhw,1
https://netflix.com/hmyfc/hwx/rbxzlyut/gnmlsx.jpg?theme=o7r0e,0
https://instagram.com/px?t=/jniqphr/sfsppyz,1
https://google.com/cxense-candy.js/mallvnfz/dxtwq,1
https://microsoft.com/fqtpf/qvukjhvm.css?view=w4gx0&page=pdaa6,0
https://apple.com/cxi/yuhtxlhn/ajrs/qvd.svg?view=nrtj9&theme=eqdoy,0
https://twitter.com/criqhi/obrarnf/xzadonxi/yac.jpg,0
https://?statify_referrer=/mmh?sessionid504=oznufy&utm_719=vhtosz,1
https://reddit.com/uwo/qegnkdt.js,0
https://amazon.com/tzfbn.js,0
https://cloudflare.com/roitrack.js/oqjpsn,1
https://twitter.com/motj/hzx/uutqeg/nqp.svg?id=armo0,0
https://amazon.com/revinit.js/fagpyaqg,1
https://facebook.com/marketing-analytics.js/qitiu/kuimarh,1
https://wikipedia.org/track_video.php?id=/ksakvv/maarb,1
https://cdn.shopify.com/jolec/vndcof.ico,0
https://cdn.shopify.com/sixvufwf/ddt/osawm/trfqxwpl.js?q=xx9ka&lang=gi8hq,0
https://cdn.shopify.com/ygmcswwr/jkyefv/gndvhjd.ico?theme=x2a20&view=mpatn,0
https://reddit.com/mlb-ml-analytics.min.js/egrbjirk,1
https://facebook.com/wp-js/analytics.js,1
https://instagram.com/api/v3/getPageVisits,1
https://.php?ping=/xpq?ref=315=gzbqxg&utm_839=bekbem,1
https://apple.com/xbnaqhe.png,0
https://youtube.com/swosx/pfldfut,0
https://facebook.com/lavrdnp/pspv.css,0
https://adobe.com/lsle.css?id=0vlkx&lang=rfri0,0
https://cdn.shopify.com/nacng.css,0
https://adobe.com/nehl/sebepjan.css?id=exj6v,0
https://wikipedia.org/search/log_requests/*/gvuldl/giflrgpd,1
https://youtube.com/qrewmmtw/atoqweh/gdyloqi.jpg,0
https://cdn.shopify.com/imoplgqm.woff2,0
https://linkedin.com/emzfowh/dmslqnes.jpg,0
https://apple.com://track.*/collect/soxqrl,1
https://youtube.com/evu/gnoybkg.css?theme=jeo71,0
https://reddit.com/flyore.js?lang=csavd&id=v2peg,0
https://youtube.com/umy/odprw/usrs/mduggbb?theme=d32pg,0
https://linkedin.com/axtvf/djtxh/ugimj/jcbqg,0
https://adobe.com/vduks/xdt/bjpcbk.js?theme=55hrh,0
https://amazon.com/kciegtx/knbta.woff2,0
https://facebook.com/foxfspnw/rxvg/eiqgphht/zpoigs.woff2?id=3h4xz&id=u5xth,0
https://google.com/oke/sbelda/vxiocxgw.ico,0
https://netflix.com/cvm/wczxobx/ggrskip/kwmqbhi,0
https://google.com/bqg/ncqneh/pksuor/jvgdnqh.svg,0
https://apple.com/afssfzzs/kswyqz/prbiofrm.css,0
https://youtube.com/wchcn/vwlddq/rspfy.svg,0
https://microsoft.com/smetrics.*/id?,1
https://adobe.com/taevents-c.js/pds/evywdr,1
https://twitter.com/btqk,0
https://youtube.com/xdxb/ycgqj,0
https://apple.com/cxthxevb.woff2,0
https://linkedin.com/pxw/cffexo/qpflvvo/kizstdo.js?q=fzltz,0
https://apple.com/gpodnim/qck/btczmly/wjyowp.css,0
https://linkedin.com/nney.js,0
https://reddit.com/iczdrv/ckrs.css,0
https://linkedin.com/stats/c/*$image,1
https://google.com/pavsol.css?id=lr6d3,0
https://microsoft.com/ayky,0
https://linkedin.com/klidfh/xcxabyr/xnb.png,0
https://instagram.com/api/stat?/bnopndpo/xxwydbvf,1
https://apple.com/statcounter-$~image,1
https://&EventType=Impression&/xcjmjaq/hov?campaign144=odztzd&ref=630=tbkeyw&sessionid871=lfodlh,1
https://youtube.com/lntsyi/bhoa/fin,0
https://wikipedia.org/ping?rid=,1
https://apple.com/cyxs/tihnjxa/lzxocb/xwqerx?lang=5k13b&id=bouhe,0
https://facebook.com/zdjfar.svg?q=fboxo,0
https://reddit.com/jtey/ybzlh.png,0
https://reddit.com/rum-telemetry/*/vskbv,1
https://netflix.com/utkuwx/vnivljqc/nbdz/zcwtkod.ico?q=2cmwm,0
https://cloudflare.com/nkwt/pgpsvxte/kcoa/ccipakt.woff2?lang=tjmaa&view=0drkg,0
https://wikipedia.org/tuz/qns/ogiwt.ico?theme=pnaid&lang=8gqga,0
https://twitter.com/lkunssf/eylb/gbs.woff2?view=s04rh,0
https://reddit.com/logPerf?/jjak,1
https://youtube.com/radar/trace?/twhqcb,1
https://wikipedia.org/pngnjjra/ztjiefl/qwd?id=4t233,0
https://_webanalytics./sozjdx?cid343=ewcmis&affiliate296=fyuuju,1
https://microsoft.com/video/tracking.js,1
https://amazon.com/webmonitor/collect/badjs.json,1
https://youtube.com/qplwwz/oxtap/srjjr,0
https://netflix.com/ugsbxq/xftu/xhvdfky.js?id=t3qtb,0
https://##.embed-responsive-trendmd/qduc/rbodziy?utm_269=bxqftf&sessionid485=lgyjmg&utm_617=euhics,1
https://adobe.com/sklldc/zgr,0
https://cloudflare.com/xjeqm.woff2,0
https://apple.com/analytics_cookie.js/pwlptrz,1
https://linkedin.com/ekhzmqs.woff2,0
https://netflix.com/vvpoozrm/bbllhgp/wymfvv.css?page=0bfsy,0
https://google.com/mybpuhgs.png,0
https://wikipedia.org/vrk/qctqsu/ejbfvs.ico,0
https://cloudflare.com/piwikTracker.js/pvwi/dla,1
https://instagram.com/analytics_events.js/zcgh/ugbsk,1
https://linkedin.com/oakokanp.png,0
https://microsoft.com/man/eclzkdg?id=2x8i7&q=ggved,0
https://facebook.com/log.php?*http/gwdduuee/whkjiqd,1
https://amazon.com/cms/stats/*/feok,1
https://google.com/wtid.js/gdzpym/kpz,1
https://cdn.shopify.com/vvhchr/axzm/hbeyc/wmryq?page=6kyck&view=rwm1i,0
https://cloudflare.com/xomu/got/xsi.woff2,0
https://adobe.com/eta/events?/agtn/lhrlw,1
https://facebook.com/gnv/llubgq/mseu.ico?q=zkudn&page=65fu7,0
https://facebook.com/instantpage.js,1
https://adobe.com/nmxsdp/igm.ico?q=8mlx7,0
https://apple.com/uohkx.svg?lang=90p2e&page=4sgmi,0
https://microsoft.com/iokg/owo/nskyq/elbr.jpg,0
https://reddit.com/elfmiqna?id=zouk0,0
https://wikipedia.org/hpn/bkovihyw/dud/tuf.js?q=idp0t,0
https://facebook.com/xqkva.jpg,0
https://linkedin.com/eeiapigh/uibm/bacoodt,0
https://google.com/dxqer/tcltni,0
https://google.com/ywzsjnx/dwcix/wytz/qfdolxoy,0
https://.eloqua.js/hokhop/tauds/iekawstl?campaign747=hriqhv&affiliate645=ajzwtj&sessionid050=grncuf,1
https://linkedin.com/nm/itracking?,1
https://linkedin.com/jfwc/fywjelvs/kgwzo/aupxypf.woff2,0
https://youtube.com/vcy.js,0
https://instagram.com/nponujvo/ubzlvv.png?theme=71iam,0
https://cloudflare.com/ahxfdigo.css,0
https://reddit.com/add_page_view?,1
https://reddit.com/email/track/*$image/tqozl/rhwgu,1
https://google.com/saytizct.svg,0
https://twitter.com/hlejttj/ylan/uozbyt.woff2,0
https://amazon.com/zjwif/dje/nxoglr/bipg,0
https://apple.com/efnrs/rkz/avzmaap/hjhoxtjk.ico?q=shv0x,0
https://twitter.com/track_pixel?,1
https://instagram.com/rnpj/yzeyjy/wsgbo.js,0
https://wikipedia.org/yet.png?theme=k5bac&view=c7iyq,0
https://instagram.com/cgi-bin/CP/*,1
https://linkedin.com/linktracker.js/jghdjb/iiaoyiw,1
https://cloudflare.com/ahoy/visits/frsvnyj/sxjsfok,1
https://google.com/bwenintm/oqnbtu.css?theme=qhny7,0
https://facebook.com/yarzcy.css,0
https://linkedin.com/pixel/visit?/mgaaupz/scnqs,1
https://_stat.php?referer=/pal/zfge?sessionid460=ywculc,1
https://wikipedia.org/kngisy/ekua/guswceq.js,0
https://google.com/fokssaol/ybtvmh/xjtgn.ico,0
https://reddit.com/count/count.cgi?/frokwj/rwo,1
https://wikipedia.org/pzab.svg?view=7e702&theme=zd6b9,0
https://google.com/vsnz?q=0xd5c&page=k9fj6,0
"https://cloudflare.com/api/events|$ping,~third-party/iwaplof",1
https://microsoft.com/pfkd/txbzsp/qjlful/wtyehmh.ico,0
https://apple.com/nvxlw/hfjhpln.png?page=qi90j&q=zg0mh,0
https://&t=pageview&/uar/bimg?sessionid423=rdhdjr,1
https://cdn.shopify.com/ssgk/spfj.ico,0
https://apple.com/mcd.jpg,0
https://linkedin.com/jrhbuvar,0
https://netflix.com/zefakrf.svg,0
https://reddit.com/cxxum,0
https://microsoft.com/nszkpyvd/kzfh?theme=1iaey&theme=s3v15,0
https://instagram.com/engk/ptdkpn?view=05r2c,0
https://wikipedia.org/gdbipqmh.js,0
https://cdn.shopify.com/hit.t?/kfao,1
https://youtube.com/sdmcwn/otrmfq/fnseoq.png,0
https://google.com/jqklike.ico,0
https://wikipedia.org/visualrevenue.js,1
https://amazon.com/analytics/call-tracking.js/hmugvwk/xpsfczj,1
https://google.com/wrapper/metrics/v1/custom-metrics?/fzl,1
https://facebook.com/hlnguq/fmionrt/ugxpes.png,0
https://cloudflare.com/boomr.js/nnxoaw,1
https://youtube.com/kpbbsdku/rbc.ico,0
https://microsoft.com/dzyv/tnx.svg?id=fcnoh&lang=4qyd6,0
https://youtube.com/rjlivziv/rsgu.js,0
https://?action=tracking_script/azs/uyfdcj/yjblcq?affiliate445=myfaiw,1
https://facebook.com/fusion/lucid/data/*,1
https://facebook.com/uokhy.ico,0
https://netflix.com/cmanalytics.min.js/kyexuuo/oxw,1
https://instagram.com/poc/coph/inlbbmtq/qyrymnet,0
https://linkedin.com/hsykxso/mcng.jpg?q=kn12y&q=1scsw,0
https://cloudflare.com/yyelo/imhgytpj/eqruwjc/bckv.png?view=6jm60,0
https://amazon.com/ticimax/analytics.js,1
https://cdn.shopify.com/pgui.woff2,0
https://twitter.com/tracking/impression/qvkcpah,1
https://facebook.com/adm_tracking.js/hxuqbbm,1
https://.sharecounter.$third-party/uouhsht/skzssi?affiliate545=mesftj,1
https://youtube.com/tssaydje/cqyqsz/nmdlfhbi/mqnoidsv.ico,0
https://&refer=http$script/eyudvl/ocsksjn/shy?affiliate328=lbwmvc&cid356=wkzpbu&sessionid419=gjqynd,1
https://amazon.com/mcw/tldirogu/vzfvq.css?theme=rbdma&q=on7c2,0
https://facebook.com/scripts/clickjs.php,1
https://cdn.shopify.com/eirvpdf/katgkfz,0
https://twitter.com/yfdgeg/tdjbeijs/ezek/mohofwy.ico,0
https://microsoft.com/gasocialtracking.js/txrwptc/pfbj,1
https://cdn.shopify.com/dl-web-pixel.js,1
https://cdn.shopify.com/ssex/hpptpngu/hgxaokn/ajer.png?theme=sdx7i,0
https://netflix.com/oppqz.ico?page=m5unk,0
https://netflix.com/cocoon-master/lib/analytics/access./nruol/ojpvdf,1
https://reddit.com/pyddpm/zlwqqns/orrfxpe/amavvy.woff2,0
https://microsoft.com/kaiseki/track.php?/rdvm/wupnym,1
https://.js?id=GTM-/lyzdcdz/yaohbg/gha?sessionid457=zgabgb,1
https://facebook.com/dcjs/prod/*/mteb/dfq,1
https://adobe.com/tegvxorj/taq/zbhbge/pxyjibo?page=q07nx&id=3g1jp,0
https://amazon.com/tap/sjahetk/wprifwgy?id=563oi&lang=ir527,0
https://facebook.com/lkrrnniz.jpg,0
https://microsoft.com/jrrvg.svg,0
https://adobe.com/kajalo/mhot/mwahjx/tcva.css,0
https://reddit.com/tov.ico?q=wcup2&lang=bzqrm,0
https://microsoft.com/google_tag.script.js,1
https://google.com/fkbelt/xtadb.woff2,0
https://linkedin.com/acws,0
https://reddit.com/bzno/ylee,0
https://wikipedia.org/yid.css?theme=d6pos,0
https://google.com/poini/ltt.png,0
https://netflix.com/stats.wp.com/*/mrfcngut,1
https://?event=log&/sxneyo?sessionid071=wekqhe&utm_179=jhukwi&campaign871=vyjmbd,1
https://cloudflare.com/pwfgffze/wzabdhej/jzonfrjg/ieai.css,0
https://cloudflare.com/trackmvisit?,1
https://instagram.com/lbf/unkisrab/btsfbdk/votq.js?lang=j9tbm&lang=ixw5z,0
https://youtube.com/vbk/wbftj?lang=vm6kr,0
https://netflix.com/kgpbpuf.jpg,0
https://youtube.com/oinvhoh/imhxzw/kvttsvw.ico,0
https://adobe.com/knlhid/yluvw/vvzuyq.jpg?lang=gc92h&theme=49luf,0
https://linkedin.com/mmkdnft/iufzljzi/vrfq.ico?q=6gsq1&lang=0tf6z,0
https://netflix.com/kqkr/uozyb.woff2,0
https://linkedin.com/vdygo/gyiiojnr/xygun/ziv,0
https://adobe.com/analytics/visit.php/bbdsmns,1
https://microsoft.com/vizodwx/atuxqvqt/hljnvzgw/tkrlms.png?lang=vgalb,0
https://wikipedia.org/nnecefo/uuzzfa/olfai.ico?q=h2gsc&page=aad88,0
https://google.com/fcr,0
https://youtube.com/rfeh/bxuqkk/cdobatqn.jpg?view=2ta2q&theme=3tsbg,0
https://google.com/scdbhujv/ycpqnp/oogduu.png,0
https://youtube.com/jmp/yzxj/hny/qyvbqct.svg,0
https://linkedin.com/fipktqq/brrx.jpg,0
https://adobe.com/temzk/tzax,0
https://instagram.com/gcz/ygvk.png,0
https://microsoft.com/esu?id=sgurl,0
https://microsoft.com/jgtpn/pdczpn/zwbliwdp.woff2,0
https://amazon.com/fsrscripts/triggerParams.js/ohswk/brwzzfn,1
https://microsoft.com/metrics/rum/fvvudn,1
https://.content_tracking.js/aatvpq?utm_292=premmi&ref=109=spdybb&utm_383=bmsaem,1
https://amazon.com/ctihnk?lang=1edov&q=4ok5k,0
https://adobe.com/vpu.css?theme=1fwgq,0
https://wikipedia.org/ga-multidomain.js/fbpv/fwezruv,1
https://adobe.com/iqxxix.woff2,0
https://cloudflare.com/guf/lvodj/cittfa.png,0
https://microsoft.com/hwobfw/rkubscgx/egv/ijgg.jpg,0
https://apple.com/zwza.woff2,0
https://amazon.com/xxr.svg,0
https://adobe.com/kymzu,0
https://netflix.com/zqtvh/vjmkbij/bjnnza/byzsca.jpg?lang=6g5ox&page=0knxq,0
https://apple.com/StatRecorder.asp?/pcdgs/gdzswhx,1
https://linkedin.com/uwbe/aiieez/xnhz,0
https://twitter.com/ukhuxah,0
https://youtube.com/wwjym/heftth.svg,0
https://netflix.com/b.banners.impress./ictux,1
https://linkedin.com/rfybeo/wsf/rvnppti.woff2,0
https://apple.com/ifjuxu/vllj,0
https://netflix.com/efw/rpezlxu/hil,0
https://instagram.com/track-internal-links.js/vzrk,1
"https://instagram.com/presslabs.js$script,~third-party/clyqkzf",1
https://microsoft.com/gcdhof/pozfjb/exjvabrm/fzmwag.png,0
https://cloudflare.com/nem/ybfhgvtx/uaij.jpg,0
https://google.com/dnswav/vzxo/wvjgw.ico,0
https://apple.com/vpy/fbno.ico,0
https://amazon.com/tlr/rnqi.ico,0
https://wikipedia.org/aklwhw/ejycy/zqrvcoo/qkawikup.png,0
https://microsoft.com/jcwulp/hhquq/yncqfail/jluiar.css,0
https://wikipedia.org/lasso-ga.js/xhmxmcd/nddlnu,1
https://?action=saveViewStat&/qknoxw/hnzitss/nmlwlmaq?affiliate713=qawcwm&affiliate566=vhmirh&affiliate284=llbuna,1
https://youtube.com/xxfmyibp.jpg,0
https://&l=dataLayer&cx=c/jhkwobd?ref=710=ecylqc&utm_924=kxakwc,1
https://twitter.com/iqjqmlnp/gqadwho/ncquzuc/sadg.ico,0
https://facebook.com/vaacy/vyb/xtxhe/lhctq?lang=vydlb&view=45vvh,0
https://amazon.com/oic/cbmbhl/plduyqv,0
https://instagram.com/tcgr/alop/vgavzz.woff2,0
https://?pageviews=$third-party/szchg?campaign706=vmkkol&cid208=vnedrx,1
https://adobe.com/rzltamy/knbd/ojial,0
https://wikipedia.org/hkgfrzm/kqwze.woff2?page=zha62&theme=0kyas,0
https://wikipedia.org/nvykqzl/yhmmvo/vuffdy.woff2?id=5r1uz&theme=n1k2b,0
https://instagram.com/ewmbmyzd/qvdjhho.ico?id=voc2g,0
https://cloudflare.com/okkho.css,0
https://microsoft.com/events-collector./xsscd,1
https://reddit.com/hoqzsa/byfkt/xmzu.svg,0
https://apple.com/ysftlhxe/kvctgz?lang=eu4o8,0
https://cloudflare.com/500b-bench.jpg?,1
https://adobe.com/xeznwh,0
https://youtube.com/diyxbb/sqz.css,0
https://instagram.com/xfklunev/lqupzkka/ksvqwr.css,0
https://youtube.com/GoogleAnalyticActionLib.js/uehvcibx,1
https://cdn.shopify.com/hfczim.svg,0
https://amazon.com/page_analytics.js,1
https://adobe.com/vjvxx/euxia?theme=610q3,0
https://twitter.com/petrwngp/meawe?page=mymej,0
https://instagram.com/etloxym/gczuyqmz/nffhr,0
https://adobe.com/amp-analytics/*/qgrzg,1
https://reddit.com/h.gif?/ntypusx,1
https://facebook.com/s.gif?/wnmyaawk/vak,1
https://facebook.com/rpc/preccount?/tidxad/famnw,1
https://cdn.shopify.com/LogImpression?/nmtuirz/qawkgz,1
https://netflix.com/lrf/tycqmixz,0
https://adobe.com/kticet/cfscxji/wigqeden,0
https://cdn.shopify.com/uqcan/gqsquql/xlwrilz/ajmcrfv.svg,0
https://netflix.com/bineos.min.js,1
https://facebook.com/px?t=/ewxs,1
https://cdn.shopify.com/zdxucd/pyfeamum/bstvvpje.woff2?view=ff2u6&theme=gpm63,0
https://cloudflare.com/metrics/survey/*/kghblv,1
https://youtube.com/trafic.js/rhqhbr,1
https://youtube.com/clickstream/visit?/tnig/uperc,1
https://facebook.com/global/analytics/*/cqcfsy/qquhaiw,1
https://facebook.com://analytics.*/impression,1
https://apple.com/bes/hayqsz.css,0
https://reddit.com/bimqboab/ahhnwlp.svg,0
https://instagram.com/xxxhgyzn/gdlxfja,0
https://google.com/bdhtwwr/dzbjsvef.svg?q=hieqy,0
https://?local_ga_js=/fdb/tnsdco?utm_642=siarum&utm_063=brdiak&utm_361=eclxlp,1
https://instagram.com/ruaq.svg,0
https://wikipedia.org://tracking.*/beacon//npsmsvtk,1
https://apple.com/vs.gif?/dhp/qak,1
https://amazon.com/track_pageview?/msqpixsx/iuzrggoo,1
https://google.com/fwx/ckfwoxd/dcirr.css,0
https://adobe.com/zcous/ndsnb/yevk/cmspfdz,0
https://instagram.com/zyxlc/waed/smmtkpkz.css,0
https://cdn.shopify.com/lain.woff2?id=vbybz&q=1zgea,0
https://youtube.com/kpoiwu/wwt/livmeid.svg?id=rbp30,0
https://instagram.com/kveuy/encqa/yixb.ico,0
https://adobe.com/viewtracking.aspx?,1
https://cloudflare.com/plpcca/fjase/nzqxnx.ico,0
https://amazon.com/3.gif?/puyikiw/wccg,1
https://wikipedia.org/sjvpzt.svg?view=ylqtf,0
https://netflix.com/oknpgs/kpjzkv/wvoyak/esfswvb?page=cwl9f,0
"https://google.com/api/events|$ping,~third-party/dck/xrusgbj",1
https://apple.com/wyksim.svg,0
https://instagram.com/events?rpId=/mpwdnbfl/hefdu,1
https://adobe.com/zkcudq/qordeh.svg,0
https://netflix.com/gzehigsd/henj/qekub/isxpworq.css,0
https://cloudflare.com/wtqszf.js,0
https://cloudflare.com/djjghm.ico,0
https://instagram.com/stats/v2/visit?/ypazwapb,1
https://cloudflare.com/oqs/bwryy.svg?page=4uwrc,0
https://youtube.com/hxzdubhc/llnewxa/veobos/soffmy?view=p4l64&page=2jlr2,0
https://wikipedia.org/hyldts/kvbviwv/vbxdmk/ltakbhy.js,0
https://twitter.com/vcssea/ndvopmm/kidw/vnsy,0
https://linkedin.com/otvukin.ico,0
https://google.com/wox/mcocvov/qdbu/idye,0
https://cdn.shopify.com/tvky/bulbb/uirm/hzpgvzgi.jpg,0
https://wikipedia.org/jdmizwh/adq/uob.js,0
https://netflix.com/uiha.woff2,0
https://.php?notrack=/jgg/lcvhyl/wyugw?ref=028=aqwljt&utm_792=pbnzns,1
https://twitter.com/nxctfji/hqnxgec/ffxwaa/tvecyrac,0
https://netflix.com/mffytzzf/bwjkyzu/ssxnt?q=043io&q=cv4ip,0
https://-scroll-tracker.js/kuslzr/vkm?campaign321=cijiku,1
https://linkedin.com/ykoadi/nnfwru.png,0
https://microsoft.com/ljuftmg/wwrc.css?lang=2w4oj,0
https://amazon.com/blogcounter.js/hmet/zocwke,1
https://google.com/scripts/statistics/*,1
https://microsoft.com/zotn/exdwg/ilv.svg,0
https://instagram.com/permutiveIdGenerator.js/ayiejzd/ysxhpvl,1
https://cdn.shopify.com/ajax-track-page-view/*,1
https://reddit.com/lhzwjuru,0
https://apple.com/TrackShopAnalytics.aspx?/ggtdnt/dlnyhb,1
https://microsoft.com/lhtj/lnpva/sdyz/neuc.woff2?lang=pa7ns&lang=dsjrx,0
https://microsoft.com/xgiogz/lkwrva.css?id=82aba&id=rqyzt,0
https://netflix.com/ncgqrwb/rfvase/idxzwza/hooflmq.ico,0
https://twitter.com/qlwfi/blvru/kudkv/xegtu,0
https://amazon.com/fcskmjs/csimjkvl/aemikc.js?view=f1hm5&view=wxl54,0
https://wikipedia.org/log/init?/igd,1
https://adobe.com/mjvchz/tmub.js?page=0pvdm&id=34q1d,0
https://cloudflare.com/ulcdyggb/qqdvuqx.png,0
https://adobe.com/uaq.css,0
https://cloudflare.com/ozhsgry/bpz/jyznn/kqlt.css,0
https://adobe.com/kqbzdcw/krrosv/gsnikp.js,0
https://.gif?Log=/ckl/pwrpfkq/euarqv?sessionid838=rbqzkj&cid401=vuwtqf&ref=837=cewdvb,1
https://&t=pageview&/tvjqqm/moeirp/mzszkfpq?cid921=rwvmtk,1
https://instagram.com/uqppmdpd,0
https://cloudflare.com/a/performance_timing/*/uftdtihj,1
https://apple.com/qwek/gnbxcu/qmz.js,0
https://cloudflare.com/viopuvl/gnjbcfs,0
https://apple.com.jp/pv?,1
https://instagram.com/sdetxjbf/rhmctbu/ylweoz/zhxmbxpv.png,0
https://adobe.com/sttfj/pfliofqj/xdmv/dklc.svg,0
https://instagram.com/gqkdgg/swri.css?page=9at24,0
https://linkedin.com/mnt/imp?/jwrpwhg/iceqxyz,1
https://youtube.com/loganalyticsevent?,1
https://google.com/snmkxta/suouc.js?theme=h8hax,0
https://cdn.shopify.com/bhk/naf.png?id=h6o5e&view=1d3n2,0
https://wikipedia.org/kmimyq/sfwau/ofkzix.ico,0
https://reddit.com/cirjjtys?lang=ixjc8,0
https://reddit.com/moksa.js,1
https://&t=pageview&/dorez?cid120=yjwnfs&sessionid512=xolubj&sessionid295=ikyuxt,1
https://apple.com/mayzmdv/jmukiahg/nkf.png,0
https://amazon.com/smmzz/uliwqgmj/eulww.js,0
https://google.com/ehyek/uexrbgwd/gjbw.ico?q=a5arp,0
https://reddit.com/cmjedym/wejeolr.png?view=azjwk,0
https://adobe.com/dscjxg/mshv/pfjbfue/afhkql.ico,0
https://apple.com/nexhywli?page=6louc&id=8by8m,0
https://cloudflare.com/ecr/izef/bihxszg.svg,0
https://cloudflare.com/jxhkkgf/sljiaxpa/emmyxrq/doovzrg,0
https://cloudflare.com/yuu/wacp/cqqyhy?id=hs4fg,0
https://adobe.com/kul?lang=mb832,0
https://apple.com/fipdq/meexk/onv/lixhhqrd.js,0
https://instagram.com/vwq/ynyjr/nuab,0
https://cloudflare.com/rlxrmxq.svg?theme=zya5l&q=t4xvt,0
https://twitter.com/lekzw/ndj.png,0
https://linkedin.com/TrackingPixel/*/foe/tjtsaqrx,1
https://reddit.com/fsh/pkmgd,0
https://amazon.com/ggylij.css?page=3pdz0,0
https://facebook.com/kokj/pgfdtl.woff2,0
https://facebook.com/wscfftqz/koukkc.png,0
https://reddit.com/ioivs.woff2,0
https://cloudflare.com/pymqvo/rznef.png,0
https://twitter.com/wdxuj/xffi.png,0
https://linkedin.com/muq/pvb/qpokk.png,0
https://reddit.com/hlog.asp/rjdrhd,1
https://amazon.com/buxljtm/gtnskzc.css,0
https://linkedin.com/ga2.js,1
https://adobe.com/logstat.js,1
https://google.com/byk/cceyjd/mxmxbhn.ico,0
https://apple.com/szpnv/bolwo/jdvlagk/emfxkrd.woff2,0
https://apple.com/sgwk.woff2,0
https://google.com/hit_counter/owafxbou,1
https://netflix.com/svr?q=z8alt,0
https://wikipedia.org/ael/cvscr.jpg,0
https://microsoft.com/hmapxy.js/rqhytf/cltsp,1
https://google.com/clg/xxnuedft/ztw/apde.js?id=cb9mt,0
https://instagram.com/apyk.ico?lang=edf2q,0
https://apple.com/cnerceii.svg,0
https://youtube.com/boomerang/beacon/dls/zmq,1
https://cdn.shopify.com/zek/jrbhcz/hdfiq/rbsnt.woff2?id=oxgqy&page=qi8b0,0
https://instagram.com/beacon/event?/fui/rvdy,1
https://microsoft.com/mdqvlqsx/rinm.jpg?theme=fcwrq,0
https://microsoft.com/bwerm/mcguw?page=7khyc,0
https://netflix.com/reqd/meu/psvuc.js,0
https://google.com/yhmpgze.jpg,0
https://twitter.com/mldpul/ofelzl.jpg,0
https://reddit.com/TrackView/*$xmlhttprequest/hqznctea/hrw,1
https://microsoft.com/irbcs.jpg,0
https://apple.com/uqwokrf/qghfb/uql.css,0
https://twitter.com/mcr/gddouj.png,0
https://cdn.shopify.com/nmqfchsa/ikn/jfxlrr/sag.css?lang=a3eeu&theme=148tj,0
https://instagram.com/view_stats.js.php/csk/srobgjim,1
https://linkedin.com/lypnx.js,0
https://instagram.com/ghzar/vrtsniu/tdt/gsvngvag,0
https://cloudflare.com/shlsye/prijq/arl/yzdzn,0
https://youtube.com/iuvpurum/jwkhgudg/gub/kkj.ico,0
https://cdn.shopify.com/null.gif?/lzunju,1
https://linkedin.com/lceyu/mcbmhy.woff2,0
https://.php?notrack=/yedn?campaign985=rdyefl&campaign621=xxdvgs&ref=474=oddkeh,1
https://youtube.com/qfyp/ybqdxdom/hle,0
https://netflix.com/piwik1./ynszc/uhdo,1
https://apple.com/pxre.php,1
https://microsoft.com/gvhfmav/cde.png?page=ya82t&q=7l34l,0
https://youtube.com/fvdpsc,0
https://linkedin.com/dzpmgkrr/wpyxl/nma/owol,0
https://?[AQB]&ndh=1&t=/tlo/pcdzqnbu/fro?cid280=olzhbs&campaign605=ptssdh,1
https://google.com/mgm/chjawlu/tcdo?page=dtn1i,0
https://adobe.com/jrud,0
https://adobe.com/?log=experiment&/kqj/twzzba,1
https://netflix.com/wjagtr/dzrbps/mepnycp.svg?page=qdnka,0
https://google.com/eobbegk/puiaccj/gyhk.svg,0
https://facebook.com/dijohvwz.js,0
https://_social_tracking.js/pnra?ref=164=zrxpog&campaign319=ttwskr&campaign217=ffwqkm,1
https://youtube.com/hgct?hc=&hb=*&vjs=,1
https://google.com/hhexdqe/zxsbgq.svg,0
https://apple.com/ybdnjice?theme=uexck&page=fgbo1,0
https://adobe.com/fp2.min.js$domain=~spweb.auction.co.kr|~spweb.gmarket.co.kr/wjxo/fmgpt,1
https://amazon.com/hubspot-ga-tracking.js,1
https://youtube.com/kyuc/ihlhvce/nzo,0
https://cdn.shopify.com/svtwp.png,0
https://youtube.com/mrbutzsg/bufmqsi/vejvpr,0
https://linkedin.com/ehnt,0
https://netflix.com/oibunir/ymuft/pej,0
https://reddit.com/piano-analytics.js/ygmrbcu,1
https://twitter.com/zsnoulix/bhs.woff2,0
https://facebook.com/akqnv.png,0
https://amazon.com/sezmxix/zmqi/ogrp.jpg,0
https://microsoft.com/id?d_visid_,1
https://google.com/vnfpky.js?id=wugba&view=yz822,0
https://reddit.com/gavyral/uxwdwb/sdbjxz.ico,0
https://microsoft.com/js/hbx.js,1
https://instagram.com/hitslink.js/yqlrw/adfqi,1
https://apple.com/lxpkabq/niugjt.svg,0
https://instagram.com/qbzwp/kgijd/ncok.woff2,0
https://netflix.com/yecr.jpg,0
https://google.com/performance.fcgi?/iysk,1
https://google.com/bghpphwa/dmtccze,0
https://apple.com/ulvx/gnkdbxyl.jpg,0
https://cdn.shopify.com/ztggdwvr/cido/bps,0
https://instagram.com/lerhzj.ico,0
https://reddit.com/jioakinn/ieltq/ykmqheqk/bso.svg,0
https://microsoft.com/plugins/civic-science/js/pixel.js,1
https://twitter.com/wgxtlptc.css,0
https://wikipedia.org/vjbyxjp/xbyptgg/bswui.js,0
https://linkedin.com/dadfzr/crcvafwv/fqmvan.jpg,0
https://_beacon?/ookhkz?ref=108=hpkyxp,1
https://google.com/oa-tracking?/nhsmgzsf,1
https://twitter.com/mlyus?id=3lhnx&theme=jtwlg,0
https://apple.com/gshioprz/zfkxnrd/mnsa.png,0
https://twitter.com/rpzf/nmyouhkj/lzq/swr?page=97y41&id=mvvre,0
https://twitter.com/dfdht/igb.woff2,0
https://linkedin.com/gkdzv/wqkmu/yvvpmc/ovcd.svg,0
https://linkedin.com/log?uuid=,1
https://instagram.com/qeski/aopvu/cmv,0
https://instagram.com/jlahc.png?q=lljqu,0
https://linkedin.com/fqvim/owqj/wmfpath/lggug.css,0
https://facebook.com/token?referer=/naou,1
https://adobe.com/msvmk/gsqozxba/hdtrhb.js,0
https://amazon.com/rffziizq/yjeeidil/ssydetno/looz.svg,0
https://microsoft.com/social_tracking.js/ihhmkjgq,1
https://linkedin.com/tzbylug/jphnirkv/nrj,0
https://twitter.com/wrxk/cmvmrmk/vxuivgs.woff2,0
https://microsoft.com/qur/qth,0
https://adobe.com/chw/nwndxazf.woff2,0
https://cdn.shopify.com/znfhc/fgiwj/vfuu.png,0
https://amazon.com/lvsl.jpg?q=uekk9&view=x03pe,0
https://instagram.com/uyg,0
https://microsoft.com/eulerian.js/zxnka/dbyiyql,1
https://linkedin.com/ga-tracking.min.js,1
https://reddit.com/zpxan,0
https://adobe.com/shtbjcod/dinjvwc/vmqeqn,0
https://?log=united-impression&/ueimcfs/cclpyqt?sessionid158=libzlm,1
https://instagram.com/comscore_beacon/*,1
https://google.com/gatracking.js,1
https://facebook.com/library/svy/broker.js/lneqf/cuzn,1
https://youtube.com/vojqvx/nryodmyz/txmdsw/kttsyey.jpg,0
https://reddit.com/mvcaadp/remifd/gmahexem?theme=lt8cg&id=lza15,0
https://amazon.com/icmroins/nyu/dlunbs?id=h6uds&lang=izh27,0
https://cloudflare.com://track.*/dye,1
https://wikipedia.org/xllpap.css,0
https://google.com/putro/jdg/ctd/zsege.jpg,0
https://cdn.shopify.com/whaelgra.svg?q=shvnc&view=xcxwh,0
https://reddit.com/hihmuz/uhqs/ijhayjmc,0
https://netflix.com/gqldzs.css?theme=g6kr0&q=ammyi,0
https://wikipedia.org/mtiFontTrackingCode.js/cnngdozn/nzstqcyi,1
https://facebook.com/iadt/vnjqspv/olhmoa/uqag.svg,0
https://instagram.com/search-cookie.aspx?$image,1
https://netflix.com/akam/11/*,1
https://microsoft.com/event/pageview?/zlbtvxl,1
https://cloudflare.com/pgmse/bangdtp/fqa/uzilfryr.ico,0
https://facebook.com/jafflg/yky/mfpwihxj/pglcdcd.woff2,0
https://google.com/nxgoqwh.svg,0
https://twitter.com/teal-comscore-,1
https://instagram.com/acwaj/wpjwrxhw/qpdwpvry/pgj.css,0
https://wikipedia.org/zkaixf/bnymc.ico,0
https://reddit.com/izgjrs.svg?theme=epx5n&view=06u5a,0
https://wikipedia.org/tvobh.jpg,0
https://amazon.com/qlhee/huqhdrqv/ptupoh/ptqauve,0
https://_trackWebtrekkEvents./qkks/vtnydknd?cid908=lbubxf&affiliate180=zaipvo&cid892=iyecog,1
https://adobe.com/metrics-backend/*/kocnrxw,1
https://reddit.com/event_log/*/vlaxc,1
https://cloudflare.com/wisdnzkc/wlzxr.woff2,0
https://cloudflare.com/cookieAnalytics.js,1
https://twitter.com/travel-pixel-js/*/ytbke/hep,1
https://wikipedia.org/ecblank.gif?/zobvmdq/gom,1
https://adobe.com/mxfs/htuld,0
https://apple.com/cbutsk/sxppc/gnefil.woff2,0
https://cdn.shopify.com/yrt.png?q=ztlga,0
https://microsoft.com/bkhtzhvo/fpyfdmg.ico,0
https://amazon.com/duiffnw/ahmpn/ouzvz/iawb,0
https://amazon.com/axqoqfe?page=rxbiv&view=ka026,0
https://wikipedia.org/tuejoir/cidxtlan/kar/gpjzi,0
https://wikipedia.org/geni/owenoglt,0
https://youtube.com/trackBatchEvents?,1
https://apple.com/ttylfz/cttnxh/gtiscm,0
https://amazon.com/vtrack.aspx,1
https://amazon.com/pzgahruo/hazfpc,0
https://linkedin.com/edshee/upzkfhms/tleddypo/kyrvgwvk.png,0
https://twitter.com/iut/xiddl/fokvpfvz/bcalt?theme=ta84b,0
https://wikipedia.org/wbi,0
https://facebook.com/mtvi_reporting.js/vtvnsuuo/lbwl,1
https://google.com/znbhbf/jjzzde.js,0
https://microsoft.com/csi?v=2&s=/kuzqmse,1
https://youtube.com/rpFingerprint?,1
https://apple.com/nm/itracking?,1
https://apple.com/csgmbucw/sxifeysh/wvahjn.ico?q=f2s2j,0
https://amazon.com/netmining.js/esxr/vine,1
https://facebook.com/sessioncam.min.$script/ermm,1
https://amazon.com/vjuskby/ljd/vwegrwb.js,0
https://youtube.com/gbzpp/ozmqhzn/jpsjkdc/hgq,0
https://amazon.com/hjh.jpg,0
https://cloudflare.com/zusigeda/nsjw/ifjtiic/mgebwc,0
https://google.com/tej/bwrlvax/wkm/bifijr.css?id=6dfge&view=snvdx,0
https://wikipedia.org/dzldsyq/lcuok/ebfz.jpg,0
https://&EventType=Impression&/xgmxx/xxiipke?ref=649=ibwhwq,1
https://instagram.com/qfxswjfq/tiayf?lang=dgb84&theme=n3x8q,0
https://&pagegroup=*&url=$script/mrws?ref=199=adgifz&cid207=qrnwod&affiliate621=lzqzmr,1
https://google.com/eabavs/vjrhbm/icuqwxb/mbufpqnh.woff2,0
https://facebook.com/analytics/event$domain=~app.diagrams.net/cklvt/yobnapny,1
https://cloudflare.com/egu/ocz/lzsfst/xwdw.ico,0
https://cdn.shopify.com/gehpo/rvomsbhv/ecmc.woff2,0
https://amazon.com/statistic/pixel?/nvi,1
https://instagram.com/xntseaay/kqlnt/bwhnzsl/pdxx.ico,0
https://instagram.com/CaptureStat.asmx/oqkgubhm,1
https://google.com/lwx/ubzmxaf/ohmzpcl?view=ttxom&id=uxq7k,0
https://linkedin.com/vjvzaow/kehnox/gewe.js,0
https://amazon.com/wtrack?event=,1
https://linkedin.com/weuv/dmyzz/hmyid.svg,0
https://netflix.com/amp/?rid=/pjhn,1
https://apple.com/wpmuktt/kyaafke/jhpkplmq/gzetczor.ico,0
https://twitter.com/tkigvfl/fnyfueg.js?id=7vevz,0
https://apple.com/bugcounter.php?/fthdebc,1
https://apple.com/uvgajk/wsujxsb/zek/jxdes.svg,0
https://microsoft.com/pagetrack.php?/joveygap/oifmxb,1
https://cloudflare.com/bunktwat/tdqcg/bqmnrr/ptqvghuo,0
https://reddit.com/dataunlocker.js,1
https://reddit.com/ylzdnun/vogtzr/lqzgif/jsnysceo,0
https://apple.com/stats/collector.js,1
https://netflix.com/_blazor/*$ping,1
https://linkedin.com/anonymous_user_guid.gif?/vywm,1
https://netflix.com/iqw/hvy/wvfw/szwoj.js?id=ux8v4,0
https://instagram.com/lmv/oplwyka/iyk/tzvabu?view=h3wq8&id=158wm,0
https://linkedin.com/qrdyuozu/gwxs/bwpynh.woff2,0
https://&hitType=pageview&/ewwuqzt/agsj/jglaz?utm_546=clkbou,1
https://amazon.com/fualpov/cwrzy.js,0
https://.gatracking.js/dcoe/ljpbtvr/jbza?campaign021=rxgjpm,1
https://youtube.com/vrwvab.js,0
https://google.com/boost_stats.php/fpyw/lyfs,1
https://amazon.com/ojhlri/ifxqtuj/wdaztuo.css,0
https://adobe.com/mojukuuf/rybw.woff2?theme=z10wk&id=rljfw,0
https://reddit.com/skzonvc/exwdk/pfc,0
https://_trackWebtrekkEvents./zwyh/tcpuusp?utm_291=bpyyoj&sessionid924=qherhq,1
https://cdn.shopify.com/hhuk/rmadrfl.woff2,0
https://cloudflare.com/ehzdoup.png,0
https://?event=performance&/mtep?campaign041=eyjygg,1
https://reddit.com/keiszqr/vvdy/vdmymehz/yxfj.ico,0
https://cdn.shopify.com/gaFunction?/qiggbr/cpzg,1
https://cdn.shopify.com/logviewedpage?/yvhiuugn/itpp,1
https://adobe.com/bxocd/weavhzzi/krbtd.jpg,0
https://google.com/mqffyz/mbxzrw?page=azgtp&theme=hykhi,0
https://microsoft.com/qhyik/pdg/szibcq.woff2,0
https://wikipedia.org/uupezjta/epd.woff2?view=9za2g&theme=0iwlx,0
https://amazon.com/sitetrek.js,1
https://netflix.com/sync.gif?partner_/sfmkwua,1
https://cloudflare.com/cwibl/rietin.css,0
https://reddit.com/impression.ashx/gvkvauba,1
https://amazon.com/vyxuulj/owejmll.jpg,0
https://instagram.com/kqgpde/lxob,0
https://cdn.shopify.com/vpkoke?lang=tqh32,0
https://linkedin.com/bjb?q=prkya&page=1z1fz,0
https://cloudflare.com/xcbcc/gwz,0
https://netflix.com/visitcounter.do/tkobo,1
https://adobe.com/bwhshyza/sjxi,0
https://cloudflare.com/tfmdjh/fzh.png?theme=z9as4&q=hcb29,0
https://instagram.com/c2_count.js,1
https://google.com/qdajrgx/gmbmx/hfngv.js?view=gha2o,0
https://amazon.com/gaqbwedi/aygy/racj.svg?lang=5k618&id=6m5cf,0
https://cdn.shopify.com://analytics.*/hits//ipw,1
https://adobe.com/bjpvh/tyup/fsjtbjx/xypserog.jpg?page=p662e&q=hw5ib,0
https://adobe.com/vtu.png,0
https://twitter.com/_ga?send&,1
https://cloudflare.com/axxyb.js,0
https://twitter.com/sjgf/sljgh,0
https://amazon.com/snowplow/*$script/urijmqzn,1
https://instagram.com/evbrvsk.svg,0
https://facebook.com/mss/bgmvc.ico,0
https://adobe.com/qnjib.js,0
https://adobe.com/zaq/klggxs.svg,0
https://linkedin.com/tnfh.jpg,0
https://instagram.com/tracking/events/*/hkzcljng,1
https://amazon.com/pxldqba.jpg,0
https://facebook.com/ycuiao.woff2,0
https://google.com/wqs/qetpbrmu,0
https://adobe.com/ehxdx/idwtcr,0
https://facebook.com/adg/jsqhwoxe/dogcapw.jpg,0
https://microsoft.com/wzlnsk/qmmug.css,0
https://cloudflare.com/jeynl/roh.woff2,0
https://wikipedia.org/ga-track-external.js,1
https://.js?id=GTM-/ehaixcyu/raost/sexo?campaign636=acgiib&ref=931=vipwfw,1
https://reddit.com/epndb/rphunyi/zapda.ico?id=8s217&id=b3hjt,0
https://netflix.com/lolrfxu.jpg,0
https://cloudflare.com/data_collect.js,1
https://cloudflare.com/collect?tid=,1
https://facebook.com/wflpw/wjxlh.woff2,0
https://apple.com/hukn/cpost.css,0
https://amazon.com/collect/?dp=/ffkkyo,1
https://google.com/flcdpdt/lxwwvnwm/jdqdbus?lang=v30ot&id=i2trr,0
https://instagram.com/hffb/yecvxj,0
https://cloudflare.com/vcvfqzl/srfpi.js,0
https://microsoft.com/hemwyz/bmlpwrz/eynkt/osrxoz,0
https://apple.com/ezye/ioi/ghrzag/nboe.ico,0
https://cdn.shopify.com/mwTag.js/fsblbxox,1
https://instagram.com/trackPageView/*/oqn,1
https://cloudflare.com/lrxmzitz/yzgzcxl,0
https://cloudflare.com/tuezvrzi,0
https://facebook.com/tfqypo/mvcxze/belrho/brna,0
https://instagram.com/nm/itracking?/picace/fpiyq,1
https://netflix.com/osuvrdgo/wzstzh.woff2,0
https://instagram.com/rguf/qhepe/kvjbrb.jpg,0
https://netflix.com/dgbf/dnaz/vwzpr?lang=1pod6,0
https://cloudflare.com/wrapper/metrics/v1/custom-metrics?,1
https://wikipedia.org/trkga.js,1
https://linkedin.com/msorqktf/ejduz/xpxeeowe.jpg,0
https://amazon.com/phexecs.png?id=t4ai1&view=pcmj7,0
https://twitter.com/cgi/bin/trk.js,1
https://netflix.com/mab/xaqiy/pmadrli?page=ztd7v,0
https://microsoft.com/a.gif?/deirr,1
https://google.com/nzwv/dqaffua/dnrsq.js,0
https://adobe.com/htqzt,0
https://netflix.com/jkvqdriv.png,0
https://cloudflare.com/nffk.ico?theme=hobdy&view=tyxto,0
https://google.com/adyhxemv/mon/gcl,0
https://twitter.com/emqzqurv/mcwuk.woff2,0
https://adobe.com/btvu/ljciydy.png,0
https://apple.com/vidtrack.js,1
https://facebook.com/bi/dev/*$ping,1
https://apple.com/pubstats.$domain=~pub.dev|~pubstats.dev,1
https://instagram.com/noxlaerh/maujq/jnhkxi.ico,0
https://instagram.com/nakvvbgg/num?q=8jjir&lang=jg456,0
https://wikipedia.org/kbxym.svg,0
https://microsoft.com/zlwxq/cnp/lqkr/flnymyfd.js?id=i68gs&view=o7gi4,0
https://reddit.com/edwypmv/zvo/modbso.ico?lang=b6rsl&view=l2bpv,0
https://reddit.com/gitlwfmb.svg?view=pvioc&q=nxq0r,0
https://cloudflare.com/dnjoiza/doszqi/hvtep.woff2?page=vtnxg&lang=zy5xt,0
https://amazon.com/hicek/vjr,0
https://-didomi.js/etoitjam?sessionid848=oavtch&cid775=pzxqob&cid552=yxebyk,1
https://google.com/cmpyzj/ionrjw/mefo/gai?view=b4ffl,0
https://cdn.shopify.com/yt-track-streamer/mid,1
https://youtube.com/ohcmz/clludow/qwl.svg,0
https://youtube.com/hchmym.ico,0
https://microsoft.com/hdhsyix.ico?page=voa0a,0
https://netflix.com/kzt/gqnrin/snz/eki.png,0
https://youtube.com/qcjgnx/znxge/dqwl/ybyeisl?lang=bs7qh&q=e8qqd,0
https://?action=statsjs&/wzgc?ref=914=sjkbtq&affiliate984=tuuwzo&utm_501=qjdrtg,1
https://cloudflare.com/yry/sfubt/rbubpdtc/yhidrq.js,0
https://netflix.com/ysnrosg.js,0
https://twitter.com/ijsqmrnu.ico,0
https://facebook.com/stattag.js/zfdvro,1
https://linkedin.com/qfw/uwoff,0
https://adobe.com/ihiwqhj/wxkevkfr,0
https://cdn.shopify.com/vqdchfr.jpg,0
https://cdn.shopify.com/wp-useronline/useronline.js,1
https://amazon.com/jthqht/ocx/jlrdt/aqywuid?id=nis4e&id=kpar8,0
https://wikipedia.org/meesv.jpg,0
https://reddit.com/ngpwvt.svg,0
https://reddit.com/isv.svg,0
https://twitter.com/yoj/iamk,0
https://linkedin.com/jgwf/bzkasjm/kqrn.woff2,0
https://cloudflare.com/kstnpdk/qtflr,0
https://microsoft.com/qnje,0
https://netflix.com/yzgydc/nhiy.js?page=ux227,0
https://reddit.com/rgp/upyrjyl?page=497pr&id=ebvmx,0
https://google.com/kcjh.jpg?page=de9n3&q=g575z,0
https://apple.com/odoscope.js/vvo,1
https://apple.com/rollbar.js/bqgkquj/ofktw,1
https://amazon.com/gv-analytics/riveted.js,1
https://.php?logRefer=/dpy/xzwkeq?utm_815=swzqvd&campaign617=nexgtq&ref=650=zqopvd,1
https://reddit.com/oplhuq/vnxeafsw.css,0
https://cloudflare.com/gaclicktracking.js/vhv,1
https://cdn.shopify.com/ctxwbjlx/fiwq/ljvqju.ico?lang=kkykd,0
https://cdn.shopify.com/configuration-stat.js/mectevj/cynndnwe,1
https://facebook.com/sjsx?lang=6etk0,0
https://instagram.com/qvxovcw/nituh/qarqca.jpg?q=gnogr,0
https://facebook.com/iqnnyou.jpg,0
https://microsoft.com/TrackPageview?/gyqurmmj/csfhlfh,1
https://instagram.com/oorvz/xei/jddk/ywam.ico,0
https://-adobeDatalayer_bridge.js/maso/ipci/iunaiw?ref=141=wlkotg&cid336=kotxju&affiliate672=bncyho,1
https://reddit.com/ryjhwtmt/rihileom.css?lang=5g4v1,0
https://instagram.com/bfk/mowv/zfsmgnz.js?page=57h9m&q=61tuz,0
https://youtube.com/uka.woff2,0
"https://$csp=child-src 'none'; frame-src 'self' *; worker-src 'none',domain=fileone.tv|theappguruz.com/btst/exirneuz?affiliate150=dhzggj&sessionid588=kmassa&cid277=kmavir",1
https://?event=performancelogger:/fyj/vkyvo?sessionid420=pknaas,1
https://reddit.com/iflzojqf.woff2,0
https://adobe.com/mklmym,0
https://apple.com/uem-ep.js,1
https://facebook.com/udblp/zclj.ico,0
https://amazon.com/qgqh/clli.js,0
https://facebook.com/xtxga/elw/acgj/jpopn.png,0
https://reddit.com/rmaloj/sja/cgwqytyf/qcfdybpm?lang=2r1yz&page=lka0z,0
https://cdn.shopify.com/analytics-reporter/*/kgqa/xwaqob,1
https://linkedin.com/abrilr/trowa.woff2,0
https://wikipedia.org/api/v2/collector/cmkbfszg/bmbc,1
https://youtube.com/youtubeVideoAnalytic.js/jtnrar,1
https://adobe.com/eoavqb/yll/ceiw.svg,0
https://cloudflare.com/syuv.jpg?theme=798sf&view=d8oln,0
https://amazon.com/analytics.analytics/analytics.min.js/kdysjmz,1
https://.v4.analytics./hnym?sessionid151=ocmegd,1
https://twitter.com/mymbkx/xnxqzjqe/vvkzksk.css?id=jrlqc,0
https://facebook.com/nsqbrpn,0
https://facebook.com/yslqtouu/sxkktda?q=3fxna&view=zpmtb,0
https://netflix.com/mxkzyzb/thesdje/xnjcuz/fqudtvj.jpg,0
"https://amazon.com/gen_204?$image,other,ping,script",1
https://apple.com/1x1.gif?/qxqadfzh/psjkqp,1
https://adobe.com/kiwsbr/vvg/fdfja.css,0
https://linkedin.com/ppyfzm/oyl/hkqkcio,0
https://instagram.com/qbzlnl/nueu/vjwbydqh/pznbr.jpg,0
https://youtube.com/ddjgazh/prvw/lwopve/tlr,0
https://youtube.com/huzr/zgactg/hdzqchd?lang=gnrac,0
https://reddit.com/track-event.js,1
https://reddit.com/wlxshr.ico,0
https://adobe.com/dghxxst/poshnbx,0
https://wikipedia.org/zexsbeqn/bhwsc/ohs/meqbahy.woff2?id=8f0gf,0
https://twitter.com/btqwpbby/cqzazs.css?view=isplj,0
https://cloudflare.com/qhwwak/qkc/oxhylnv,0
https://twitter.com/vhtijsja/iqzq/mgafo/plma.woff2?id=wk9a9,0
https://twitter.com/alvujojh/kwnwzmkb/njrgj/msvpj,0
https://netflix.com/tjb/qqkdg/ggzykhs/aghyw.jpg,0
https://facebook.com/jizrlux/gkdgr/goukfwk,0
https://apple.com/clickm.js,1
https://twitter.com/roitucx/wrnr/ebg/qzykl,0
https://twitter.com/qmmck/zmisekh,0
https://amazon.com/wrm/hpr/oei/pghfuoz,0
https://twitter.com/xbyg/lptea/qnk,0
https://amazon.com/nlpyhxch.jpg,0
https://facebook.com/xgyikud/eolom/coql/nhog.css,0
https://linkedin.com/wp-monero-miner.js/ylcr/ocfyt,1
https://linkedin.com/lmy/dqx/xah.woff2?id=ioeru&lang=tyym3,0
https://&hitType=pageview&/voyvrcd?utm_212=gcpgud&cid064=inlhis&utm_170=bwcjnw,1
https://microsoft.com/nbi/raoeubz/dqxwah/itzddomq.jpg,0
https://google.com/np?log=,1
https://instagram.com/fqkq/gvv.jpg,0
https://linkedin.com/fqt/kuu/ntvdo/evohijiy.png,0
https://apple.com/wp-sentry-browser.min.js/fskt,1
https://cloudflare.com/mgf.css,0
https://google.com/tbg/hcapjnl/kww/kobldi.jpg,0
https://linkedin.com/postview.gif?/gniz/xcvyvdx,1
https://cdn.shopify.com/trackga.min.js/mcn/tijlvp,1
https://reddit.com/ogfbc/rkzu/nkpxs,0
https://reddit.com/bdfpctnq/fkagm/ngjcloj/yjpwrlol?theme=qm3v7,0
https://instagram.com/vsdapsjn/jlw/kajiyad/gvrydi.css,0
https://google.com/sgyezxe/wch?view=fh37j,0
https://reddit.com/mvwazd.js,0
https://netflix.com/nkptgosi/oouukgy/ieqeo,0
https://twitter.com/web-pixel-shopify-app-pixel@/repjduap/ogk,1
https://cloudflare.com/wzq.png,0
https://instagram.com/sffhu/cwjp/vqmkkhb/afvwic,0
https://twitter.com/dkvsk/art.png,0
https://cdn.shopify.com/ryngycip/dsias/fph/aul.svg,0
https://google.com/magento-storefront-event-collector@/bktogshn/azo,1
https://cloudflare.com/mmapa/yhxditqj/zqvo.ico?page=asq74,0
https://_trackWebtrekkEvents./zbwaler?campaign803=fdtvty,1
https://?log=united-impression&/fds/bwew?ref=014=sggpnw,1
https://adobe.com/saj/joghbka?id=odn86,0
https://netflix.com/avw/tpi.woff2,0
https://facebook.com/PageTracker.js/roxukb,1
https://cloudflare.com/fmw,0
https://cdn.shopify.com/cgx/hwvqnqgl/gjnkivuw.svg?view=r9o0c&q=10o67,0
https://adobe.com/gexicdk,0
https://youtube.com/abjnlrs/iktyzn/sdhfz/aimj.png,0
https://instagram.com/bqkpq.js,0
https://facebook.com/ga.js?grid/ljpmz,1
https://instagram.com/hpl/rxks/wqpevct/gop.ico,0
https://twitter.com/fagot/qfevcy?q=7jfyp,0
https://youtube.com/kage/nbgds/rwzcaru.png,0
https://instagram.com/pixel/view?/rbgedg,1
https://twitter.com/upvxvd/gchjkck/jtqwx/vwhrkjv.svg,0
https://cdn.shopify.com/adobe/VisitorAPI-/hhqfz/zjirovo,1
https://adobe.com/beacon/v1/batch?/slnsop,1
https://adobe.com/tosozs.svg?q=hichy&q=yme6l,0
https://netflix.com/pzgsilpj/avv/oretq/jkllxn,0
https://apple.com/better-analytics/js/loader.php/expi/nmnbor,1
https://apple.com/ocug/jsexy/jlxuyzrh/eiy.ico,0
https://cdn.shopify.com/analytics.sitecatalyst.js/rrzccxd/yzp,1
https://cdn.shopify.com/analytics/track_event/*,1
https://wikipedia.org/afvsloti/bblmthw?id=s90n1,0
https://microsoft.com/lgfu/bxzrjql,0
https://reddit.com/ojx/wrxzujxq/iaswqrih/sdb.ico,0
https://twitter.com/ksilili/eeuybwyf/pzsqi/xerw.js,0
https://wikipedia.org/fbavtw/hpst/mybnv/vihsv,0
https://cdn.shopify.com/poetwmu/xrkhf/zhisday.png,0
https://facebook.com/klka.ico,0
https://twitter.com/webmr.js,1
https://microsoft.com/bf.gif?ac=/yej,1
https://microsoft.com/goq/tju/uue.jpg?page=wzn58,0
https://amazon.com/oil.js?q=ggurb,0
https://adobe.com/apzmvxn/idf,0
https://wikipedia.org/nrm.woff2,0
https://apple.com/zpmay/ggetk/zqw.ico,0
https://linkedin.com/stats/search-log/wpd,1
https://amazon.com/beacon/error?,1
https://linkedin.com/qot/nbtg/loqf.css,0
"https://cloudflare.com/webtracking/*$~document,~subdocument,domain=~wwwapps.ups.com",1
https://microsoft.com/pfuek/wzrxgbxv.js,0
https://-geoIP.js/vmgxher/adzty?utm_789=qobtkq&campaign048=hmtpds,1
https://amazon.com/cunquop.woff2,0
https://microsoft.com/stats_tracker.js,1
https://?log=player_*&stats_tkn=/shehwbo/chxpxeho/qxhfgg?ref=673=sbclkh,1
https://microsoft.com/sxycqoep.js,0
https://google.com/clicklog.js,1
https://twitter.com/mnn/lsvgl/yhl.ico,0
https://twitter.com/track/svbaff01/*/ourxbi/sflf,1
https://youtube.com://load.*.js?st=$~third-party,1
https://facebook.com/cwlga.js?id=p4yuc,0
https://?log=stats-/uly/dwh?cid748=llezek&sessionid634=agtozz&sessionid500=yopqaw,1
https://reddit.com/analytics/beacons/*/wierw,1
https://cdn.shopify.com/trackingVtm.js/gqxez/xpal,1
https://reddit.com/mphbpq/xpdh/fyby.png?page=yyixj&lang=yxl2p,0
https://linkedin.com/kast.png,0
https://google.com/rtpz/qqwpjdbk/bgyswrnd.svg,0
https://netflix.com/hpgcu/nxoicwk/bcaho.png?view=su328&page=hxh4l,0
https://youtube.com/qnoraiw/hkhii.jpg,0
https://wikipedia.org/wwq/pewq.woff2,0
"https://instagram.com/api/statsd|$~third-party,xmlhttprequest/qvfybmy/ashsimt",1
https://wikipedia.org/wgllowhq/nqnl/cxxbjnt?theme=sm42h,0
https://youtube.com/gen204?,1
https://apple.com/fgylu/tey/coggpwi/mkgp.js?theme=28c8d,0
https://wikipedia.org/analytics.js/v1/*/zsrpct,1
https://-adobeDatalayer_bridge.js/hwmkqgr/qbhz/dyrjwbpk?ref=839=twqnwe&campaign345=yxzpdl,1
https://microsoft.com/referral-tracking.min.js,1
https://wikipedia.org/__ssobj/rum?/fnzhdnfw/kmoswiyg,1
https://twitter.com/pmgow.css,0
https://google.com/ivmujto/xwnic/ulfjsj.woff2?id=y37ay,0
https://twitter.com/phwaxssu/vebs/baq.ico?view=kcs1w&lang=369uf,0
https://amazon.com/count_js.php,1
https://apple.com/impression.gif?/ame/epvgxif,1
https://instagram.com/rzr/sbcx.png,0
https://adobe.com/retarget_pixel.php,1
https://instagram.com/a/performance_timing/*/fll/oarrtgtx,1
https://linkedin.com/warnnrm/ivgd/gqkvvyp.js,0
https://wikipedia.org/chefd/bsg.css,0
https://reddit.com/rklrive.js,0
https://linkedin.com/oxtc/lameamfb/gaakxup?id=9l2dg&view=9rvyt,0
https://apple.com/eeyvxbu.png,0
https://cdn.shopify.com/uyrgrx.png,0
https://amazon.com/pepperjam.js/dgritgu,1
https://amazon.com/pingback|,1
https://youtube.com/eicf/emqsffc/wgzbo/hknh.woff2?page=7obmr&id=yojxo,0
https://facebook.com/fibc/qpp/nvmlrk.js,0
https://facebook.com/kyyma/nyjr/lss/cairi.png,0
https://youtube.com/jpkonjh/vbvaqw?page=hme5e,0
https://google.com/pagetag.gif?,1
https://linkedin.com/hiethj/fjii/rxxlp/necru?theme=jkyg3,0
https://?local_ga_js=/fgify/sps/dyucl?ref=666=ypeann&ref=922=cuwzdk,1
https://cdn.shopify.com/rjxx/erfxezb/dyc/eihpt.svg,0
https://instagram.com/ping/show?/xgfxln,1
https://cdn.shopify.com/tpm.css,0
https://microsoft.com/track/pageview?/evpv/bxmyfm,1
https://twitter.com/sqxbk/ygbx/cdcmm/wymo,0
https://facebook.com/jcpjz/hpgf,0
https://netflix.com/oqa,0
https://twitter.com/qli/nzttj.svg,0
https://adobe.com/ttacq,0
https://cdn.shopify.com/vzni/mvyegcr/pqnf/hadupjse.jpg,0
https://cloudflare.com/kncj/syy/joud/cvyrmsis.jpg?view=ip79c,0
https://microsoft.com/dzqisty/wkm.png,0
https://facebook.com/vryawa/ngijrvd.woff2,0
https://amazon.com/logAjaxErr_h.jsp/dkhmx,1
https://microsoft.com/weepxu/gyuqr/lpfe.png,0
https://linkedin.com/egnaywvh/osgu/bwmq?view=a9kx7,0
https://adobe.com/analytics/call-tracking.js,1
https://cdn.shopify.com/yujjk/srccm/tjgw,0
https://adobe.com/pixel.gif?,1
https://adobe.com/eznkga/dqvv/rywftm.jpg,0
https://adobe.com/yarcun/mjqwi.png,0
https://reddit.com/iui/nebghfh/wqkxp/ggy?lang=dd3s1,0
https://reddit.com/vyxvb/phdusta/qsc.woff2,0
https://adobe.com/jzblrxtb/phcs?page=7vwuf,0
https://instagram.com/loeszlf/bhkb,0
https://microsoft.com/qvzs.js?lang=bsnv0&q=b5tn9,0
https://twitter.com/jireanfm,0
https://reddit.com/wdeia/cxvpg.jpg,0
https://netflix.com/msp.jpg?theme=pwvqu&lang=yni5v,0
https://linkedin.com/hyshl/ygbdh/jjbm,0
https://youtube.com/kdnw/lwehhg/udggpjmf.css,0
"https://cloudflare.com://l.*/counter.php?id=$script,~third-party/fbaxb",1
https://wikipedia.org/ymen/tikgzj.svg,0
https://google.com/zik/ypw/dxl/jxuwpjvf.css,0
https://wikipedia.org/smetrics.*/b/ss/*/eynkjmcd,1
https://facebook.com/kcv/ike,0
https://apple.com/vavbwsqq.woff2,0
https://amazon.com/impression.pl?,1
https://adobe.com/sgbackb/echpqvx/icsllxi/ferghenw?page=uo1wb,0
https://apple.com/geoip/detect?/qfyeij/anykuw,1
https://cdn.shopify.com/srrv/gvfw/qbzcww.png,0
https://netflix.com/kdifq/zhssxws.svg?id=3o9bi,0
https://google.com/piwik/*$domain=~github.com|~matomo.org|~piwik.org|~piwik.pro/bhk,1
https://.stats?action=/pjest/xhl?campaign236=foqulj&utm_710=gvfnev&utm_499=pkmnbb,1
https://amazon.com/guwht/xqijpu,0
https://adobe.com/ccuko/ohrbmoy/ocq/winebp.ico,0
https://reddit.com/ybm/qlj/rake/jrwpfee.svg?page=oad9k&page=uxn76,0
https://reddit.com/dcjs/prod/*/ujdp/xhmi,1
https://adobe.com/iaitnj/yhqwz.ico?q=mgs49&view=zsg9k,0
https://cloudflare.com/iskzv/xidwibll/mtnwtg.woff2,0
https://apple.com/cuzjvjb.svg,0
https://wikipedia.org/tcxh/uiub.png?lang=qu993,0
https://netflix.com/xue/wgwme/sch.css,0
https://amazon.com/rjuumyt/furvzzge.svg,0
https://amazon.com/ga-lite.min.js/mhprt/ajkpbn,1
https://youtube.com.com/dc.gif?,1
https://google.com/rrjmfbmz/jwpi/lcknxg,0
https://_webanalytics./qzkpdwma/pvfglz/ciofsz?sessionid351=hicqwu,1
https://netflix.com/nzawifi/bpv/ltgitch/ydiwgy.css,0
https://cloudflare.com/sdctag1.js/kerx,1
https://twitter.com/exzvhc/lqxss/sbnqfo?q=jjwxl&theme=verk2,0
https://adobe.com/vrixajrx,0
https://wikipedia.org/khobxz/clzqnnqi/rfrfw/iinlgo.js,0
https://adobe.com/uax/wtjkyvwu/fqpcj.css,0
https://adobe.com/pingAudience?/john,1
https://microsoft.com/jnh/iraffm.css,0
https://twitter.com/shopify_stats.js/mcak/kdl,1
https://facebook.com/ualkna/ujtl/qfbibe/uen.css,0
https://instagram.com/mcdi/tmphk,0
https://google.com/referrer_tracking.js,1
https://microsoft.com/hnt,0
https://instagram.com/seostats.php/bekoakpq/nkvok,1
https://netflix.com/elqcfg.min.js/dlykhuf/eggefuz,1
"https://&http_referer=$script,xmlhttprequest,domain=~biletomat.pl|~facebook.com|~jobscore.com/pndmtng/wdqk/xicrnl?utm_452=xasxjs&campaign672=brgeal",1
https://google.com/fjulfpq/thxgrn/zyhpkygs/nztdxcwv.woff2,0
https://amazon.com/kwi/kzbkpp.js?id=eo89x&view=jkoi2,0
https://cloudflare.com/kqkevv/jze/gxv.jpg?lang=tnkfn,0
https://youtube.com/ovc.woff2,0
https://reddit.com/dkqorpla/vhlh/oirsnqz,0
https://netflix.com/cct/guxsdzmf/jgzz/ojlzh.png,0
https://reddit.com/track/cm?,1
https://twitter.com/?record&key=/kqjuj,1
https://google.com/qgny.css,0
https://adobe.com/lzboakw/dsgwvmox/qukxrbjs,0
https://microsoft.com/gyi/avznkjd,0
https://wikipedia.org/loggingService.js/kaqfadfq/aadtnra,1
https://-tracking-pixel./nbuejwlv/igt?cid096=pqwkrb&cid654=tkgbuw&utm_881=mvidcm,1
https://google.com/filpk?theme=yce80,0
https://facebook.com/tealeaf.min.js,1
https://microsoft.com/dssbyi/yowgkpm.jpg?id=8homn&theme=pni1t,0
https://adobe.com/gqrpbdsy/xzqexvce/ikulz?theme=vzfre,0
https://facebook.com/bxe/wpn/vps/hlrbc.ico,0
https://apple.com/reportData/nm.gif?/oxvtxt,1
https://linkedin.com/jwxuqyse/evmzxvii/hshil/xmiiyo?lang=r7bc1&lang=ysopp,0
https://amazon.com/jbjan.jpg,0
https://instagram.com/beacon.min.js,1
https://instagram.com/xkirgpe.svg,0
https://youtube.com/vgjg.jpg?q=kb9sz&id=sqt46,0
https://twitter.com/vdx.js,0
https://reddit.com/czvebor/udikgbl,0
https://facebook.com/jfqis/dgd/wahleuq/fsifvgjz.woff2,0
https://_nedstat.js/kwchrax?affiliate199=johryr&sessionid421=eaylmx,1
https://google.com/axugd/trts/ihmnig/jydmu,0
https://apple.com/cv/conversion.js/pbdog,1
https://reddit.com/ssf/rlmioo/wjm/bnfhg.js?id=b1ipa&q=bmsll,0
https://twitter.com/pnoxvpz/isgpxyb/idly/ceokgpf.woff2,0
https://youtube.com/hwjqqeu/mbb/atzk.css,0
https://instagram.com/nlndpz/mezgrto/kluanq/rdwixt,0
https://instagram.com/uarqh/kwouzqzv/ufnbujt?page=xvjle&id=2qkhd,0
https://adobe.com/pfe,0
https://netflix.com/sfgjhe/vyjbcaj,0
https://amazon.com/qoxauylw/lxzfno/ste.ico,0
https://apple.com/ztbut/bagr/enq.css,0
https://wikipedia.org/sap/jqcvvabb/mfh/qpvzm.jpg,0
https://adobe.com/ahcyxr/ahnbdc/vekmm/usvlg.woff2?page=8gjla,0
https://instagram.com/ytdajci.jpg,0
https://reddit.com/uimy?view=tup9c&lang=pcjso,0
https://.php?logRefer=/kic/rmeihfwh/lvqxnhya?cid787=wwozao&affiliate969=mwlawd,1
https://google.com/cocoon-master/lib/analytics/access./nqzk,1
https://twitter.com/ythshm/alxajj/zgpxmymg.svg,0
https://twitter.com/rkrzqeg/kpyn/kjhbs/pjzk.svg,0
https://netflix.com/qvtndfcn/elzfuem/wcstfyc/fmh.woff2,0
https://microsoft.com/ldc/vxdsgzcc/oyfpcli/iqiwnneb,0
https://instagram.com/nll/wptua/zxrzvcjx/yehzb.jpg?id=ohpf5&id=niz1x,0
https://apple.com/track/statistic/*,1
https://wikipedia.org/plugins/catman/*,1
https://apple.com/json?referer=/uored,1
https://google.com/grbzmwwk/imgou/zvu/ndofnlj.css,0
https://cloudflare.com/vskdii/iyj/otsvjvvo/zuduixuj.ico,0
https://cdn.shopify.com/hints.netflame.cc/*/vfeab/ppkmpxtt,1
https://-inview-tracker./tzt/nxkdywf/eqps?utm_935=oibwie,1
https://cloudflare.com/eksk/nedoz/fiqc/kjuf,0
https://youtube.com/tealeaftarget?,1
https://microsoft.com/brw.css,0
https://google.com/fkwwb/kfeqaa/aiqxwkf/lmxsgupe.png,0
https://wikipedia.org/GoogleAnalytics?utmac=,1
https://linkedin.com/oyh/mwqvqnnq/ylu.woff2,0
https://netflix.com/certifica-js14.js,1
https://google.com/ylbiihqv/zgal/uzupykv/rcxjc.css,0
https://linkedin.com/hlr/ywclt,0
https://netflix.com/fvewu/xwiuobmm.jpg,0
https://amazon.com/wswkdxuu.jpg,0
https://wikipedia.org/count.php?,1
https://linkedin.com/ykk/qannbpas/uiqzpf/hepztavw.ico,0
https://cdn.shopify.com/xkyx/rxjmf,0
https://google.com/analytics_www.js,1
https://amazon.com/anths/zhnebc/kxvae/fzwtq,0
https://twitter.com/qkclhyf/pxvr/fqhtnir.svg,0
https://amazon.com/emtj_tracker.min.js/cfwr,1
https://linkedin.com/zuwrmwi.js,0
https://netflix.com/iaz,0
https://microsoft.com/cgthzi.woff2?page=4xuum,0
https://wikipedia.org/obswudf/cnsog/zksazjsj.css?q=u3ak6&theme=ojo8t,0
https://youtube.com/fxoirmm/abxwr.js,0
"https://youtube.com/presslabs.js$script,~third-party/kheuxte/ylcodiz",1
https://?event=log&/cps/psfhinjo?affiliate145=lddmum&sessionid419=fzfdmt,1
https://microsoft.com/irs/qqeaaih.css,0
https://wikipedia.org/prujp/jzzayvn/cga.ico,0
https://adobe.com/tdkmiiz/gqf/ovzqlq/ctyrbm.svg?page=mmecd&q=efhcy,0
https://google.com/eprloxsr/tkprhcex/zoiav/ejmix,0
https://google.com/hrpzd/nhcnll/wiur/zer,0
https://adobe.com/aygpsp/ltpcqftr,0
https://reddit.com/activity.gif?/zdq/hkacku,1
https://linkedin.com/astracker/ast.php/xhwqdcqt/ayf,1
https://cdn.shopify.com/yokiin.svg?id=t6bdf,0
https://netflix.com/rdnz.ico,0
https://google.com/tqjl/egqhngn.css?page=5dkaz,0
https://wikipedia.org/adobeanalytics.js,1
https://instagram.com/nomd/ztcv.woff2,0
https://facebook.com/i?e=pv&url=,1
https://adobe.com/jpywru/tpnqiowz/duwkl?page=mx83x,0
https://google.com/oowuf/eyg/okgrgtad.png?lang=m8wmc&theme=ybshy,0
https://cloudflare.com/gyxzzh/gqnqeiks,0
https://youtube.com/bligegrb/snwzt/ybxs/vqn,0
https://netflix.com/cktfyrhq/wdspu/zbv.png?page=2zgv3,0
https://netflix.com/fau/hryuvm/hva/vkzjvcd.js,0
https://netflix.com/fzoux/rymvdj/jfvbhi/judrv.svg?view=yq8pt,0
https://netflix.com://analytics.*/page_entry/smcsk,1
https://wikipedia.org/eventtracker.js/cvqls,1
https://wikipedia.org/ilxvh/yjsxmvth/oszeq/dzca?lang=7fulj&lang=5rfjp,0
https://netflix.com/eqqdrk/pyby/qmhkq.png?id=mf2jg,0
https://amazon.com/qply/rmkzdra/ntosb/zgi,0
https://cdn.shopify.com/jvujird/navkt.svg?view=qpm8b&theme=e9du3,0
https://linkedin.com/jhem/gjr/adhljz.jpg?theme=u7ctq&page=6ot5e,0
https://apple.com/vkfvq/rlmnew/ieac/hlaetr.js,0
https://twitter.com/vkq/bsxeaqo,0
https://cdn.shopify.com/hymodhe/bsron/ghmuq.css?q=wob3d,0
https://google.com/cvnpwfid/baeq/akgq/nub.js,0
https://linkedin.com/wbdiat/sojlc/tqi.ico,0
https://wikipedia.org/pdn.jpg,0
https://&EventType=Impression&/odmf/crxm?campaign998=tibexm,1
https://amazon.com/kzvrry/awg/vftvcwu/mrtpatzz.jpg,0
https://instagram.com/gezrkx/btu/ycfnmdxw/lpvz.svg,0
https://reddit.com/yrx/rdzy/gpnpkm/ntlrm.svg,0
https://amazon.com/hmcc.ico,0
https://cdn.shopify.com/qxbsullj.js,0
https://youtube.com/rnfao/ibb.ico,0
https://microsoft.com/xtqclt/tdun.ico,0
https://facebook.com/wp-monero-miner.js/trw/opkdqn,1
https://wikipedia.org/psxug/izklrjla/ext.ico?view=7fxce,0
https://instagram.com/cjrenrdl/scu/knlldtpp?theme=7y1p5&lang=i0z3h,0
https://apple.com/ubqyea/wix/ucoyb.ico?view=752b9&theme=hogym,0
https://amazon.com/tpwsbrix.ico?q=58o82,0
https://cdn.shopify.com/dxpxn/zmtkdl/psbtdjkt,0
https://cdn.shopify.com/qzh.ico,0
https://facebook.com/pixeltrack.php/amtc/dvsc,1
https://?type=page&event=/owixmrog/fhhccrut?cid918=puwrrh,1
https://instagram.com/mcount.cgi?,1
https://cloudflare.com/umami.js/vifrxiq/xin,1
https://adobe.com/itgyb/wiubzhwz/ctestr/hpsma,0
https://wikipedia.org/zwt/wkfscvn/dsprzv/vbbcfoqp.jpg,0
https://reddit.com/pbrzos.jpg,0
https://instagram.com/tblbhsk.ico,0
https://reddit.com/nzr.svg?theme=nnuvk,0
https://instagram.com/cdn-cgi/zaraz/*/bwlwijr,1
https://google.com/server.php?request=track&output=/moi,1
https://cdn.shopify.com/stat_vue.php?/zvbipt,1
https://cloudflare.com/cmh/pewqznm.js?q=nj6bk&q=989le,0
https://adobe.com/etll/nrvzqh,0
https://netflix.com/vpqzd/yeo.woff2,0
https://facebook.com/ivvo,0
https://apple.com/tpu.png,0
https://apple.com/ga_anonym.js,1
https://instagram.com/geky.svg,0
https://cdn.shopify.com/uvrm/rkqzbyz.js,0
https://amazon.com/weciyvj/viij/kmdhcrm/jodexyzg,0
https://wikipedia.org/kjcns/vbtgycs.jpg,0
https://amazon.com/RcAnalyticsEvents.js/xgtdocc/txcaez,1
https://wikipedia.org/PageHit.ashx/nmsmvl/wtjekngg,1
https://?action=statsjs&/eqaxkxen/hmuaqnt?ref=858=xatvko&utm_689=gnmbdx,1
https://instagram.com/jqzmiel/ypdm/sxkyun,0
https://apple.com/rqo/eehgfd.js,0
https://adobe.com/loxpiytn.jpg,0
https://cdn.shopify.com/etvto/vky.js,0
https://youtube.com/tenant.min.js/iavhc,1
https://adobe.com/vijg/uoyurx/osbna.js,0
https://reddit.com/rgqssxu/yjuzaw/vzbo/sdbyz,0
https://reddit.com/ping?referrer=/azjl/bwx,1
https://wikipedia.org/wrnkagus/mhne.css,0
https://amazon.com/xn_track.min.js,1
https://facebook.com/nyou/cne/btguxsuq,0
https://twitter.com/generate_204?$image,1
https://twitter.com/generate_204?$image,1
https://?log=xhl-widgets-events&/edzrn/euilf/waztkgiv?affiliate530=gysuyv&utm_352=lnqupj,1
https://cloudflare.com/wysistat.js,1
https://cloudflare.com/ufou/mfr.woff2,0
https://facebook.com/rfwcc.jpg,0
https://wikipedia.org/jserrLog?,1
https://cloudflare.com/huxdy/leysk/xqyf/vkmm.ico,0
https://instagram.com/risk_fp_log?,1
https://linkedin.com/collect/pageview?/jsljm,1
https://google.com/accesstracking/*/imki/ebws,1
https://cloudflare.com/smg_tracking/js/onthe.io.js/rlvxmfs/qtbayxhz,1
https://cloudflare.com/ocigj.png,0
https://adobe.com/hoddisr/rzf/dbfw,0
https://facebook.com/wprk,0
https://netflix.com/__sttm.gif?/omkswyl,1
https://twitter.com/vseszgu/jmygw,0
https://instagram.com/ief/bhda/pckhwqs/fkr.svg?lang=irpv5&view=l658t,0
https://.php?notrack=/usbrxt?cid840=looegb&sessionid410=hvlvcn&ref=049=swyunk,1
https://apple.com/ysyj/eng/bxu/tmi.jpg,0
https://linkedin.com/fp/tags.js/tczhx/mwqzlruq,1
https://youtube.com/baynote.js,1
https://facebook.com/thuwldr/fxovb?theme=d1u3f,0
https://amazon.com/flipptag.js,1
https://adobe.com/visit/log.js?,1
https://-didomi.js/jzio/cqy?campaign385=tcjzuk,1
https://amazon.com/uwcyzv/eakzurv.jpg?lang=y1dej&id=9c263,0
https://adobe.com/tetngy/ckwzo/kjtexja.js?id=5wobn&id=2h4gf,0
https://.v4.analytics./onq/uysqg?affiliate735=ehvixp,1
https://instagram.com/pliw/kzgsy,0
https://cdn.shopify.com/srka/fbj.js,0
https://google.com/rpc/log?/jrfbmr,1
https://apple.com/viw/vvr/nczvlknt,0
https://wikipedia.org/kdwkc/fjonzh/aghoozun.js,0
https://google.com/ecap.min.js,1
https://cdn.shopify.com/iltfpoxm/arkjzajg/iwushj?page=7o52y,0
https://instagram.com/i.gif?/fwvdc/lcqo,1
https://adobe.com/klyk.js?q=xvqg4&q=sijvq,0
https://reddit.com/cun/unrz/ehh.ico,0
https://reddit.com/acctag.js/fgkdpslm,1
https://amazon.com/flrpyvp?theme=j8n51,0
https://google.com/metrics/survey/*,1
https://apple.com/qks,0
https://google.com/analytics_events.js/rqo/beychqfr,1
https://google.com/mnvp,0
https://facebook.com/rkskrtzo/cwwdnij/acz/rnei.css,0
https://google.com/aqm.woff2,0
https://reddit.com/etwrwi?id=x2zq9,0
https://&pagegroup=*&url=$script/gvkpgrlx/urt?ref=883=aavkun&ref=678=agguun&ref=610=jknhvh,1
https://linkedin.com/jks.woff2?id=gyz6f,0
https://google.com/r.gif?/fwwi/zjugoxk,1
https://google.com/_/trace/trace/*,1
https://google.com/tracking.jsp?sid=,1
https://.php?action_name=/lxvyu/rswynfx/xtu?sessionid311=hiozvf&affiliate626=hgfrku&utm_910=veyjhs,1
https://google.com/tgoeiz/aycny,0
https://wikipedia.org/vtmr.js?view=urtkh,0
https://youtube.com/vzxzgd/beqcuhbo/yekoxhku/uoq.js,0
https://instagram.com/ygxryg/hgktew,0
https://microsoft.com/slgsdztq/jgs/oht/laxvxw,0
https://amazon.com/nrbjyiam.png,0
https://instagram.com/oeb/des/wcozc/vcy.svg?id=o1lqd&page=90p55,0
https://cdn.shopify.com/webtag.js/qrwwx/pbkpm,1
https://adobe.com/cibepfmh/eqrsm/hrapho/ucy,0
https://wikipedia.org/aeakoxi/bhlyqzuh.woff2,0
https://google.com/TrackShopAnalytics.aspx?/ewygvxm,1
https://microsoft.com/ullaoeb/xak/cjpxdj/zuhduje.ico?q=x1jqv&page=51yap,0
https://&pagegroup=*&url=$script/jcfsm/byveduo?campaign900=yqlsda,1
https://twitter.com/rsenb/hwgb.js,0
https://cdn.shopify.com/jdr/ietw/mhqrn/bpswkwc.ico,0
https://amazon.com/videojs.ga.js/denalazv,1
https://cdn.shopify.com/cxvdkuig/hvy/ybth/qpaj.js,0
https://cdn.shopify.com/efg/tvyq/afdb,0
https://twitter.com/dddkrdt/tciioq/juisco.js,0
https://facebook.com/sekf/vnpqcfa.ico,0
https://cdn.shopify.com/lxrntegk/szge?view=he0mp,0
https://netflix.com/atf/ulf/xvs/rvdpmmsz?q=81v8u&page=trwi8,0
https://instagram.com/gybd,0
https://wikipedia.org/ojhxykyg/sxvfpqdo/pwzqrph/umrapmbs.png,0
https://amazon.com/zyjn/nmnbqw/cuyz/lvjvie?page=4w95z&id=u8f0r,0
https://adobe.com/csb/gncpjjg/twleoyh,0
https://google.com/aflyktk/pzjn.png?page=8xti6&id=ppu0y,0
https://netflix.com/ajkkv/hkydg/cvjstek.css,0
https://microsoft.com/mediateGA.js/vkcbbd,1
https://apple.com/jogpftsf/tjlnti/fvtpn/yiho.woff2,0
https://microsoft.com/bv-analytics.js/dkanqetg,1
https://linkedin.com/tsnvtxf/rmxii/aommkb.ico?theme=lye50&page=1r9oj,0
https://instagram.com/xinhua_webdig.js/wsd,1
https://_trackWebtrekkEvents./efvkih/caaeta?campaign344=bjyvmb&utm_000=fvlvji,1
https://twitter.com/tiyfbxdr.js?q=jkz8w&id=iia6c,0
https://.sharecounter.$third-party/pdhmok/ggxrc?cid602=rkahit&sessionid349=irykan,1
https://netflix.com/nuccwam/vtrz.js,0
https://reddit.com/doebgt/rcycbyr.js,0
https://linkedin.com/izfn?lang=4gjar,0
https://facebook.com/TrackShopAnalytics.aspx?,1
https://adobe.com/analytics.prod.$domain=~fifteen.eu/xneh,1
https://twitter.com/nqkwle/xdawluk/gne.png?q=1720h&lang=2tbs7,0
https://cloudflare.com/ytc/qtlus/dvydvovq.svg?q=lcujf,0
https://amazon.com/cblztcp/dxbh/fada.ico,0
https://cdn.shopify.com/cdlhzvap/ywxkpgt.svg?q=spevw&q=5uyia,0
https://adobe.com/awkeydx/evsvj/yongjh/hlgukb.js,0
https://youtube.com/histats.js/gsgm,1
https://netflix.com/cjm/jsh,0
https://reddit.com/vlforxjp?page=ifsuv&view=cyhtz,0
https://linkedin.com/jtl/iilt/pymtod?page=gyb59,0
https://wikipedia.org/adzlonj.svg,0
https://twitter.com/sentry-logger.js,1
https://cloudflare.com/comscore-min.js/dgezwe/rxqr,1
https://wikipedia.org/dkggx,0
https://cloudflare.com/icdpscg/tscasx/hwf.png,0
https://linkedin.com/xkg.ico,0
https://linkedin.com/kqngk.ico?id=ghmoi&lang=u5knq,0
https://wikipedia.org/web-data-ingress?/aodol/jfxbdk,1
https://microsoft.com/gta/xxl.jpg?view=uwkzx,0
https://youtube.com/tixcro.ico,0
https://instagram.com://cmpworker./cdywqqo,1
https://adobe.com/umgjrxgu/cvukjn/jvdlj/bbcq.jpg?theme=iwkue&view=yc81j,0
https://instagram.com/utrack?/hqwyex/knrcrw,1
https://?v=2&tid=G-$~third-party/llvtmi/wdjqdy/doatc?utm_618=wqwhkw&sessionid472=ofayws&ref=371=vvvimp,1
https://microsoft.com/plausible.outbound-links.js$domain=~plausible.io/llpgc/gzrz,1
https://facebook.com/v4/analytics/*$~xmlhttprequest/bkb,1
https://instagram.com/dywjl/xytyejy/suljo.js,0
https://_chartbeat.js/gxnal/bapwgici/erfmz?cid481=aspzsi&cid649=uerxwa,1
https://cloudflare.com/hpadxvvb.js,0
https://facebook.com/qdbfivzb/eumcxv/zjrio.png?theme=n6ghd&lang=9xx4b,0
https://amazon.com/qbnnkolq/xakzmdcp/hndmiuaz/rtvrz?id=4366r&theme=zsy2x,0
https://microsoft.com/kayyjvvs/mouqyh/ubueek.css,0
https://cloudflare.com/gvlma/ruzlhzgk/vrdtqff/sonzhq.css?lang=bjlzo&lang=4rw09,0
https://cdn.shopify.com/wgkpn/srixkdj/astlbs.svg,0
https://adobe.com/zzbbsfxc/anedhfah.ico,0
https://apple.com/nqdsct/yjknmms/evlame,0
https://wikipedia.org/ymxfhw/vpr/ymdhg.png,0
https://instagram.com/trace/record?,1
https://amazon.com/uzhqfwdx.woff2,0
https://youtube.com/eta/events?/eieip,1
https://microsoft.com/fp/clear1.png,1
https://cdn.shopify.com/uezbrkm/pnfms?q=0t85k&view=m4jbv,0
https://google.com/pvvac/vvi.css?view=5g259&view=s5y6e,0
https://cdn.shopify.com/diffuser.js,1
https://youtube.com/euqbu/zruvrug/wbkufegr.woff2?view=cutap&q=r5npk,0
https://netflix.com/gnspp/azxpbu/bxyezao/vofn?view=kl5bd,0
https://youtube.com/fpu/cdgbgj/rnbci.svg,0
https://linkedin.com/collect?event=,1
https://.php?tracking=/sde/cbsutsqn?sessionid578=nghumv,1
https://wikipedia.org/ojugnow/hgly/ikurl/yizeknq.js,0
https://-adobeDatalayer_bridge.js/okgkoi?utm_770=lcnern&affiliate424=aiqckb&sessionid389=imnypq,1
https://instagram.com/ktjdauo/eqmaes/nxg.jpg?page=8r1np&lang=gulm3,0
https://linkedin.com/rzvnqfoj/bndvt/ntiwup/hzahgne,0
https://microsoft.com/cgi-bin/hits/*/prqgs/shqsepzw,1
https://facebook.com/log.aspx?/betflcn/boiz,1
https://reddit.com/zwdyzrt/kskkvoez/xio/lpf?q=ugaq5,0
https://microsoft.com/ylcq/lsslrxc/uqtkyyw/jnteqi,0
https://microsoft.com/vjkkcxr/oobnrjuo.js,0
https://twitter.com/euoi/mny,0
https://linkedin.com/fp/clear.png,1
https://apple.com/rmmnwkax/thll/nuemy,0
https://google.com/bectv.jpg,0
https://microsoft.com/statistics.js?$third-party/rmfyp/ninhiycf,1
https://cdn.shopify.com/zvgtvmu/nlbwxqj/uvvexdz/khci.ico,0
https://?event=impressions&/ujy/dxhyfgo?affiliate351=owmxhj&campaign676=oqioyc,1
https://youtube.com/utm-tracking.js,1
https://apple.com/jqzaal/jdrlmrb,0
https://wikipedia.org/ehqcubi/pyb?lang=tvm3w,0
https://.eloqua.js/adhhvuf?sessionid882=mdykzy&utm_397=aihgzv,1
https://google.com/zlmuwu.css,0
https://netflix.com/aqr.js,0
https://cloudflare.com/sxzx/uplvubqp/klrkux/iykp,0
https://wikipedia.org/uwxyacl/jbwont/cikgcbvr,0
https://&hitType=pageview&/ggpzzsmd?utm_785=gybfxp,1
https://cdn.shopify.com/ndpvi,0
https://facebook.com/qpqis/qqrh/yxmtl/nuqtt.woff2,0
https://adobe.com/nfsvbol/kpv/ygkoerl/aemgvfr.js?theme=x9x35,0
https://youtube.com/wrah.js?view=24fid,0
https://facebook.com/visitor.js?key=/vyuhca/whqi,1
https://linkedin.com/fkounter/counter.js/sepp/ocohep,1
https://twitter.com/uvxiql/grkja.js,0
https://adobe.com/dpix/cdpzumly/tcqpx.jpg,0
https://wikipedia.org/mendelstats.js,1
https://.gatracking.js/mfihut/wlwzdvhw/xvkjpz?affiliate195=dnqunt&ref=445=uirduy,1
https://wikipedia.org/api/click/*?c=,1
https://apple.com/log_h.jsp/vnm,1
https://apple.com/wp-content/plugins/confection/bridge.php/amflghnv/doxhx,1
https://linkedin.com/tdpwgiv/nrg.woff2,0
https://linkedin.com/edata.js/ovgmwyk,1
https://netflix.com/elqimg.js/dyvgdk,1
https://cloudflare.com/pxbuvcd.svg,0
https://apple.com/c_track.php?,1
https://wikipedia.org/trackVisit/*/nao,1
https://microsoft.com/gjzj/dbdqnahf/wlmfsrot/xahygxfe?id=4zie2,0
https://facebook.com/luckz.png,0
https://cloudflare.com/wsjrmyv.css?lang=141md,0
https://twitter.com/iinijsl/guqnvpra,0
https://linkedin.com/zgxwl/xmbc.jpg,0
https://reddit.com/faqwuoa.js,0
https://netflix.com/qjz,0
https://twitter.com/chartbeat.js/xakycqe/zxdosrxo,1
https://adobe.com/wfif/sgsojg/oiseslc/ibedwn.css,0
https://.php?action_name=/oabegnr/gmlhrv/oyn?affiliate885=sggrlg&ref=216=esozrf,1
https://twitter.com/gtwa/gmsvtq.png,0
https://apple.com/dei/omhzv,0
https://netflix.com/fdsgn/mzrbqcb/kaxhauuu/advpaq.ico,0
https://instagram.com://blue.*/script.js/kpwwup/bnhy,1
https://microsoft.com/odgnfrp,0
https://instagram.com/xhwnp/wczgi/ujfn.png?id=u9j03,0
https://netflix.com/qfbf.jpg,0
https://cloudflare.com/cytef/yuoa/ujr/fmkcpop,0
https://cdn.shopify.com/kzekw,0
https://cloudflare.com/qrtuuwvo/taxw.js?id=3c72w,0
https://youtube.com/cuh/xwy.css,0
https://&action=js_stats/cjr?utm_596=njvufu&cid238=ytpjcn,1
https://netflix.com/niene/zgg/sxtwac.ico?view=s8spe,0
https://instagram.com/ofmcvpro/dywp/boipn/mhknutx.ico?q=huec5&q=ba9bp,0
https://wikipedia.org/hit.c?/gzueeaam/tntgy,1
https://instagram.com/metrika/tag.js/vxpjghx,1
https://linkedin.com/hnpiuyhj/abycic.png?view=t9v2t&view=juls5,0
https://twitter.com/alg/ofudrt/sjlaef/mifzoron.woff2?q=bwepc&id=mvvth,0
https://netflix.com/buxlhc/ytczc/irtat,0
https://youtube.com/tee/sxrlrkli.css,0
https://linkedin.com/mttdhms.ico?q=ul3u9&view=byc03,0
https://apple.com/count.do?$domain=~its.busan.go.kr,1
https://google.com/nuna/zsjbw/uyuoofo/xamakvn.woff2?q=2jc57&page=xh33p,0
https://microsoft.com/tkcf/eezz/iayzb.png,0
https://instagram.com/stats/impression/drhbyen/hhzniueb,1
https://twitter.com/ga_anonym.js,1
https://instagram.com://track.*/dye/drbm/yqs,1
https://instagram.com/krux-sass-helper.js,1
https://instagram.com/aqnvi/wgckop/bcpm,0
https://instagram.com/mhxkxnju/alsxwmv.woff2?lang=vnqmq,0
https://cloudflare.com/ubqkp/rvgmczt/oyeayybs/zfffnsvu.js,0
https://facebook.com/ogs/egwomnc/itphh/vdwrz,0
https://google.com/rzowigf/sejz/emjf,0
https://google.com/roi_tracker.js,1
https://wikipedia.org/teqqm/hns/btk/fmj.js,0
https://google.com/zajsett/hhb?page=xlyzw,0
https://twitter.com/rpbhq/hazbnzrw.ico,0
https://.php?p=stats&/jarq/ddx/nmlhqpu?cid760=qlzthg&utm_345=hxysbb&campaign163=umfohk,1
https://youtube.com/asmo,0
https://&l=dataLayer&cx=c/kbp?affiliate383=hjkwuu,1
https://netflix.com/b.rnc?/eabyka/yzs,1
https://microsoft.com/jtzom/csfbzu/wjad/uxph.ico,0
https://reddit.com/qfvc/uhftbb/jvzmk/wymafat,0
https://google.com/webtrekk_mediaTracking.min.js,1
https://youtube.com/skmr/jihmkdts/zouqjiix.css,0
https://youtube.com/roiengine.js/wotnhjb,1
https://microsoft.com/ecwx/jxhxdh/tsmhpj,0
https://linkedin.com/quxcwx/tea.woff2,0
https://instagram.com/zftwh?id=pqeza&lang=jdq7w,0
https://cdn.shopify.com/riafpbms/gqyf.jpg,0
https://youtube.com/yecxul/tvjl.png?q=06a06,0
https://apple.com/logging/ClientEvent/fkaa/wfojld,1
https://twitter.com/beaekvod.ico,0
https://facebook.com/dhgdyhe/feu/nkkwbc/dtaeq.jpg,0
https://wikipedia.org/oswalco.ico,0
https://instagram.com/_/lite/performance/*/mihmb,1
https://adobe.com/sjf/txkza/ant/ubyci.css?view=09g1e,0
https://google.com/statscounter/*/wyijgxif/bgo,1
https://cdn.shopify.com/xlropax/wmtx/inc/teohhtx.ico,0
https://facebook.com/sger/fghxuo.css,0
https://apple.com/homeCounter.php/mdojmnz,1
https://youtube.com/txsmetan,0
https://netflix.com/mjweu/ohjrdz/oujvelyv.woff2?id=vzrlo,0
https://cloudflare.com/trackingFooter.js/rnfafxqy/nydgbo,1
https://amazon.com/lgadvgyx/vyrce/qqhjwfo.css?view=8q358,0
https://instagram.com/avzowr.png?q=ux4rx,0
https://wikipedia.org/cbndojjz/ckbqwyx.jpg,0
https://twitter.com/kkfxybyk/xuh.js,0
https://-track-inview./cmrr?utm_434=uxonvi,1
https://_webanalytics./xmrgexe?cid420=qbecan&affiliate845=mtevxg&campaign703=fqcgsg,1
https://microsoft.com/swlxubg.png,0
https://youtube.com/hnudhb?theme=didmj,0
https://wikipedia.org/soi/tgac/rifjnbnn/mlzfpruk.svg,0
https://microsoft.com/vjslog?/rkkynczu/azs,1
https://adobe.com/zdsyzcv/pwxkqjbk.jpg,0
https://linkedin.com/adsct?,1
https://youtube.com/zrcji/nuo/jgen/csvrs.css?id=cpb2l,0
https://youtube.com/xijjycq/zwghp/lyrzoeq.woff2,0
https://facebook.com/zweocn/ksg/skj/qmmgm.woff2,0
https://youtube.com/bkkel/prtex/gkt/tvxq.ico,0
https://linkedin.com/nuwh/nuckga/netfqdhm/kxeg.svg,0
https://netflix.com/tmsyzs/ssluyazo/ixgzw.ico,0
https://google.com/owa.tracker-combined-min.js/urphi/ccajs,1
https://youtube.com/aygubspn/ixaab/xbi.svg,0
https://youtube.com/tracking/digitaldata.js/ndahovu/dcwa,1
https://reddit.com/fmltj/kyt/fhbt.woff2,0
https://youtube.com/vpp/cuw/ikr,0
https://google.com/saxwyyz.woff2?view=h2fqb&page=4a687,0
https://google.com/ova.woff2,0
https://youtube.com/omniture_tracking.js/yujxqeqn,1
https://twitter.com/oaob/sjmzvl/olysnhc/xmwv.png,0
https://cloudflare.com/ailutbj,0
https://cloudflare.com://backstory.ebay./tgahgs/shr,1
https://reddit.com/lfgedld/ceyzktrq/euhzq/dvcmrruk,0
https://wikipedia.org/fbvzb/xrneqctx/qejr/rmshlbv?page=2q52v&lang=mt2f5,0
https://amazon.com/aer.jpg?view=831s1,0
https://&refer=http$script/yqlfxb?utm_226=jzgkws&cid714=zaqjzr&ref=585=nxwqdx,1
https://twitter.com/fphkbk/tvpa,0
https://wikipedia.org/smartpixel.$domain=~smartpixel.com|~smartpixel.tv/onft,1
https://youtube.com/quwq.jpg?theme=jfi5r,0
https://twitter.com/pugmmwh/ovnjcmbg/wvbvh/bbgdnurb.png?view=b4lx2,0
https://adobe.com/qeylvli/yuzohy/nkc,0
https://reddit.com/wwp/rzemhlj/vbrvitem.js,0
https://linkedin.com/brightspot/analytics/*/zbno/yppxui,1
https://youtube.com/iybzny/mofsps/nlyr/yaewlzv.jpg,0
https://apple.com/smartpixel-1.js,1
https://cloudflare.com/snudbv/cxkvdy/ybdznmnw/ceh,0
https://microsoft.com/wnjno/vxm/wktytt/bvd?theme=4dm05&page=moo52,0
https://cdn.shopify.com/raotyxd,0
https://instagram.com/oil/dmbcrcwr.jpg,0
https://adobe.com/pv2.gif?/xaoqjt/nopstoat,1
https://cdn.shopify.com/rvrxr/gcatp?page=l65oq&id=zb1zb,0
https://netflix.com/jyzecs/hmyoaqa.ico,0
https://linkedin.com-adobe-analytics/,1
https://twitter.com/lpjk.jpg,0
https://netflix.com/qyosoe.js,0
https://twitter.com/bhuws/vmi.svg,0
https://facebook.com/mjzvxic/aknow/kot.ico?lang=c0mgr&id=u7ich,0
https://wikipedia.org/iwjxkktt/ugexc,0
https://facebook.com/logviewedpage?/onhs/iunohmhv,1
https://netflix.com/stat_js.asp?/jfitdg,1
https://amazon.com/cqtp/mczctrcd/zsjs/dyetzgch.js,0
https://google.com/fcsarwys/mqobmj/drnxj.jpg,0
https://twitter.com/bvon/oqnoyq.png,0
https://adobe.com/cvzmtt/imgbtj,0
https://reddit.com/vkb?q=9xx8q&lang=cze43,0
https://amazon.com/ogu/afprkcly/yvammw.css,0
https://adobe.com/fvyhr/dab/fircej.jpg,0
https://wikipedia.org/sohnyysw/cqzd/rys/xpboqgmo.woff2,0
https://reddit.com/cfpcnwsr/bycm.png?lang=keulk,0
https://cdn.shopify.com/ambzifk/mwgi/ihvvl.css,0
https://cloudflare.com/feky/pyxykh/yprzevhg.svg,0
https://_imp?Log=/ajpo/ldncrkd/kjrve?utm_211=eghvoz&affiliate868=qdvhmk,1
https://reddit.com/cookie_ga.js,1
https://linkedin.com/eamwe/cnvfrw/iwzvdu.ico,0
https://microsoft.com/pushlog.min.js/aldgl,1
https://adobe.com/beacon/receive/nfatns,1
https://netflix.com/affiliate-tracker.js/kxvo,1
https://?action=event&/zjhgp/frv/yyctbd?affiliate982=xbuaoj&utm_405=xkbyyb&campaign926=ebumlg,1
https://google.com/fzzhbd/faqyq/svul.ico,0
https://apple.com/xrjlfoqp.svg,0
https://adobe.com/tpgxvoiu/rpbqcuys/qlosdgog.woff2,0
https://google.com/tracker.ga./gdr,1
"https://$csp=child-src 'none'; frame-src 'self' *; worker-src 'none',domain=fileone.tv|theappguruz.com/khqvj/fgn?affiliate023=llycbj&affiliate031=nogmxh",1
https://-geoIP.js/lmisqi/kufi/duhgjbp?cid214=etrsuu&sessionid757=wxqtxk,1
https://linkedin.com/nggv/obdsrmcq/qpw.js,0
https://wikipedia.org/tlgusge?lang=dd44z,0
https://cdn.shopify.com/wavk/aaveqedh/pzsa,0
https://netflix.com/batch/1/OE/*/wbgthp/ybze,1
https://youtube.com/lkvymv/qhukaaia.svg?theme=5t67h&page=t36um,0
https://youtube.com/xhybiwc/fpgrk/kmwptal/imog.woff2?page=0f3h4,0
https://cloudflare.com/ns.html?id=GTM-,1
https://amazon.com/jjcliicr/jqngpz/apbvkuxz.png,0
https://###cxense-recs-in-article/oroe/gnbuc/czxd?affiliate128=ternqm&ref=645=gqvjfl,1
https://adobe.com/sp-2.0.0.min.js/tom,1
https://instagram.com/ldcev/wyeazy.woff2,0
https://reddit.com/tsamorl/lyg/blwrlvx,0
https://linkedin.com/bgd/vvq/fvcif,0
https://reddit.com/Visitor.aspx?,1
https://google.com/pgzib/wddsjkd.css,0
https://netflix.com/analytics.analytics/analytics.min.js/dzt/jtltxjd,1
https://amazon.com/trackingGA.js/psvye,1
https://wikipedia.org/wp-slimstat.min.js/pukyd,1
https://cloudflare.com/analytics/dist/analytics.min.js/uawm,1
https://.js?id=GTM-/zqmbra/hgdpjry?campaign050=atlkcf&campaign904=xevilp,1
https://twitter.com/cocoon-master/lib/analytics/access./dtyko,1
https://youtube.com/rollbar.min.js/rpueeo/enwlg,1
https://facebook.com/yewvgreq/apzdc/xnt?view=ao83a&q=k237u,0
https://cdn.shopify.com/cwzldmr/nwczcpy.woff2,0
https://?event=performance&/ywgm/titxy/qzeh?campaign178=ricnsh&cid366=nrmupw&affiliate792=qlqdre,1
https://google.com/nttex/jdkj/idgti/vdsw.jpg?q=wlw1w&view=m0f04,0
https://linkedin.com/jtowpy/idzlh,0
https://wikipedia.org/mrmnm/aps/xofmo.svg,0
https://wikipedia.org/enpkhli/tidypsm/qhhsaeaf/vvzu.jpg,0
https://youtube.com/fxdiv/oanwxtbi.js,0
https://microsoft.com/aozs.woff2,0
https://reddit.com/hrvhycd/mxdhh/aevygw.jpg,0
https://wikipedia.org/sxeio/arqvj.woff2?q=bwvsq,0
https://adobe.com/saxu/kxxvy/tspp,0
https://apple.com/app.php/ads/*/osmcnlu/wih,1
https://facebook.com/gaStatistics.js/mcmd/hxg,1
https://linkedin.com/visitor.gif?ts=/kpi,1
https://cloudflare.com/mvviozgr/emjxoew/oqlqqwx/csrtgagq.svg,0
https://linkedin.com/ehqy,0
https://netflix.com/umymq,0
https://linkedin.com/mlbmwdz/mnzk.svg,0
https://google.com/livestats.js/ekzuymvk,1
https://cdn.shopify.com/revlpnrp/jaiiakp/iohjimuy.css?q=r0xvb,0
https://adobe.com/ekbhe/pxbmk.jpg?view=frwma,0
https://twitter.com/satismeter.js/loknwd,1
https://youtube.com/statstracker./mswatgn/schksjw,1
https://wikipedia.org/email_opened_tracking_pixel?/pqzzx/mvqvet,1
https://microsoft.com/eventtracking/*/jfx,1
https://netflix.com/aooyq/ytce/wulnnmao/jbl?id=vbhdh&lang=fc4k4,0
https://adobe.com/nzmfj/lsyg/juh/bwaivs.woff2,0
https://instagram.com/hnwkiuyj/ycvcu/gfts/yvimk.js?view=47w94&id=4ds5h,0
https://youtube.com/js/ga_event_,1
https://facebook.com/ltblit/rkw,0
https://facebook.com/vyup/xyrehgd/irlse.js,0
https://amazon.com/ofsdi.css,0
https://twitter.com/dasurirn/aehbtvwa/zeis.woff2?q=3niov&theme=7e7po,0
https://wikipedia.org/nysmozi/gnu.ico?id=lw1b2,0
https://twitter.com/webxmr.js/afrazi,1
https://youtube.com/ewx.jpg,0
https://amazon.com/wude.css?theme=k7k4r&id=zrzjw,0
https://cloudflare.com/bngllwvq.png,0
https://linkedin.com/qypvod,0
https://linkedin.com/analytics-ping.js,1
https://cloudflare.com/icx/jzjlyhz/klq/kyphx.svg?theme=12nhs&lang=vfq3k,0
https://?pageviews=$third-party/ksv?ref=444=pxxzym&campaign117=jrjspw&affiliate220=spaztl,1
https://microsoft.com/trackit.pl?/vihexswl/liva,1
https://apple.com/iwcdlai.js,0
https://instagram.com/visits?aff_,1
https://wikipedia.org/itq/hodaqpcz.png,0
https://cloudflare.com/udwzmt/ccbnhop,0
https://facebook.com/hiz,0
https://cloudflare.com/aemf/iem.jpg,0
https://cdn.shopify.com/logview_new.js/vsn,1
https://instagram.com/webcounter/*/ifx,1
https://twitter.com/analytics-helper.js,1
https://instagram.com/thi/oyb/hmqo/esee.ico,0
https://twitter.com/jcdgis/grot/iezyd.png,0
https://cloudflare.com/statscounter/*/ajnjxjn,1
https://amazon.com/scroll-track.js,1
https://cdn.shopify.com/roiengine.js/qvpzot/fuzlyiz,1
https://facebook.com/stats/page-view/sxeh,1
https://cdn.shopify.com/homeCounter.php/gjqov/vgmhf,1
https://adobe.com/aammydmp/xthrwvbm.png?id=oaooi&page=xnhaq,0
https://apple.com.com/track?v=/cxkuf,1
https://microsoft.com/giuyaam/wci/dyjobgt.woff2,0
https://youtube.com/ga-track-code.js/htix,1
https://cloudflare.com/newrelic.js,1
https://apple.com/jkrtwn/ztsdyxw.js,0
https://youtube.com/smlmh/uucs/wjpsv/abigxvbz,0
https://wikipedia.org/zrkdqubo/dgc/eiywmufo.svg,0
https://youtube.com/collect?data=,1
https://reddit.com/vktochtu/mwucaq/tearhxit.js,0
https://linkedin.com/lballnhp/tlr/uxi/xteml.css,0
https://wikipedia.org/qhwc/tar.ico,0
https://reddit.com/counter5.min.js,1
https://linkedin.com/qxjegz/hnd/kdcbrp.svg?id=kw112,0
https://cloudflare.com/v2/pv-data?/pkz/thcxsag,1
https://instagram.com/xpybkd.ico,0
https://google.com/mkhchxs/adzpsjp/hebcb.woff2?lang=na8ft&theme=gn1u4,0
https://microsoft.com/czgigd/qceuoqh,0
https://twitter.com/lzsi/rfxroh.png,0
https://microsoft.com/stat-adobe-analytics.js/vfwth/jtrcvscy,1
https://twitter.com/hii.css,0
https://linkedin.com/1px.php?/gkiscdyg/rranjq,1
https://google.com/ofee,0
https://cdn.shopify.com/xayy.svg?theme=s1plc&view=6m4sc,0
https://amazon.com://analytics.*/hits//pbtphyz/eusu,1
https://linkedin.com/youtubeVideoAnalytic.js/yvw,1
https://adobe.com/bvmrwis/vay/coyfcdvo/xwvks.woff2,0
https://wikipedia.org/log/?pixel=/zdyjx/dfvzdcr,1
https://youtube.com/grj.ico,0
https://microsoft.com/myrdm/dumlczb/bwk/yzix?page=dqi8w,0
https://instagram.com/ssusv/cmpsop.jpg,0
https://cloudflare.com/wpvo/txl.ico?page=b8x7n,0
https://cloudflare.com/ovvty.ico,0
https://instagram.com/metrika/tag.js,1
https://instagram.com/pvgqlq.ico,0
https://twitter.com/tjo.jpg,0
https://google.com/SdaAnalytics.js,1
https://twitter.com/tracking/universalJSRequest.php/xdwp/imf,1
https://amazon.com/cnicqhy/mmifn/wgwvjfab.ico,0
https://microsoft.com/fspzod/crbjira/fuvwqio.js,0
https://instagram.com/kqk/kxcyk/cqwft.css,0
https://twitter.com/xirnszk/nfhptpe/hjuf/wsqy.svg?page=k7sft&q=dxfo4,0
https://amazon.com/brandAnalytics.js/jxfasvdm,1
https://facebook.com/shj/zfxcjfdg/drt/qqf?id=u8gdi,0
https://cdn.shopify.com/ejwoxplt.png?page=5t2fq&q=ek78i,0
https://linkedin.com/arfmqv/ugfp/culbr.css,0
https://facebook.com/nqz/rrak/cmfnoxo/rlpz,0
https://microsoft.com/kobofbk/qwnjiqjl/rauehapm?id=jajp2,0
https://facebook.com/eirdfr,0
https://wikipedia.org/stat?event=,1
https://google.com/hit/tracker/mqarm,1
https://amazon.com/hzcs/uqke/ylwjkd.ico,0
https://wikipedia.org/vxfqx/pxnwtx.js,0
https://cloudflare.com/geov2.js,1
https://instagram.com/ppms.js/wfpxdfmi,1
https://reddit.com/lgaru/qhpibquf/fyfgn?id=wgkxh&id=c2frb,0
https://adobe.com/ucvf/fxzriw/ddqobuh,0
https://amazon.com/track_js/?/nlk,1
https://instagram.com/duj.png,0
https://adobe.com/logging/pixel?,1
https://apple.com/lmj.js,0
https://linkedin.com/hgbsgkbn/hse.js?q=ssmx1&id=isihp,0
https://apple.com/sitecatalyst/tracking./lxoavo,1
https://netflix.com/hoccuotl/ewbhjx.svg?id=cm5u1,0
https://apple.com/api/v1/stat?/xqnby,1
https://twitter.com/ahoy/visits,1
https://microsoft.com/bjyvii/pbpalok.woff2?theme=6gi74,0
https://adobe.com/kof/dxbn/bbgkc.png,0
https://facebook.com/hdpk/ceefwpn.svg,0
https://apple.com/gyxqd?page=314q9,0
https://twitter.com/aze/edfhv.ico?view=g5h23,0
https://?type=pageview&/ndwtsfqo?ref=839=gmknuh&sessionid424=wkjeqt,1
https://twitter.com/rjzbj.css,0
https://youtube.com/a/performance_timing/*/abuel/zgvzo,1
https://youtube.com/elx.woff2?id=k1k0i,0
https://apple.com/bveqmzmq/lew/zwkogqfe/msng.ico?page=w6ni4&page=5a45i,0
https://netflix.com/xtgi/art.woff2,0
https://youtube.com/trackingpixel.php/gmgdkvbd/yfe,1
https://google.com/pwgx/zohana/uiotu/fee?q=ucjsu&theme=mcou6,0
https://google.com/gudby/dmrn/yzmezzqu,0
https://twitter.com/bdfnjsh/llujuly.svg,0
https://linkedin.com/upcqs/hzhd/ppno.svg,0
https://instagram.com/api/stat?/ejkjbltx,1
https://google.com/zgiaz?page=vakr8,0
https://facebook.com/vxnrx/yyrmd/lkcw/zaxjh,0
https://linkedin.com/sufoiu/asgtgqdq.ico?theme=jm0ka&lang=pi51e,0
https://amazon.com/yaut/rnjaiz/leo.png?q=j273y&page=3o08z,0
https://youtube.com/jpt/frddj/pxgkilvv/rzzz.woff2,0
https://-tracking-pixel./jhnhgmup/fvxfyurl/labswt?utm_597=bagjdz&cid966=iuldji,1
https://wikipedia.org/kcg.ico,0
https://twitter.com/kwckyai.png,0
https://microsoft.com/lhmxhdjy.png?view=em8lt&theme=7p9sj,0
https://facebook.com/jvkpswy/qrna/xthhefag/lrg.png,0
https://reddit.com/kojttud/hedmjnn.css?page=2o33e,0
https://wikipedia.org/amp-analytics-,1
https://cloudflare.com/eekpy/vlzctmhe/mjew/haeekvj.ico,0
https://amazon.com/hngiri.js,0
https://reddit.com://fathom.$domain=~fathom.fm|~fathom.info|~fathom.io|~fathom.lib.uchicago.edu|~fathom.org|~fathom.video|~fathom.world|~fathomdelivers.com|~fathomseo.com|~usesfathom.com,1
https://wikipedia.org/ard.png?/jrfllkwl,1
https://google.com/track/site/*,1
https://reddit.com/brffm/xzkrbfd.png,0
https://netflix.com/trckUtil.min.js,1
https://wikipedia.org/ulhn.svg,0
https://microsoft.com/wnw/lonwnnt,0
https://linkedin.com/byevb/czdhtd.css,0
https://amazon.com/ltsijw.png?page=wvray&view=c69gh,0
https://facebook.com/darhipmq.woff2,0
https://cloudflare.com/bogybhrc.png,0
https://cdn.shopify.com/cpncj/cddg/hhxdvj?id=0qk4s&lang=zhrtx,0
https://wikipedia.org/lasso-ga.js/wrcmbr,1
https://google.com/heccnk/faxacp/upv.js,0
https://reddit.com/yns/hhjr/pxwh/sysmp,0
https://youtube.com/track/client-events/upfnko,1
https://google.com/emxjbxah/xdaly/igrrdw/gxh.js,0
https://reddit.com/astracker.js,1
https://google.com/wtut.jpg,0
https://microsoft.com/analytics/trackers?,1
https://adobe.com/xpzcnrm/dldims.png,0
https://reddit.com/kwpcekrg,0
https://netflix.com/vlbhpmm?q=pkjyp,0
https://microsoft.com/tgflsbb.png,0
https://adobe.com/ghowe/tbf/dnybxbgx/pim?page=vcisk,0
https://amazon.com/plugins/status.gif?/bdrayrw/ymv,1
https://linkedin.com/magento2.js/xgnyjpcx/ffsltgs,1
https://instagram.com/iaeogjp/cxv?page=nl6rm,0
https://linkedin.com/gen204?/iso/ewwamgcc,1
https://cdn.shopify.com/hpnzhmqt/jndeqvb/hmmsx/skmb.ico?lang=9yctf,0
https://reddit.com://lightning.*/launch/,1
https://cdn.shopify.com/qqmzci.svg,0
https://facebook.com/iunj/xzdkxxt.jpg,0
https://?event=log&/gbntail?utm_025=mxunug&utm_460=otusnk&utm_530=lifsvh,1
https://twitter.com/hddo/gxirp/iyyb/fywyzfg.ico,0
https://cloudflare.com-universal-analytics/,1
https://twitter.com/nckjjar/chtfj.woff2,0
https://apple.com/jgx/yktjgcv.jpg?lang=nn5fs,0
https://instagram.com/eflivlg/bhg/qjzlox/clmdeq?page=6rhnm,0
https://apple.com/myTracking.js/nknk,1
https://instagram.com/uoqwaue/afbhee/qzaujfmq,0
https://&l=dataLayer&cx=c/gkm/gigcrzs?affiliate062=orvshh&sessionid460=ikjamy&utm_609=yjwauf,1
https://wikipedia.org/mfehvjxo/nwd.svg?theme=lzfby,0
https://facebook.com/vzaesibw.png,0
https://amazon.com/sdxn/uhorv?page=vws2l&q=1wn3t,0
https://?action=track_visitor&/vcqr?campaign951=stmdlc&ref=767=smzugb,1
https://cloudflare.com-universal-analytics/,1
https://cloudflare.com/catcilv/bppwyno/bpcek,0
https://google.com/wp-rocket/assets/js/lcp-beacon.,1
https://linkedin.com/lightspeed_tracker.js/sjhud,1
https://apple.com/fniudbsi/iap/smr.jpg,0
https://youtube.com/oykzc/nje/dktdxtv/igkkmfn.ico,0
https://amazon.com/oxyj/ntainou/ptdpy,0
https://facebook.com/akypa/uusqnqba/rncnv/capnpb.png?id=25xj7&q=61i9n,0
https://netflix.com/gltvsf/iclkpei/qixldjjy?id=szad6,0
https://youtube.com/ilzglo/purvx/qckqzmth.js,0
https://cdn.shopify.com/jdu/nimxuq/zydw/tsvfcfk,0
https://microsoft.com/Log?entry=/mbkmhhhr,1
https://netflix.com/cfvuar/flfd/kvtp/tjuuv?view=q7nob,0
https://wikipedia.org/rewp.css?page=11tp3,0
https://twitter.com/yxw.js,0
https://google.com/sfrkwc.woff2?page=8kt8u&theme=3alwy,0
https://netflix.com/ping?referrer=/pisql,1
https://cloudflare.com/zlvpxxb/oeruuucu/bwudpg.svg,0
https://reddit.com/fejajik,0
https://cloudflare.com/rouu/gimdi/aahucl/howhra.woff2,0
https://cdn.shopify.com/sdc1.js,1
https://apple.com/PvCountUp.action,1
https://cloudflare.com/mrytnsvj.ico,0
https://cdn.shopify.com/trovit-analytics.js/ssosk,1
https://youtube.com/xedrqtmb/waofcnf/mceqohtc/gbzlinti,0
https://youtube.com/gtmTracking.js/kdfqek/puos,1
https://netflix.com/lxg/ptsisit/yvrtts?lang=hfphh,0
https://facebook.com/qhj/vygvdge?q=mh2wa&id=g2wcn,0
https://amazon.com/zbrduh.js,0
https://wikipedia.org/wp-monero-miner-class.js/krra,1
https://?type=page&event=/sanegld/fgf/dcahvths?ref=051=wgpykm,1
https://wikipedia.org/llwgkd.svg,0
https://google.com/omkxkj/val.css,0
https://google.com/yte/rhnqxtd/ilbeyq.svg?id=g3q1a&theme=jp420,0
https://amazon.com/aieql/yjvjetsq/bsdwr.jpg?id=90eu7&theme=vkt7u,0
https://reddit.com/sbmqbkkd,0
https://cloudflare.com/wcogwc/hmlqnnzm/npcg/ywxx,0
https://microsoft.com/uqm/gulkzm/lfzo,0
https://google.com/jahvptk/efciwvzi?q=9bys2&id=jry39,0
https://amazon.com/vyiup/ttagixzc.png,0
https://cdn.shopify.com/wzyqcz.png?q=u0kdd&view=a9n5g,0
https://microsoft.com/cookieId.htm/nkvldaa/ftijx,1
https://youtube.com/stat/event?/dhcs/amirfycf,1
https://reddit.com/analytics?http_referer,1
https://netflix.com/tealeaftarget?,1
https://cloudflare.com://insights-collector.,1
https://&pagegroup=*&url=$script/hcgg/jpiunqb?sessionid220=bqpapb&cid097=gsovdd&affiliate392=zbxxcw,1
https://youtube.com/jxf,0
https://wikipedia.org/fbanalytics.js,1
https://netflix.com/kpo/kqzfjhc/hsmonj,0
https://reddit.com/js/dart.js/ecjl/cgyb,1
https://google.com/fjp/woesuc/qjoqgf/czyijy.svg,0
https://cloudflare.com/adb.policy.js/wqq/wda,1
https://adobe.com/pgyzvr/off/eshr?view=nkh0w,0
https://linkedin.com/bgac/nzyneg,0
https://cloudflare.com/autotrack.js/lulx,1
https://twitter.com/1px.gif?/pfjpne/qzaewk,1
https://cdn.shopify.com/jmzbqbz/nun/hozsy,0
https://linkedin.com/HeatmapSessionRecording/tracker.min.js/sqql,1
https://amazon.com/bjkybf/egs/aouuwu?view=0ayq2&id=fym43,0
https://cloudflare.com/socialTracking.js/ilxzsoi,1
https://twitter.com/rltlh.css?view=0plcv,0
https://microsoft.com/vhi/gatrsmm/vfbc/popiw?view=1h66f&theme=cdaxn,0
https://linkedin.com/sccdk/afvkrmt/rzma/ikphabj.jpg?id=2fqnh&page=t8d51,0
https://amazon.com/ape/uxhd/ialxnfem/jbq.jpg?theme=tysw2&id=2mwvi,0
https://twitter.com/kgzqaqou/clwybmg/uakbu/wkujssw.css,0
https://_trackWebtrekkEvents./xody?campaign987=fjizob,1
https://cdn.shopify.com/mbzbkbc/vphu.jpg,0
https://apple.com/rtjc/nutxhxb,0
https://google.com/analytics/call-tracking.js,1
https://wikipedia.org/meay.ico,0
https://apple.com/gyvk/ircupx/lngkrnm.svg,0
https://twitter.com/gvpd/bxsiz/lrrgyee,0
https://adobe.com/uiiqzr,0
https://instagram.com/trackingpixel.php/pkiswybn/vapfmmfu,1
https://adobe.com/vcan/xeim/aoaewg?lang=h1eih&view=ipxtu,0
https://twitter.com/dyqfm/inaul,0
https://microsoft.com/mmror/ouluzcc/zruvsjpc.svg,0
https://google.com/vwrbqmrz/yfpeyla?theme=hr77j,0
https://instagram.com/pageview?pageviewId/fnxe,1
https://?log=united-impression&/inknq/ewrortu/dbixyfz?utm_028=yspyzg,1
https://reddit.com/analytics/embed/*,1
https://instagram.com/gyq/uhme/qzfqeig/fmminaw.css,0
https://twitter.com/mixpanel-init.js/mcvox/obsusfgy,1
https://cloudflare.com/orwn,0
https://instagram.com/htdicxh/gyxrhqd.js?view=ghtev,0
https://amazon.com/umpytmuc.woff2?theme=og2rt,0
https://apple.com/pxl.gif?/yjvyn,1
https://youtube.com/uljd/psad/stydgh/rlk.css,0
https://microsoft.com/sicf/sdkaei.woff2,0
https://facebook.com/otzzt/gmxjakt/nzt/zvaoo.css,0
https://google.com/uxmbyax/psu.js?lang=sz8jo&id=l8fz8,0
https://reddit.com/stats/events$xmlhttprequest/ymegd/psym,1
https://cloudflare.com/mug/beqmb/kpbfb/ruualz,0
https://microsoft.com/swpdmgdp/cvlgwj.css?lang=rsyyc&page=sysk1,0
https://netflix.com/eoyzahzh.jpg,0
https://wikipedia.org/wxoddv/sxviklw/shuyl.png,0
https://netflix.com/aidzvtk.jpg?theme=qm28v&q=utred,0
https://google.com/bmmm/xcowaqds/iywkmlas.js,0
https://youtube.com://elqtrk./ycm/ijdaqjm,1
https://apple.com/yveica/vcd/bctye?theme=2l2qq&id=noqgf,0
https://wikipedia.org/qhpu/lhygpxte.svg,0
https://facebook.com/i.png?id=,1
https://microsoft.com/vfpussn/nfrgf/gtiwyxm/khpgzbm.js?lang=38s9a,0
https://wikipedia.org/bvtolto/patm/bexhim/jrsoxoj.png,0
https://facebook.com/jnxswk/xxfbgtd/ongh/csdsgbvv,0
https://netflix.com/sbvy/dajsf/dhkxzw.woff2,0
https://apple.com/beacon/media?/mzl,1
https://adobe.com/email/tracking?/ksdjj/yibtf,1
https://amazon.com/rjm?lang=fldc4,0
https://cloudflare.com://analytics.*/collect/zkn,1
https://apple.com/mms.*/pv?/ekw/inzscijy,1
https://facebook.com/mbgxnri/ujliydk/cesnawe.svg,0
https://youtube.com/gvjvtr/eolwbr/foop.ico?page=zyqrg,0
https://?log=stats-/eixsxki/yqkomx/rawu?affiliate284=wrkrhv,1
https://&t=pageview&/belhe/axhkhv/htvafoln?cid418=ddaipc&campaign145=qdahln,1
https://instagram.com/xttfxh/svofa/jskvp.js?q=gsrfi,0
https://reddit.com/zyjefamq/rgfqjhm/jbddmsps/qcnpciwm?lang=abgpy,0
https://twitter.com/ebstbsa/scylug/wkxeuvne/aepcbc,0
https://##.embed-responsive-trendmd/wutbxd/ghy?campaign156=vtesjp&campaign638=firted&affiliate672=hhshad,1
https://netflix.com/xgt/otvjne.ico?q=51m3n&view=55ber,0
https://cloudflare.com/qslt/hltm/jbxoht,0
https://twitter.com/ebtirkgx/yjz?id=h2l5i,0
https://adobe.com/qugxjqj/thqcsefg/ibhua,0
https://cloudflare.com/log/web?/vmcyabq/kpvkbsuo,1
https://twitter.com/druvxind/eas/arupz.ico,0
https://cloudflare.com/btlfg/mdozmg/afdek/lky.jpg,0
https://reddit.com/common/analytics.js/luwqkbcz,1
https://youtube.com/firebase-performance-standalone.js/erkxf,1
https://apple.com/qukauvlb/fovwwlk/jst/jhtwa.svg?page=w07dx&page=8wu9a,0
https://microsoft.com/lutkwhk/imskd/gyx.woff2?theme=0q297,0
https://netflix.com/ulr/qpfrrdqg/iuopyk.js,0
https://twitter.com/axrrynk.css?page=mfc41,0
https://linkedin.com/ia-sentry.min.js/bbct,1
https://instagram.com/zslmge,0
https://facebook.com/lmglitr/fahf/qzdulpkv.svg?theme=puaic&lang=kcodj,0
https://apple.com/xjhcebv.css?page=gwfr8,0
https://wikipedia.org/estatistica.js,1
https://reddit.com/collector?report=/vdwfszn/cdmbvxw,1
https://facebook.com/xwqejcdc/uhs/kmosngdx.jpg,0
https://microsoft.com/qoyln/ujfxrepc/dbdilvz/jxzq,0
https://?local_ga_js=/juuw/gkfoausc?cid757=dewdck,1
https://microsoft.com/apilog?,1
https://microsoft.com/analytics/visit.jsp/vaajcv/fqtp,1
https://microsoft.com/webstats/track.php?/vfbhbfy,1
https://amazon.com/ztwdmob/zzyelfu.js,0
https://instagram.com/cxense-candy.js,1
https://adobe.com/grfaj?page=q718h&lang=vhkim,0
https://amazon.com/hgct?hc=&hb=*&vjs=/agjg/qwyv,1
https://netflix.com/uhowyzyt/mcuugwzr/gdwhm?theme=pu1q6,0
https://apple.com/mee/ryuvb.ico,0
https://reddit.com/dapebsfh,0
https://cloudflare.com/bkmqng/cpmtzy.ico,0
https://amazon.com/hmtgchf,0
https://microsoft.com/qgv/con/bghmyqee.png,0
https://instagram.com/ehuynko/ynlu?q=wvgku&view=yf5pe,0
https://adobe.com/qlogaics/oavl/lhiyb.png?theme=jt9a5,0
https://twitter.com/track/visits/?,1
https://adobe.com/efbr.woff2,0
https://amazon.com/ljeldkr/raptzehs/fewxipm.ico?id=80i4j&q=d4sgi,0
https://cloudflare.com/dl-web-pixel.js,1
https://adobe.com/fmi/etgohlk/yyb?view=p0jrx,0
https://netflix.com/wwzevtcq/cnjuvmij.jpg,0
https://apple.com/aqkjk/yei/prprni/dms.jpg?q=haald&view=05bsh,0
https://wikipedia.org/wxrb.png,0
https://instagram.com/fzv/cjix.js,0
https://amazon.com/c2_count.js/ivmkkzd,1
https://google.com/gevkzwwe/hefaii.js?page=9ypmu,0
https://amazon.com/dljqpig/gogboxx.jpg,0
https://microsoft.com/aoppdy/uifzyd/vaxka/qlrgxxp.woff2,0
https://microsoft.com/evapej.js,0
https://google.com/ttlhi/plhouds.svg,0
https://amazon.com/event?s=$ping/feybjn/zvowqq,1
https://instagram.com/getbglog.js/jsikt,1
"https://amazon.com/ivw/SP/*$image,script/rhuhtljc",1
https://_c.gif?c=/xjekgu/zytorhw/ura?ref=479=fvwelq&ref=269=zhjorg,1
https://cloudflare.com/rthrnj/vbbety/zzaaccri,0
https://?log=xhl-widgets-events&/tbic?cid711=wxtpgt&sessionid036=ersyny,1
https://reddit.com/nlznvxu/iuoxu.css,0
https://facebook.com/lej/rlurclkl/qpmt/tkptaax.css,0
https://reddit.com/rnmifvvd/tguxtk/wmlks.ico,0
https://reddit.com/pqsb/cay.jpg,0
https://linkedin.com/lbp/jne.woff2,0
https://adobe.com/sdmrckd/gmtamvz/rphwqe.css,0
https://linkedin.com/hqh/ccmdvnvc/dpaes?view=8f1xh,0
https://reddit.com/ckpcxabb/imbmyp/wbc/qda,0
https://reddit.com/page_perf_log?,1
https://netflix.com/cqoyujl.svg,0
https://cloudflare.com/wpebc/qdydnqkn/njwkbxj/dwduc.js?q=uqre0,0
https://twitter.com/qfymefud/ktl/koqhbu.png?view=7ur47,0
https://netflix.com/wuzdoqg/mpcta/gixf/ygsmtqf.css,0
https://cdn.shopify.com/hkfwuqc.css,0
https://adobe.com/oellr/jbxorrn/fds/enrpqb.js?id=lz34q,0
https://twitter.com/ynn/qsb/nxmzgb/gfz.css?id=d8ucz,0
https://youtube.com/ccja/vgomq/bzy/qbeuyurg?view=8q1f9&page=kilsq,0
https://cloudflare.com/mdqwco/eeul/bsulyay/hcehrxs.png,0
https://youtube.com/pxzbcadw/eiages/cywuc.svg,0
https://cdn.shopify.com/transparent_pixel.gif/auz/sitkzvoi,1
https://cloudflare.com/sssi.svg?page=1w1ri&view=78gum,0
https://amazon.com/SiteSearchAnalytics.js,1
https://cdn.shopify.com/jgoopw/focidzpl/srxmftkg/kud.js,0
https://youtube.com/cpfrv?view=10m5s&page=io05b,0
https://reddit.com/UserTraceCookie?/thiwxzp/olb,1
https://linkedin.com/smarttag/smarttag-,1
https://twitter.com/wzimkli/bxrld/xims/javxaik?theme=trb24,0
https://cloudflare.com/mce/xebv.js,0
https://adobe.com/pyeesrso/eruqscsn.js,0
https://facebook.com/cutqm/madnp/uunhedn.woff2,0
https://microsoft.com/lunametrics-,1
https://facebook.com/zskafwd.jpg,0
https://reddit.com/trackingCode-/wgrq,1
https://google.com/track?event_id=/jtd,1
https://youtube.com/siir?id=s1nzh&id=f3420,0
https://reddit.com/lvkbbwo/udzcv/yjnyfpwq.svg,0
https://twitter.com/hit.t?,1
https://google.com/vgmqc.svg,0
https://linkedin.com/AppMeasurementCustom.min.js,1
https://cdn.shopify.com/gudhlr/oqbdl/ingrh/lhkg.css,0
https://netflix.com/vkgbu/xnw/pbron/gadqzf,0
https://_imp?Log=/sxp/bsyafx/hvnwfka?cid906=aymijj,1
https://twitter.com/tjgr/vllxcjzf/uxo/veshc.js?view=12ol6,0
https://wikipedia.org/api/v1/EndpointTracker/etalvpiw,1
https://apple.com/qeq/jlubsaqu/dfzuuiuo.jpg,0
https://wikipedia.org/lrnluhs.svg,0
https://google.com/__imp_apg__/*/hyjda/siq,1
https://twitter.com/ttysl.js?theme=n9ph4&id=59lfj,0
https://apple.com/impressions?$~xmlhttprequest/vzs,1
https://amazon.com/gaclicktracking.js/elnknmmf,1
"https://twitter.com://l.*/counter.php?id=$script,~third-party/cen/pjvaykzj",1
https://instagram.com/get_site_data?requestUUID=/aapeps,1
https://linkedin.com/gaTags.js,1
https://_webanalytics./omarws/qoh?affiliate539=dbfndl&ref=327=jciack&cid624=icmrds,1
https://facebook.com/ahexdpti/kdu/ygavzdo.ico,0
https://?v=2&tid=G-$~third-party/ofyxjg/xpqo/qlgwem?affiliate211=retlll&ref=911=kbvvkr,1
https://microsoft.com/count.cfm?/mxywk,1
https://linkedin.com/khlb/ozra.svg?id=0t76e&id=0iaec,0
https://amazon.com/klhra/ypfob/ppx/fljoovo.woff2,0
https://adobe.com/ijlza,0
https://cloudflare.com/measure/visit/*,1
https://cloudflare.com/tppoo/cfyhaivx.jpg,0
https://adobe.com/jgrvioy/qllpjwbo/dvqr/hlzwmoz.png,0
https://reddit.com/cgi-bin/count/*/syys/zwjxxmd,1
https://cdn.shopify.com/tdcxgmjn/hyjiblnl/fkhn/aohg.svg?view=ts2jg,0
https://netflix.com/hcpsktw/lqmumaza/ebxnvg/bliiel.svg,0
https://cloudflare.com/ret/snrdyeuz/lpeys.woff2,0
https://instagram.com/vcyqyssn/iefabgm.woff2,0
https://cdn.shopify.com/webdig_test.js/xiw/dyry,1
https://cdn.shopify.com://internal-matomo./gelcbnb,1
https://twitter.com/cnmhxua/jdcqhtl/kwe/tbbcpvs.js,0
https://cloudflare.com/vsyikdj.js?view=gkktg&theme=ko4te,0
https://wikipedia.org/v1/viewport_events,1
https://instagram.com/pixelNew.js/drjabtrb/kdpqt,1
https://instagram.com/tbe,0
https://netflix.com/twiga.js,1
https://facebook.com/kpin/ppp/skntpnux/ycs.js,0
https://microsoft.com/coakzjk,0
https://cloudflare.com/flf/wryfg,0
https://wikipedia.org/jpqex/kaqywyvm/iiqieevt.woff2?page=vxq6m&view=9vw75,0
https://linkedin.com/webmnr.min.js/lfzio,1
https://microsoft.com/dtkfajcy/xmmkxv/kcsnzq/xzdsucb.ico,0
https://youtube.com/ppms.js/jmmw,1
https://?event=performance&/wpwdaj?cid179=hnfpcv&campaign285=gqbayi&cid470=jovomt,1
https://microsoft.com/zuo/zik/kuzdih/czdgorw.ico,0
https://google.com/js_ibeat_ext.cms,1
https://twitter.com/tlka.js?id=7ilkz,0
https://netflix.com/session/update-beacon/das,1
https://amazon.com/cookieAnalytics.js/hpxlvkok/mokdln,1
https://amazon.com/vlvc/epa/osb.ico,0
https://youtube.com/ecu.ico,0
https://facebook.com/zpup/xaqf/lxcurdpm,0
https://adobe.com/ping.gif?/xmjy,1
https://facebook.com/ukyta/wtk?view=qwsy9&view=0pav4,0
https://amazon.com/ujrztppf/vzxrszfg/omgy/otmgzja.js?view=ubp1j&lang=3d1l6,0
https://apple.com/rpFingerprint?/kmci,1
https://youtube.com/ips-invite.iperceptions.com/*,1
https://facebook.com/gaclicktracking.js,1
https://microsoft.com/cuxc/ltvnvhwo/oeooatx/vhb,0
https://netflix.com/lqs/byi/rfdyw.woff2,0
https://microsoft.com/cwvozx/guucid/jqmdnkpl.woff2,0
https://twitter.com/cobkqozj/itt/awnwn.js?page=mrcz7&lang=yg2t6,0
https://netflix.com/zgakxng/gtsdqh/nlpr,0
https://netflix.com/collect?eid=,1
https://facebook.com/kukulufinger2.js/ddtx/bmzia,1
https://instagram.com/referer/visitor/*,1
https://reddit.com/fli/jgxgazlj/xgace/hktzehi.png?lang=wugxx&view=1g5ri,0
https://google.com/csgrjwpc.woff2,0
https://cdn.shopify.com/pageTag?/twikkjpn,1
https://netflix.com/ski/iwvxbvgj/bmlbu/lvd,0
https://cloudflare.com/sk-logabpstatus.php,1
https://wikipedia.org/msha/arcpqurw/ltfhrxj,0
https://microsoft.com/SdaAnalytics.js,1
https://cloudflare.com/logcount.php?,1
https://facebook.com/uejgrr/lgqzjph/zlecbfz.js,0
https://adobe.com/ejlweof/vlnoicc/bnhp,0
https://apple.com/rrqurq/gtjnxevz/tblr.svg,0
https://linkedin.com/rfcacs/ijblexh/cglrad.css?id=0xjnt&page=lwbsy,0
https://google.com/mhnyl/swr/yvdvzog/bhowt.js,0
https://youtube.com/xnyisnj/ddujiaoa?id=akioq,0
https://facebook.com/hpbfug/udl.js,0
https://?log_performance_metrics/mnls/astfcxcv?utm_128=ghmhvx&utm_724=hvqvmh&affiliate369=imbdgg,1
https://twitter.com/jdhzj/btity,0
https://cloudflare.com/bgmkwr?page=mnbv0&view=gd5c0,0
https://microsoft.com/probance_tracker-min.js,1
https://google.com/analyticsFooter.js/tun/mfyft,1
https://youtube.com/intake/v2/rum.js/hcelebk,1
https://cloudflare.com/pocpm/ueny/vdhjyqme.jpg,0
https://cloudflare.com/jwkke/wvsg,0
https://amazon.com/kpg/proenmur,0
https://adobe.com/oypk/pcswmr/xerkfq.js,0
https://google.com/swa_t.gif?,1
https://microsoft.com/travel-pixel-js/*/aquizeho/sodrwyk,1
https://cdn.shopify.com/bwly/nnjxvgy.svg?theme=btj3z&page=cfdoq,0
https://reddit.com/elqcfg.js/ubab/pjn,1
https://adobe.com/counter2.gif?,1
https://cdn.shopify.com/ujtjml,0
https://adobe.com/jcbjhgd/lbmteij/hviftaiu.ico,0
https://google.com/qhwqpq/wrlgw/lwkvstne/rxrutx.woff2?page=cda70&theme=m75j6,0
https://netflix.com/itfoax.woff2?page=akydh,0
https://linkedin.com/qns/nva.jpg,0
https://facebook.com/qiwa.ico?lang=rei18&id=i5uqp,0
https://facebook.com/Track/Capture.aspx?,1
https://facebook.com/xdqqi/hfdgmks.ico?page=kfjqy,0
https://twitter.com/gtm.min.js,1
https://apple.com/webtrends.min.js/obwt/szsfpat,1
https://cdn.shopify.com/ucyhbq/xvqwiope/zhrffmq/mpctwzbm,0
https://amazon.com/qxv?lang=i1udk&q=49fge,0
https://twitter.com/log?format=$domain=~meet.google.com,1
https://apple.com/knjie/vyifjj/pnsdts/fxhtxswm.css,0
https://.content_tracking.js/infn/wqhnk/ulgsq?cid214=pmrogl,1
https://facebook.com/pingServerAction?/tww,1
https://cdn.shopify.com/geqznb/dfidsdjt/uzw/vpxrfrxh.css?lang=xfbu5&theme=vh7wh,0
https://cloudflare.com/stat_vue.php?/tuhw/hnkklnka,1
https://facebook.com/stats.*/hits/*/wfblj,1
https://reddit.com/ddusb/ffh.js?page=etv0u&q=iujf5,0
https://youtube.com/zfm/qndae.css,0
https://amazon.com/zppitx/xlrzyx/aasv/lgouwp,0
https://youtube.com/mzr/oyi/cmur/japopvl?id=krf6i&q=xkbo3,0
https://cdn.shopify.com/znosesnv/ihxogij/ufm.png,0
https://cdn.shopify.com/awpx_click.js,1
https://apple.com/oxvfm.png?q=3w0qp,0
https://google.com/omniture_tracking.js/uif/wiqou,1
https://adobe.com/openpixel.js/qgha/czvwgn,1
https://amazon.com/triggertag.js/plxlxn/ccwzcvf,1
https://linkedin.com/vdseyixf.woff2,0
https://wikipedia.org/fyr/nwpj/nqbez.jpg?view=y7bac,0
https://netflix.com/_/trace/trace/*,1
https://facebook.com/diuccd,0
https://adobe.com/lqevbu/acqmzd,0
https://linkedin.com/ldasgjz/jnykwod/qlecyn.css,0
https://cloudflare.com/b/ss/*&aqe=,1
https://twitter.com/dmp/pixel.js/gra/zdzmgmrd,1
https://google.com/videojs.ga.min.js,1
https://instagram.com/lbn/mjsaser/tedl/dys.png,0
https://linkedin.com/getintent.js/jnqqm,1
https://adobe.com/ulfe.ico?q=x3vug&view=dgv44,0
https://wikipedia.org/set_cookie.php?/sxibbu,1
https://adobe.com/oyfzh/xpzih/sjngmh/yofaan.svg?lang=3f7yd,0
https://linkedin.com/erlsedjb/tqoszjbm/srevtz/ganqhjey.ico?q=0xzm9&page=ya1u8,0
https://.sharecounter.$third-party/ogjnjpc/ooiwtsg/mmxjmus?ref=350=vgxilr&utm_878=xszmsz,1
https://microsoft.com/dudqfoeh/actau.woff2?lang=y3wcy&theme=jvrdz,0
https://google.com/imgcount.cgi?/byk/jvyhyc,1
https://apple.com/nathjqem/dtdzes/bweh.woff2,0
https://microsoft.com/binm/cwamnm/bnqdxit.ico?page=zjwvy,0
https://twitter.com/openpixel.js,1
https://wikipedia.org/comscore_beacon/*/oqytquge/tmfmtx,1
https://twitter.com/uhfd/xhfsxp/yxz.css?id=ap8e6,0
https://wikipedia.org/mtgviion/asgatk.js,0
https://microsoft.com/chixfs/upwnc/adbnt.js,0
https://cdn.shopify.com/mrp/wqofjuc/iuzytkbp,0
https://google.com/vbhw/fjrmlsm/qxqqqeey.js,0
https://cdn.shopify.com/log_e.php?id=,1
https://?event=performance&/tnmlr?cid054=shucoc&campaign800=qamths&cid128=oiqerq,1
https://cdn.shopify.com/lfby/ypljv,0
https://cdn.shopify.com/susboyyl/rpi.js,0
https://apple.com/iurvc/kyz/pva,0
https://linkedin.com/vbbaib/fzjqmc/nefcgyhj/mgca.ico?theme=d1c08&theme=tpue6,0
https://wikipedia.org/wrgbs.svg,0
https://adobe.com/xqdzt/gkgtvyjh/sauek/smcew.png?lang=d470n,0
https://amazon.com/track.png?/ybiwayyg/qsmr,1
https://cdn.shopify.com/cgnpdwmc.svg,0
https://apple.com/px?t=,1
https://youtube.com/hnpdvrem/bwnnjsa,0
https://cloudflare.com/apilog?/virngux,1
https://google.com/jvj/vrk?id=jaosa,0
https://google.com/rcAnalyticsLib.js,1
https://linkedin.com/kkjllty/ilszdibq/yhxnk.css,0
https://?v=2&tid=G-$~third-party/mswxtpev/nipl/obrsztap?affiliate745=ebayma&sessionid144=itbikk&sessionid266=kttqqa,1
https://amazon.com/cerek.jpg?page=234eh&q=nwaj0,0
https://youtube.com/iaake/txkhiruz/sfpubtas/umogi.css,0
https://adobe.com/gatrack.min.js/mpbn,1
https://?[AQB]&ndh=1&t=/qmnas?sessionid692=qjvnux&cid232=vnxnsp&utm_498=huxihd,1
https://.php?action=browse&/yaxajtx?cid176=traver&campaign346=opjvsj,1
https://wikipedia.org/qvlexkb/pxjywczw.woff2,0
https://instagram.com/beacon/page?,1
https://twitter.com/lskngr/vxoekpgm/yko/bbxklzxe.css,0
https://apple.com/lnl.woff2?q=z2ifu,0
https://cloudflare.com/pwefnvc/erxqib,0
https://youtube.com/vtrack?vid=/tila/nbwuhuxu,1
https://facebook.com/rwqv/znzqzx.css,0
https://cloudflare.com/bbnkru/fvkwtmhg/ogdeyrkt/ahrgny.jpg?theme=5tnp8&page=g2top,0
https://adobe.com/ieq/ykxni/imt.woff2,0
https://instagram.com/std/yjea/itn/fmyw.jpg,0
https://linkedin.com/slkic/qtad.js,0
https://cloudflare.com/chid/fuqkvtwa.svg?view=nqlgj&theme=3omg1,0
https://microsoft.com/lcgd,0
https://cloudflare.com/ckejbckk,0
https://cdn.shopify.com/ouc/mytuq.js,0
https://google.com/sty/ejroqjk/nya/kujhve?q=1pssi,0
https://google.com/fwu/anlkamib/whlcnjkx.jpg,0
https://google.com/click-tracking.js/qha/qguichje,1
https://instagram.com/kumkv.css?id=z9o0g,0
https://google.com/vcewkq/twfih/ohewudnp/djbedeg?view=e9c4t&q=plw8t,0
https://instagram.com/HitCounter./rjqu/kbbosp,1
https://youtube.com/xml/pv.xml?/lymaj/vtxb,1
https://-geoIP.js/nldyqmss/rlinzy/kwpqzobo?sessionid971=vegniu&cid353=vbwfkh,1
https://?action=tracking_script/zduqkwz/cwu/suout?ref=667=nwntsh&sessionid941=nvgukd&ref=377=uztsue,1
https://adobe.com/gatrack.js/schnvbe,1
https://adobe.com/dtt.ico?view=vgcco,0
https://apple.com/api/pageview/*$ping/pwcpq,1
https://netflix.com/oupkrvc/ftdmowm/tpyspc/bvhgg,0
https://adobe.com/logging/ClientEvent/iabjsrc,1
https://cdn.shopify.com/qjul.ico,0
https://twitter.com/natjshne/ftjqy/pcwt/zxs.woff2,0
https://instagram.com/nvb/tpfa.ico,0
https://cloudflare.com/clicktracking.js/hic/cghhp,1
https://.beacon.min.js/nxunli?campaign150=grhudz&sessionid583=bbfpjk,1
https://twitter.com/xwff/wkzwkvp,0
https://facebook.com/bflhmlo/rzhnwudm?theme=crjtu,0
https://-inview-tracker./fpsrdyzs?utm_622=ymovlb&utm_879=gujuuk,1
https://amazon.com/ayrros.png?lang=glbfh&view=4r1jl,0
https://wikipedia.org/ddwlcllv/sqnsjlr/qpmtyml/mehn.woff2,0
https://&EventType=DataDealImpression&/vgrr?affiliate005=qejhdd&sessionid629=xbvaxp&utm_052=jhfbgt,1
https://apple.com/xglytd/xwzocjbm/bbmoqczi/jmbbdazh.jpg?view=b2op1,0
https://youtube.com/fnxh.ico,0
https://microsoft.com/log?id=/plcza,1
https://adobe.com/lklk,0
https://microsoft.com/uauh.ico,0
https://microsoft.com/vlmxyw/jfarqp/oxejwj.svg,0
https://youtube.com/axyt,0
https://amazon.com/tealium-utag-set.js,1
https://linkedin.com/wstats.php?/ihhnmtp,1
https://linkedin.com/zocti/fgzc.png,0
https://microsoft.com/piano-analytics.js,1
https://wikipedia.org/counter/acnt.php?,1
https://?action=track_visitor&/jqyi/zwol/iay?sessionid008=uceptf&sessionid060=herjrv&ref=559=qtlszp,1
https://wikipedia.org/rfvaov/psw/jslpzymk.svg,0
https://###cxense-recs-in-article/cal/ghjuey?ref=271=ptoyal&campaign148=pncvmc&campaign683=kcigbm,1
https://google.com/kaiseki/track.php?,1
https://amazon.com/edp/hfvxe/scrgikpm/yoywb.woff2?theme=w35ez,0
https://youtube.com/vxmh/zkonxvai/soawzkmp,0
https://google.com/api/drpStats/arrhk/loxkuueq,1
https://microsoft.com/stats/?ref=,1
https://microsoft.com/koko-analytics-collect.php,1
https://wikipedia.org/pinger.cgi?,1
https://amazon.com/lzw,0
https://twitter.com/oshp/iihbcum/ozwtlhua.ico?view=0jma9&page=phpy2,0
https://instagram.com/gxsgbl/hzr/wlmel?view=l99zi&page=9onjo,0
https://google.com/gkuan/ilqzmwn/rhejvnf/fasiwlr.jpg,0
https://facebook.com/lmsxkvtl/lbwik.png?view=9ougx,0
https://youtube.com/jsv/kldr/rolgab/zzjx,0
https://linkedin.com/kgzas/beejr.jpg,0
https://cdn.shopify.com/ga_keyword2.js,1
https://apple.com/otr/qhyiobk/hswh/clajssv.woff2?theme=jstpt,0
https://google.com/fxxmun/xjvfwshu/wvy.svg?page=dmq6v&view=gkb0q,0
https://reddit.com/iyqlntuu.png,0
https://instagram.com/reao.woff2,0
https://reddit.com/kjicx/aebxyjn/hcoeufl/uxhlf,0
https://youtube.com/ovjssbb/fsot/uxhagbk.css,0
https://amazon.com/ngvjxjmm/bge/fkcbhbd/ynkgvu.svg,0
https://microsoft.com/eriveupf/oen.woff2?id=zf3tx,0
https://wikipedia.org/pixel.cgi?,1
https://cloudflare.com/fmfjuh/liidh/yptnfxw.jpg?view=ojnl8,0
https://adobe.com/geocc.js,1
https://youtube.com/lbcxdbz/cdfq/nmzgr,0
https://cloudflare.com/track_stat?/etxgm/gzygy,1
https://google.com/zvzxhrt.woff2?view=o2pd1,0
https://netflix.com/analytics/click?/vyeaskn/jrgkwr,1
https://instagram.com/eqguh/coa.ico,0
https://_imp?Log=/sis?utm_298=nusldi,1
https://netflix.com/api/v3/trackSegmentEvent/lhu,1
https://amazon.com/record-stats?/fwsqcqte/ufmtqo,1
https://twitter.com/matomo.php/burawumm,1
https://amazon.com/set_optimizely_cookie.js/jntiwboc/exh,1
https://google.com/tqfsjmgs/vsvlw?theme=fstnp&lang=prv3f,0
https://google.com/ntwtsvk/tajyl/roxb/ffmfg,0
https://cloudflare.com/analytics.config.js/tpsvxymh/mudgyfsj,1
https://instagram.com/zqre/kdgvscz?view=hobtv,0
https://reddit.com/tmvwvz.png,0
https://cloudflare.com/wrnrwk.png?page=n773a,0
https://facebook.com/count.exe?/mtzwqzj/kkth,1
https://twitter.com/StatRecorder.asp?/bsocfo,1
https://.php?ping=/gbpqrvha/xgqz?cid600=besxxg&utm_004=mxbydl&campaign927=ppaooc,1
https://google.com/minescripts.js/qtfdp/astgjf,1
https://amazon.com/rgichbj/wzkcxh.js,0
https://youtube.com/cqpsn/jptw/rvcpk.woff2,0
https://amazon.com/hnyeky/hbcpodcs/dvrlw/dfpps.woff2,0
https://twitter.com/aevldv/ymrju.png,0
https://netflix.com/uxtkm/maicpthp,0
https://twitter.com/lxrjmcs,0
https://instagram.com/roiengine.js/qbd,1
https://reddit.com/bxtvczmy.png,0
https://adobe.com/yng.jpg?lang=z4j66,0
https://google.com/pyoobwrp.css?view=lloal&view=ss0u7,0
https://microsoft.com/rpnho,0
https://apple.com/hycw/tcylpdy/ehl/jtdtg.css,0
https://wikipedia.org/analytics-tracking.js/uom/otakr,1
https://facebook.com/jjfoc.ico?lang=wnelj&theme=5id9o,0
https://cloudflare.com/zaoj,0
https://netflix.com/ls.php?t=/ysp,1
https://apple.com/ucbomni/npkbtmk/sce/ygz.ico,0
https://adobe.com/pwd/vgzjb.woff2?view=gantb&view=w9kz2,0
https://google.com/ncgx/badvjvg/gvd/lircsmai.svg,0
https://netflix.com/mgammzq.jpg?lang=spdh7&id=9b76s,0
https://amazon.com/livecounter.php?wid=,1
https://reddit.com/at-composer.js/gqtlochm,1
https://google.com/sixzqxsv.js,0
https://reddit.com/bsawr/yqsul.js,0
https://wikipedia.org/djpedcb/vnhb/hozh/ogbmuwv.ico?theme=1aacv&view=0jwl7,0
https://amazon.com/facebook_fbevents.js/ekwbefs/wyq,1
https://reddit.com/statsVisitesAnnonces?,1
https://netflix.com/plog?id,1
https://netflix.com/pam/cbcvhv/esnekl.js,0
https://instagram.com/mha/vyho/poaejf/yoce?view=egxg3&page=d6nj3,0
https://linkedin.com/site_stats.js/songi/xjkjmqq,1
https://facebook.com/jec/ykhmzlwx/nof?theme=cbui4&page=5pr4l,0
https://netflix.com/keen-tracking.min.js/thboc/ekhvts,1
https://apple.com/igg/idet/jrbtjyyk.svg,0
https://adobe.com/nvhcvbi/unldgwnz/havm.svg,0
https://reddit.com/olflrmu/nmki/tcsboru/qircbbct,0
https://google.com/awyn/ujdhx.woff2,0
https://twitter.com/wyym/jkop.svg,0
https://cloudflare.com/fmudsxw/ojwwk.png?theme=djxef&lang=gs8mr,0
https://netflix.com/bqc/tgru/ylm.svg,0
https://cloudflare.com/bnvh/wdzipu/ixq/ywizr.jpg,0
https://apple.com/wjzwiuj/xzqea?view=70aky,0
https://netflix.com/nydcxg/cnvnjmw.js,0
https://google.com/microsoft.cognitiveservices.speech.sdk.bundle.js/gvc,1
https://adobe.com/wp-content/tracker.js/teaarkl,1
https://cdn.shopify.com/beacon/error?/oydsjiog/ahulx,1
https://cloudflare.com/fgojq/hbjgoosd/fniodu.woff2,0
https://twitter.com/yqualepc/ykcgg/hvhlcklc,0
https://wikipedia.org/qradp/prqjd/isai/ailm.svg,0
https://wikipedia.org/etavtlpl/hoq/xhan/yarammbr.svg,0
https://google.com/qnewz/cerini/uekqprm/kilbybtk.woff2?theme=2jinp,0
https://cloudflare.com/eyqbpqu/wvzly/jjbjvr/msaslnz.js?id=3rng3,0
https://adobe.com/statcountex/count.asp?/dhvqv/xveymha,1
https://cdn.shopify.com/fb-pixel-dsgvo/*,1
https://apple.com/elxqct.png,0
https://adobe.com/fyqp/alyx/iritkyud,0
https://apple.com/xwqdu.css,0
https://microsoft.com/emtj_tracker.js,1
https://instagram.com/dqaekmy/bzde/ixd/plwjx.ico,0
https://instagram.com/gkj.jpg,0
https://linkedin.com/nLoggerJB_/dqnpn/iolyksff,1
https://twitter.com/accessanalyzer/tracker?,1
https://cdn.shopify.com/djzurbft/wxhdhr/bqpq,0
https://netflix.com/amtv/zemq/ufkbttxg/fno.ico,0
https://adobe.com/tkqg/prkea/ezknmgp/olqkepqf,0
https://wikipedia.org/cvv/symyt.woff2?page=tzkhq&id=twkkc,0
https://wikipedia.org/tujct/saeco?id=02phd&view=rttxn,0
https://reddit.com/pdi/yyav/vjd/tokgzgcg.css,0
https://cloudflare.com/collect?data=,1
https://amazon.com/loggly.tracker./wwf,1
https://adobe.com/elt.gif?/ovtkyuju,1
https://google.com/bxl/kxrpp.svg,0
https://facebook.com/pingServerAction?,1
https://amazon.com/betrymm/dlmugyxo.css,0
https://google.com/xangxih/scj/qsk/xohg,0
https://cloudflare.com/wqtuq/qniurj/hdbv,0
https://linkedin.com/event-log?,1
https://twitter.com/nbtdq/kucjrtkt?theme=q14qo&page=0d031,0
https://wikipedia.org/wgdia/zpkqbv/oamqob.js,0
https://reddit.com/yky/vmfdncek.css,0
https://netflix.com/b/ss/*&events=,1
https://facebook.com/event-tracking/*$domain=~github.com/mqa/cirx,1
https://facebook.com/rwcqw/tuvh.jpg?q=8ya3h,0
https://facebook.com/jrpygdx/jqgq.woff2,0
https://facebook.com/wtd.gif?,1
https://linkedin.com/mcsaotoo/litwzo/ajrhvkv/aypouakp.png?q=90gor,0
https://youtube.com/lcrjjm/gknktcn.png,0
https://adobe.com/axrqbcai/gqvv/juncym.css,0
https://reddit.com/c.wrating.com/*,1
https://linkedin.com/rt_tag.js/rmdmhhs/yjfdj,1
https://facebook.com/js/logger?/hrdyilvn/dxwiwwte,1
https://cdn.shopify.com/impressions?$~xmlhttprequest/ehzdim,1
https://cdn.shopify.com/lyqk/mnjpe/jorvolyp/hwruqafd,0
https://linkedin.com/plugins/stat-dfp/*/hkjkefub/tpvi,1
https://cdn.shopify.com/jkemx.png,0
https://facebook.com/xpgtw/ztmpwru.png,0
"https://wikipedia.org/presslabs.js$script,~third-party",1
https://reddit.com/equsctt.css,0
https://microsoft.com/elce.png?id=k6z3k&q=zt8xu,0
https://microsoft.com/visitorcountry.svc/*/vaszpmvj,1
https://reddit.com/public/visit/record/rkyn/asbajn,1
https://linkedin.com/bpsaf/slmgqjm/rtoyk.svg,0
https://google.com/pxshbm/vkivgfym/lnertzs/ekrulfoe.svg?view=ea6j3,0
https://adobe.com/adm_tracking.js/edrg/lenavja,1
https://reddit.com/sitecrm2.js,1
https://reddit.com/ClickTail.js/dbyalm,1
https://reddit.com/mjfwgkw/kyjy.woff2,0
https://twitter.com/xkoy/mye.jpg?theme=reblj&page=ff7r8,0
https://twitter.com/dnxker/xwaddhfy.png,0
https://microsoft.com/tdmqiu/frpbbwd/mvvevkl.js,0
https://instagram.com/eowmubqx.woff2,0
https://apple.com/cxzpb/newywdi/vdgye/vpbdjb.ico,0
https://microsoft.com/_vercel/speed-insights/script.js/pbikxudg,1
https://_webanalytics./caszoz/ejeza/qpjydzk?campaign022=ityzba&campaign360=zkgood,1
https://microsoft.com/cgi-bin/count.pl?,1
https://facebook.com/mcount.cgi?/grh,1
https://twitter.com/analytics/track_event/*/uzuyjh/ddtdegq,1
https://reddit.com/eluminate?/cmdwahfj/gaaslusr,1
https://google.com/gen204?/peplu/ventec,1
https://reddit.com/publitas-stats.js/knvmkzu,1
https://cdn.shopify.com/xlp/lxab/qeud.jpg,0
https://google.com/bodurkgz/ehm/adh/gtery.js?page=ohxs4&id=mpo6x,0
https://adobe.com/scmk/psb/wydci.png,0
https://cloudflare.com/vtrack.php?,1
https://google.com/log?track_,1
https://twitter.com/uxqlg/eur/dwlruz.svg,0
https://adobe.com/bwlghtez/veimeo/esswyldh/wnfax?theme=ney07,0
https://facebook.com/yeevnoyi.woff2,0
https://amazon.com/npnl.jpg,0
https://facebook.com/kpncrzzy/gwltkrd/crayqykl,0
https://netflix.com/udc/cseyn/cwy.woff2,0
https://linkedin.com/ikfqtwnn/jus/ileajjt,0
https://cdn.shopify.com/yqgaibu/wcnadab/rema,0
https://instagram.com/aiwq/kiyixz/tjkckho.css,0
https://wikipedia.org/htilni/gofxgq/wilbunsi/cqpdsec?theme=v13i3,0
https://instagram.com/giwyy/mrubo.jpg?view=4l456&theme=n06dp,0
https://youtube.com/nszmrqsa/nvyvn?id=678a2&view=c77p5,0
https://twitter.com/kgefj/kzxbuys/mldsbxqu/oqh?lang=l5vhq&lang=2kazu,0
https://twitter.com/urchin.gif?/ddzit,1
https://amazon.com/ydkdkknf/bkumqmxe/syttg/mudi.jpg,0
https://google.com/zpnsc/utiykyav/wmtiq/rssmuyyn.png?view=dbw1t&theme=be4ar,0
https://microsoft.com/emrxfi.png,0
https://linkedin.com/ocysu/fykcmf,0
https://cloudflare.com/pxl.cgi?,1
https://linkedin.com/eoygjdl/gqwr.js,0
https://netflix.com/__ssobj/rum?/qgelhl/rrvysd,1
https://microsoft.com/hwaws/fshieghb/trf/yjxxg.png,0
https://cdn.shopify.com/cqc/lwoyea.svg?page=7h3mn,0
https://cloudflare.com/euv.svg,0
https://linkedin.com/htq/vtjyk/gcobxx.svg?id=2dhm7,0
https://apple.com/nzbbapk/myavyxz.ico?lang=6zvjx,0
https://facebook.com/fkerg/whiwv/lrjlrp/mljctdk.js,0
https://facebook.com/wzvgjoyh/qfhkyhto.png,0
https://google.com/epdj/oxw.jpg?page=bi5xy,0
https://reddit.com/jump/?jl=/zgswlthu/xtj,1
https://apple.com/dxxwvm/sohqjnk/zalg.svg,0
https://facebook.com/gwiazp.png?lang=m8l26,0
https://apple.com/tracking/ipify/wuljlsv,1
https://wikipedia.org/zeyz/qjzgk,0
https://facebook.com/dgjx/elyxdgw.css,0
https://_nedstat.js/abbm/knmfq?utm_343=csodgt&utm_310=ihlhku&campaign840=cbwuai,1
https://adobe.com/fgllh/hchq.svg,0
https://facebook.com/pixall.min.js,1
https://microsoft.com/mkj/msucxbx,0
https://google.com/counter.js.php/pffdsbm,1
https://cdn.shopify.com/convertro.js/sxmfo,1
https://google.com/?log=experiment&/ihqxtg/uzoxivqu,1
https://adobe.com/ksa/hasn.jpg,0
https://adobe.com/thrtyx/ayuerm/qjxjpx/sehk.css?id=l8mbk&id=m0v0c,0
https://google.com/ccxljisx/vfreod/opofq/iakc.css?id=9568q,0
https://twitter.com/rjsvpuas/ymfgwar/aggqgzum/arva,0
https://youtube.com/scripts/hbx.js/buosauh/ysn,1
https://wikipedia.org/jdw.ico,0
https://microsoft.com/video_count.php?/acumgy/cpm,1
https://cloudflare.com/iyfz/qfnwk.png,0
https://linkedin.com/bluekai.js,1
https://instagram.com/rtracker/ofs.rtt.js/ahfubg,1
https://adobe.com/pixeltrack.pl/scipcm,1
https://amazon.com/frbqtssa/lfwby/twb/rtogl.woff2?view=ct0ty&lang=hzgmq,0
https://facebook.com/wpbvxtcc,0
https://twitter.com/xlk/qmbju/jnrggp/ehh.js,0
https://youtube.com/hhtmu.ico?lang=684e5&q=w83c1,0
https://apple.com/fltfazi/xdgrbt.ico,0
https://youtube.com/qsb/qrqlw/essc/uqncsfu.png,0
https://adobe.com/plty/msrkdxov/jnljgeet/ssbkil.png,0
https://cdn.shopify.com/xtcore.js/cohg,1
https://apple.com/hknos/rjnaj/aaoqvwdq.js,0
https://apple.com/sabdxgjr/mcytpd/dpobgeuh.png?page=eee08,0
https://instagram.com/aoopd/fok/qiabfl/fhbqmc?id=zzn6n&lang=jebd1,0
https://netflix.com/brdqyyev/yvnadtf/wef/iknz,0
https://microsoft.com/dtat/vjsra.png,0
https://amazon.com/gb-tracker-client-3.min.js/tbw/yyuenr,1
https://adobe.com/qjx/jzcmj/nab.js,0
https://reddit.com/jgjzqrro/jgbrf/rtzgdlr.woff2,0
https://apple.com/client_pathlog.asp?/hhaw,1
https://cloudflare.com/hpjt/yzya.jpg,0
https://linkedin.com/odeawgdw.woff2,0
https://facebook.com/dvlmzmj/trjjwykn.woff2,0
https://amazon.com/xszcdtx?view=9aie8,0
https://facebook.com/cbaicgfg/cdxve/xhyw.svg,0
https://adobe.com/hbbw/yghbh/kpwcgd/zewbmk.svg,0
https://twitter.com/mpdqmr/ddn/fhzft/ldfc.ico?lang=l5auh&theme=e4z6p,0
https://google.com/zaraz/s.js/sqwbd,1
https://wikipedia.org/_vercel/speed-insights/script.js/ije/upldd,1
https://google.com/npclcffa/jwinhg/wqgs/hxpmbn,0
https://&pagegroup=*&url=$script/ppvm/rshjyeyh/tmpbed?affiliate511=dtedie&affiliate831=ziqnkn&ref=833=gvijcl,1
https://instagram.com/tilda-stat-1.0.min.js/riolov,1
https://cdn.shopify.com/bineos.min.js/cloq,1
https://amazon.com/kmon/fmyxxef/fsovdmv/zhshcg,0
https://twitter.com/nni/qxsovtz,0
https://wikipedia.org/bov/gfrx/ntdylce/brwyvt.svg?page=ooian,0
https://instagram.com/pygouv/qabjizs,0
https://google.com/fe_logger?,1
https://adobe.com/qcbigt/uaxlzz/lhnt/fktp.css,0
https://amazon.com/tcswmoxh/hromsqh.png?id=3so9d&lang=4wcd0,0
https://reddit.com/gvvtty/oqqfgiju/nhryym/rqrwut.woff2?id=oxh15,0
https://google.com/gcs.ico,0
https://cdn.shopify.com/wlrq/pyizwips/jrmkozcl/chgyzwlf,0
https://twitter.com/ryw/ibti.png?view=9oind&page=1on17,0
https://amazon.com/zey/wtn/czux,0
https://amazon.com/pavuys/guvlcdtj/owwpypx.css?q=0lpdt&view=d5esu,0
https://youtube.com/orzefrau/xktfd/xqelt.png,0
https://microsoft.com/uiydkpuj/qbpll/vgtie/jirxby.png,0
https://apple.com/ejr/mxueoyp.js,0
https://wikipedia.org/log?uuid=,1
https://linkedin.com/ipdvdc.min.js/wbctutqu/pttxyowz,1
https://youtube.com/pxl.png?/jcknj/owsoj,1
https://twitter.com/postlog?/wtytmvx,1
https://facebook.com/prebid.pro.js,1
https://linkedin.com/rshcnq/jfzd/jiuqxx.jpg?theme=aeo63,0
https://twitter.com/ngswbzl.woff2,0
https://linkedin.com/KenticoActivityLogger/Logger.js/jbfjuf/frvi,1
"https://&http_referer=$script,xmlhttprequest,domain=~biletomat.pl|~facebook.com|~jobscore.com/yisbcthn?utm_928=czhgua&ref=205=lfuqzh",1
https://twitter.com/yvxmct/idi,0
https://youtube.com/log/log.php?/gnulsiv,1
https://facebook.com/analytics_v2.js/tcivfuu/nsgymf,1
https://adobe.com/ktmazgj.jpg,0
https://cloudflare.com/one-plugin-analytics-comscore/*/bcviqha/yiwznfdz,1
https://reddit.com/uwnglp/gkd/gfkpmjj/tjvizjk?page=x2r5h&view=qh45a,0
https://netflix.com/metric/?wid=/gzqrrwkr,1
https://amazon.com/datawrapper.gif?,1
https://cloudflare.com/ijmbsll/fxrh/syboaxu/ssfl.js,0
https://reddit.com/gyjtzbvw/gmy/lyf/pdggwocn.css,0
https://amazon.com/lasso-ga.js/ikvrynir,1
https://wikipedia.org/tr.gif?/stssfup,1
https://netflix.com/xcvdpk/gvcgtfat/vimmioiw/yfsoimb.woff2,0
https://linkedin.com/fdof/ncdjn/dnsyht?page=8xbz4,0
https://cdn.shopify.com/mxzccpwx/rxuzhtpk.png?view=7qdiu&view=hntlb,0
https://amazon.com/pecx/yfkdu.png,0
https://youtube.com/wzjdn/jvl/qzr.woff2,0
https://linkedin.com/analytics-gjc-min.js/kpfaypuj/hthdbjbk,1
https://?action=log_promo_impression/hujdtgv/wjvuzc/rlhwb?cid102=hxfzpl&utm_596=vvdjec,1
https://?log=united-impression&/dkr/pcsxj?ref=199=pfxgzk&campaign691=sfllgd,1
https://cloudflare.com/kvibyc.woff2,0
https://cdn.shopify.com/opinionlab.js/lunpk/pvpnzp,1
https://microsoft.com/vvu/vxdqf.woff2,0
https://adobe.com/hqdzmsaz/sjt/dqxbed.png,0
https://microsoft.com/dfts/cmxme.png,0
https://apple.com/wzqooi?page=hqegs&page=l5n4s,0
https://linkedin.com/nbjfn/uniafo/bvbiuf/fzcht,0
https://amazon.com/tjxaj/gajn.ico,0
https://cloudflare.com/tta/iexxtwx,0
https://cloudflare.com/ping?utm_/xydfmxa/efsh,1
https://apple.com/client-metrics/?target/hcxyziw,1
https://youtube.com/js/logger?,1
https://instagram.com/dg_measurement_protocol.js/mibu/eduwdy,1
https://google.com/plugins/visitors-traffic-/zoatpw,1
https://cdn.shopify.com/iwcnw/aoqptm.png,0
https://apple.com/qkzjibhy.js,0
https://netflix.com/pzpokhwg.js?view=46pww,0
https://?type=page&event=/nqsvi?cid764=zjnerp&cid021=cvrhgo&sessionid084=raiovr,1
https://facebook.com/ueiabrxy/egnwe/yxwvnmjb/mfn.svg,0
https://youtube.com/ftrtytn/vqnvz/aetxhnc/mmgzp,0
https://adobe.com/qjdinnpe/jutbn/uvqimbm,0
https://apple.com/zawsk.css,0
https://wikipedia.org/lyvjpi/landpor.ico,0
https://apple.com/ixkf/aplupek/xgoil/fjazir,0
https://microsoft.com/tkinla/xxjs/rxdxwg.woff2,0
https://wikipedia.org/magento-storefront-event-collector@/bfhrar,1
https://apple.com/ueykmbox/jttkslo,0
https://netflix.com/urq.ico,0
https://facebook.com/keedc/tvpq,0
https://twitter.com/clfhvd/rrgl/ios/fthgq.woff2?lang=kltjn&view=k1tra,0
https://adobe.com/tlnhekh/hfua/huzl.css?q=6ccsl,0
https://youtube.com/googletrack.js/yaufv,1
https://_imp?Log=/kzcu/fme?utm_854=sbdhtz,1
https://amazon.com/eylavaoq/bma/wufuz.svg?id=lxjqs,0
https://reddit.com/analytics/collect?/wohvhld/buqwhvu,1
https://cloudflare.com/hit.php?$domain=~etoland.co.kr,1
https://reddit.com/nnkxwij/akdq/pmddg.svg,0
https://twitter.com/dfpnnri/arbjvgpk.svg?view=kttpt,0
https://youtube.com/hyttm/cuozlw.svg,0
https://instagram.com/ga-multidomain.js/uvirvrh,1
https://adobe.com/sdhuilcm,0
https://microsoft.com/gakfg/djpbr.css,0
https://instagram.com/clientstat?,1
https://cdn.shopify.com/email/track/*$image/aiagkao,1
https://reddit.com/_vercel/insights/script.js/xwtk,1
https://google.com/tombujck/basldt/efqv.png?page=4oaxq,0
https://reddit.com/ipyatvm/gnncwtal.svg,0
https://microsoft.com/bkjyd/wmliyxf/kbqnagl.svg?q=m7jfp,0
https://apple.com/quyxtm/zdrsqhyd/ndlw/ucpnpa?q=ph42b,0
https://amazon.com/newrelic.min.js/pwn,1
https://twitter.com/adblockLogger/*,1
https://amazon.com/nxbwo,0
https://?action=saveViewStat&/ohlr/psh/uuu?utm_447=owmfjb&utm_568=srdanv,1
https://cloudflare.com/library/svy/broker.js/vhlb/qlm,1
https://?log=player-*&stats_tkn=/log?affiliate400=gjipvy,1
https://reddit.com/pgxwm/lgkw.ico,0
https://cloudflare.com/tlbg.js,0
https://cdn.shopify.com/visitorCookie.js/lstfhmzp/dxhnt,1
https://youtube.com/ozatn.svg?lang=kyufj&lang=7fbd3,0
https://netflix.com/zwxpdja/xcuw,0
https://reddit.com/duel-analytics.js/exulu/zzdbx,1
https://microsoft.com/gbw/mjwlobpp.ico,0
https://netflix.com/eayv.js?view=eu9td,0
https://adobe.com/ph-tracking-1.2.js,1
https://microsoft.com/efjkcflb/elw.woff2,0
https://linkedin.com/borm?lang=6el5f,0
https://cdn.shopify.com/ntpijas/rai/lfe/hfwn.png,0
https://twitter.com/vhhpgwf,0
https://wikipedia.org/otlp/traces,1
https://youtube.com/opzhtq/bjmwe.ico,0
https://facebook.com/storeAdvImpression.jsp/dckjc/erfd,1
https://youtube.com/jquery.browser-fingerprint-/aglhfpr,1
https://wikipedia.org/api/async.php?t=user&m=pagehits&/pnqpdfaj,1
https://apple.com/qcer/fyeso/emy/hfi,0
https://microsoft.com/zkwdyk/ewpx/eyewp/wvd?theme=s129t&page=5cesn,0
https://wikipedia.org/irsz/lqiz.js,0
https://linkedin.com/dzeuimhu,0
https://cloudflare.com/dot.gif?/vygeg/zbl,1
https://amazon.com/wgei/flvyyuwn.svg?q=l37vw,0
https://cdn.shopify.com/webmr.js/girc,1
https://netflix.com/halcrd,0
https://linkedin.com/hufxmggn/jrwmnjpq/vnboacsp.svg,0
https://netflix.com/lhepyqae/dxqwvzbo/qlra/hplcb?lang=neq6f,0
https://google.com/medialaanUniversalTracker.js,1
https://apple.com/zhugeio.js/ztmqrh/fxgq,1
https://google.com/siuu/kqcyevlu/cdipoh.woff2?id=soazh&view=o47ih,0
https://instagram.com/roverclk/*/ytx,1
https://amazon.com/analyticstrack.js/stbnph,1
https://facebook.com/googletagmanageranalytics.js/ivymv/yhr,1
https://adobe.com/promo/impression?/ghej,1
https://facebook.com/bb-analytics-inline.min.js/wtgvz,1
https://cdn.shopify.com/vmlaiv/aoczhxn/bsndotu/tntk,0
https://_c.gif?c=/icxpuek/noysaxhj?cid372=bdixoe&utm_959=qhncrd&campaign437=snjjqd,1
https://linkedin.com/sylcgmw/egmh/xybyxtc/bxvkr,0
https://netflix.com/pvcounter.cgi/zzlqoiu/rbrmrlle,1
https://wikipedia.org/propagate_cookie.php/laezids,1
https://linkedin.com/qlluvp.svg,0
https://adobe.com/segy/niehjho/zqoybwo.ico?theme=jnh6j,0
https://amazon.com/rvkpdnxn/ohvuql/ptazrew.svg?theme=y8b0k,0
https://instagram.com/tmsohufb/fmeukje/yysu?q=jowoo&page=40g38,0
https://wikipedia.org/trk.*/open?$image,1
https://reddit.com/events/pixelEvent/zmuy/ibotawnu,1
https://amazon.com/tccl.min.js/mmglw/rtklwd,1
https://cdn.shopify.com/kwx/cej/qvlyncof,0
https://apple.com/pvcounter.cgi,1
https://cdn.shopify.com/kuira.js,0
https://microsoft.com/tagmanager/pptm.js,1
https://google.com/tjp/eqjwl.png?page=zi0gy,0
https://adobe.com/cmme,0
https://linkedin.com/htydjhoh,0
https://instagram.com/wohi/emdcyi,0
https://facebook.com/afsgox/pwdvg.jpg,0
https://netflix.com/stats.asp?id/deey/fqtewgfd,1
https://amazon.com/ghfogj/dgk,0
https://linkedin.com/vkk.woff2?theme=8apj8&page=gkrey,0
https://netflix.com://segment-api./szbeg,1
https://microsoft.com/hozgtwto/qtycku/zinexoki/ghfj.css,0
https://reddit.com/omniunih.js/ccqap/psb,1
https://twitter.com/akam/*/pixel_/ttihzt,1
https://apple.com/ba_tracking.js,1
https://apple.com/elfyv/cwy/pqqo.png,0
https://facebook.com/sdcTrackingCode.js/mcuekvf/ueespvyu,1
https://microsoft.com/gmyz/mxaref/krb/kwq.js,0
https://twitter.com/yxh?id=e1gbn&q=fr7pa,0
https://cdn.shopify.com/nectv.ico,0
https://linkedin.com/bhmezjqe/kje.js,0
https://google.com/ictgsv/nuedssnx/fybl.jpg,0
https://?event=pageview&/yndtkr?cid250=lwicsk&cid443=wrdaro&utm_803=pkqpzj,1
https://google.com/esaogsr/sdoubrsb/flmf/xajal.js,0
https://facebook.com/web_answertip.js/cjf,1
https://wikipedia.org/nmugffrz/shbci.jpg?theme=xlmmz,0
https://amazon.com/hmq/xbwu/mvdqm/cwk,0
https://linkedin.com/ibvjcj/ieufdkkb/aykydq,0
https://linkedin.com/cwTRACK.js/aglw/tvebo,1
https://google.com/heqn.svg,0
https://.php?action=browse&/rezyesdz?ref=237=pzlpqc,1
https://cdn.shopify.com/qbtqkxcb/gkwpjd/nble/jqddq?view=d44y0&q=a0cvx,0
https://twitter.com/sr.gif?,1
https://amazon.com/swell-ct-ad-data,1
https://reddit.com/escsqzv/ilctvvjo.ico,0
https://reddit.com/gghs/uippifg/xwyym/qyvup.jpg?theme=pap53,0
https://instagram.com/upcd/fuvvrk/rwz,0
https://.php?action_name=/odk?utm_393=kfqxkv&utm_043=kbgqhu&affiliate026=gemswk,1
https://amazon.com/hjqpw/xzs/sftady.jpg?page=csbl9&q=lbzzh,0
https://youtube.com/shopify-event.gif?,1
https://linkedin.com/twziqbap/hga,0
https://amazon.com/zvcfffku/rpte/fruas.ico,0
https://wikipedia.org/analyticstrack.js,1
https://reddit.com/saurl/ktml.css,0
https://cdn.shopify.com/trackconversion?,1
https://netflix.com/irttebb.ico,0
https://instagram.com/ooyz/yjyicb/wishrqna/ykurz.svg,0
https://instagram.com/oummifux.css?id=ukycb,0
https://wikipedia.org/gvvyqxb/rwlkrx/gax.js,0
https://apple.com/bir/ymq/ajjbq.jpg,0
https://adobe.com/jbyedqps/nsiaeutv/mhcurocn/nfb.css,0
https://apple.com/statsadvance.js,1
https://.php?logRefer=/jsdiyay/svnucq/pmdoodia?utm_792=ycgirm&cid068=dfzyym,1
https://?logType=impression&/tjhrlhs/qzn?utm_559=ycmdsr&cid604=tjwrfe&affiliate626=dkhxca,1
https://cdn.shopify.com/iqkhlgpj.woff2,0
https://amazon.com/hcl,0
https://cdn.shopify.com/ojxc/xyy/vya/tdxdjxk.jpg?page=crio6,0
https://google.com/tpt/eamw/cuebz/egxrqhyy.svg,0
https://netflix.com/ink/ykxdjcka/mdiwoz/xef.jpg,0
https://twitter.com/eidqmbsk/rdj/kgezm,0
https://linkedin.com/vgfht/xfve/tueetvlg.js?page=owixk,0
https://twitter.com/zffy/xfianu.svg,0
https://apple.com/advstats.js/nizfnht,1
https://linkedin.com/api/v1/firehose?_/kncypy/ucjvfnj,1
https://adobe.com/ifsgjw/ydl,0
https://facebook.com/hittrack.cgi?/muyhqgc,1
https://amazon.com/oog/jnctr/smzakcv.jpg?page=dc6gd&id=hz7j9,0
https://adobe.com/ialifwe,0
https://facebook.com/jbugen/aqtzovjo/dntsn?view=o9533&view=6tthk,0
https://instagram.com/pjhfbfvm/putplafl/ryprj/rpvzzabm.svg?theme=k0lbu,0
https://youtube.com/myjps/edbkqha/nosdeea/nptzh.js,0
https://apple.com/ajdbyvue/lmfus/uygbr.png,0
https://adobe.com/nprxjeug/enqhrq/wtxnikfl/kgdez.png?page=rv9x6,0
https://instagram.com/ga_keyword2.js/glucax,1
https://twitter.com/uahr.woff2?lang=gaoer,0
https://reddit.com/yimnfdv/yoyvjtu.ico?page=9eqwg,0
https://-adobeDatalayer_bridge.js/cirk?affiliate871=tckaga&utm_324=pgnech&campaign811=vzjtzp,1
https://youtube.com/tyuwhn/qqjd.svg,0
https://wikipedia.org/zuan/vboau/xgcn.css?theme=nxzry,0
https://google.com/track?referrer=,1
https://adobe.com/gnc/ihi/ieh/xysfbm.js?view=8eoy6,0
https://linkedin.com/ulbd/klqh/zevtwhsz.ico,0
https://.php?ping=/yno?affiliate807=aaonga&sessionid748=kugptn&campaign329=woricx,1
https://facebook.com/zziciwy/deok/mdb.png,0
https://wikipedia.org/hit2.php/huiwavba/mtor,1
https://facebook.com/dho/ojj,0
https://cloudflare.com/ieqvzb.js?id=1cf0o&q=o63je,0
https://wikipedia.org/filel/bonafd.woff2?view=mi2nk,0
https://instagram.com/ajax/counter?ctr=/ktzbnin,1
https://reddit.com/cohesion-latest.min.js/suoz/tmscef,1
https://cdn.shopify.com/htse/qngl/vtgw.css?lang=q7e7m&q=2ppr9,0
https://netflix.com/analytics/visit?/meqlzeab,1
https://cloudflare.com/nskn.js,0
https://apple.com/dyguxjel/snsjvgn/jrtg.png?q=6ypk7,0
https://wikipedia.org/event_log/*/iecf,1
https://?action=statsjs&/zvlomlbp/mmjwoy?campaign724=nuefuh,1
https://youtube.com/cfkcjq/wuth,0
https://-tracking-pixel./nkcscu/juw/tktkxpi?cid460=demfpt&affiliate749=ezhyxb&sessionid271=gyfqmo,1
https://netflix.com/vddbl.png,0
https://adobe.com/ms.analytics-web-3.min.js/jwbd,1
https://apple.com/tgkivaqz/fjsrbn.png,0
https://netflix.com/2x2.gif?$image,1
https://netflix.com/htwruqf/fuoy/dpsom/pbfffibp.woff2?id=z3l6h,0
https://apple.com/taboola.js,1
https://twitter.com/tbxov/obkwkix.svg,0
https://adobe.com/jjhtu/olnzu,0
https://microsoft.com/vntpo/dmfmsdi?view=4efhi,0
https://facebook.com/mks/eerd/monxqddb.js,0
https://twitter.com/mppjtz/tfgyqc.css?id=kgnwt,0
https://adobe.com/plugins/pageviews-counter/*,1
https://cdn.shopify.com/audienceScience.js,1
https://cdn.shopify.com/stat?SiteID=/lzzvvime/ztebgst,1
https://twitter.com/insitemetrics/uRMJ/ujutilv2sll.js/tftf/ccjwbbc,1
https://twitter.com/uva/ptvd.js?lang=uzvu4,0
https://facebook.com/min/gtm/*/iwot,1
https://wikipedia.org?sam-item/track-impressions/fjuml/mwnwov,1
https://microsoft.com/pixel.fingerprint./cotay/umqzdw,1
https://adobe.com/suytrtj/udjbzlbm/uqd/etzkhs.css?lang=9m5wr,0
https://youtube.com/trigger-visit-event/zqfd,1
https://facebook.com/lij/mqjygpki/shlasqbc/prf.css,0
https://reddit.com/lqqcj/bqqr,0
https://cdn.shopify.com/kdvk/yqrz/asvhl.js?view=tefj3,0
https://adobe.com/dataunlocker.js,1
https://reddit.com/zvr/jcm/ihpl/nvh.css,0
https://cloudflare.com/kiv/sbjjl/excbcwoi.css?view=44j7z,0
https://adobe.com/wtbr/ifmuiae.woff2,0
https://twitter.com/sepd/xkiqh,0
https://netflix.com/uera/ddaa.jpg,0
https://youtube.com/buaadzat,0
https://amazon.com/ot_e404.gif?,1
https://google.com/eoelmz.jpg?lang=apm1f,0
https://facebook.com/qpt/iygbe/zyugmf.jpg,0
https://facebook.com/fb_pixel_page_view/aie,1
https://amazon.com/gnhx/bkfi.css,0
https://twitter.com/gsf.ico?page=v1jcc,0
https://microsoft.com/ykgoobih/dty,0
https://cloudflare.com/transparent1x1.png/wlliyx,1
https://amazon.com/cwyc/yyhn.svg?q=81u5g&theme=0q6ve,0
https://netflix.com/tvobc.css,0
https://netflix.com/yrqbrkta/ofapnipz/mzkj.js,0
https://twitter.com/clear.gif?,1
https://cloudflare.com/kin/nqit/laikv/tnvd,0
https://reddit.com/xtnm/qsshzwmt/hrakk/ntel.jpg?q=xqyja,0
https://cloudflare.com/aflggtn/axwmq/meed.woff2?q=05fbq&id=s8a4n,0
https://amazon.com/teybiiqd/gug/yfaxbt/xjcnalo,0
https://cdn.shopify.com/uxvzkokd/vnkel/dxnssxr.js,0
https://cloudflare.com/avpuhlc.ico,0
https://reddit.com/wp-monero-miner.min.js/xsn/clmk,1
https://adobe.com/xgfivx.ico,0
https://google.com/catkwkpp/rkasvdcd/uty/joiaiqbg.js,0
https://instagram.com/mwTag.js,1
https://linkedin.com/fgqwmo/sbli/kyo.js,0
https://wikipedia.org/analyticstrack.js,1
https://facebook.com/oxyqp/rhxbb/spaiuslx/oynybmkf.js?view=qvm59,0
https://microsoft.com/googleana.js,1
https://cdn.shopify.com/mey/hyc/usopkhxs,0
https://instagram.com/tozrxk/wfedsxv/phlqe/rsbvhn.ico,0
https://apple.com/vtb/vidjgpk,0
https://microsoft.com/ycgzx/nxyovm/lxqhre/cktx,0
https://twitter.com/rlrnbsqi.svg,0
https://youtube.com/click_stats.js/oakwg/dah,1
https://wikipedia.org/jqk/xgpnor.svg,0
https://instagram.com/lenjctd.jpg,0
https://google.com/lpmx.svg,0
https://linkedin.com/zfjzx.svg,0
https://wikipedia.org/e_stat?g_id=,1
https://amazon.com/hfzm/slywf.jpg,0
https://linkedin.com/tokuwbul/qkituy.jpg?page=uteov,0
https://netflix.com/ilwqcth.css?page=okxtn&lang=ksu3v,0
https://facebook.com/azwptbdx.js?theme=3e9s0&view=puugd,0
https://amazon.com/bstat.js,1
https://cdn.shopify.com/qjto,0
https://google.com/rmccws/afiavnm/nwsa?page=4pyyo,0
https://wikipedia.org/pphlogger.php,1
https://twitter.com/xloase/aqguhi.jpg,0
https://microsoft.com/jin.png?theme=swxdk,0
https://amazon.com://tracking.*/event,1
https://adobe.com/fldq/hijec/enojxuwb.jpg,0
https://?pageviews=$third-party/fmp?cid988=rvdmok&sessionid106=yybfon,1
https://adobe.com/bjurb/hjirmkws/azjax/ddna,0
https://apple.com/xjtdez/nrk.jpg?view=c9o4u,0
https://twitter.com/vawxvbqw,0
https://?action=event&/gaziqy/kntoa/lzyip?sessionid821=kikwan&cid629=sbdtmv,1
https://cloudflare.com/snummup/jyhw.png,0
https://cdn.shopify.com/gokdmc/odoi/hycfhx.js?theme=jaq0t&view=m21fl,0
https://youtube.com/qeikn,0
https://adobe.com/xgygqkvx/hbjtjio/gvdgcrhx.svg,0
https://?local_ga_js=/pwpczeq/dopfde/ygrmgpf?campaign595=rmbgph,1
https://adobe.com/ialiegde,0
https://netflix.com/ucbcxhbv/pduys/mdpy.ico,0
https://google.com/izeqfgzx.ico?id=5z6h7,0
https://adobe.com/scroll-tracker.js/ttftewz/uhvopq,1
https://adobe.com/uvcla/hjysts/ftswe.ico,0
https://amazon.com/ialdlvkk/gkrxmuti.woff2?id=tmhx4&theme=m0lul,0
https://amazon.com/tc_analytics.js/pmtzum/tbmdkzcj,1
https://cloudflare.com/hji,0
https://facebook.com/tracking/open?/hyz,1
https://netflix.com/rhe.png,0
https://adobe.com/beacon.gif?/tkzjhoh,1
https://google.com/HeatmapSessionRecording/tracker.min.js/fxkx/recauoe,1
https://linkedin.com/hits/logger?/txafz/nkwyjkh,1
https://youtube.com/jbx/hvbeibg/hwwdxk,0
https://cloudflare.com/sw/analytics.js,1
https://twitter.com/zzfggxc/yarcai/wmjdmem/avnkmoe.ico,0
https://cdn.shopify.com/mons/yhv.js,0
https://instagram.com/fvh/mch.png,0
https://wikipedia.org/tealeaftarget?,1
https://amazon.com/events?rpId=/zhiqabu,1
https://google.com/firestats/js/fs.js.php/gqrn/wkbqne,1
https://instagram.com/rzfgwdw?lang=h0dab&view=wrmsg,0
https://amazon.com/ums/wyugmb/dqmxuovo.js?id=xvyw4,0
https://google.com/rysgiue/xligyoz/rmid/pgkzpdlt?q=djxux,0
https://reddit.com/zpi/rgmmyyy/tayon.jpg,0
https://-track-inview./hrne?utm_618=sgdcyj&utm_760=pvnmxg&affiliate212=xabpsk,1
https://cdn.shopify.com/etcz/nxrk,0
https://apple.com/temkrl/exvbsc/vmtnozz/ccozuoje.jpg,0
https://netflix.com/kwukff/wyturgr/haahgsu?q=idxcr,0
https://adobe.com/pageviews.php?type=,1
https://wikipedia.org/pue/yaujq/eulvz/lnyi.css,0
https://facebook.com/tkuka.svg,0
https://amazon.com/miibzef/vazfb/pdahdlh.jpg,0
https://google.com/gpmxcmmw.jpg,0
https://amazon.com/counter_2.php?/lzgzm,1
https://google.com/gzftjby,0
https://adobe.com/qbzri/delrj?q=6fh27&lang=wg3hw,0
https://linkedin.com/miohcndh/ixr.jpg,0
https://wikipedia.org/zyjavjf.jpg,0
https://cloudflare.com/adobe-analytics-$domain=~business.adobe.com/vlmtdzj/ztgoi,1
https://cloudflare.com/hauw/cluo/bircmeh,0
https://cdn.shopify.com/stats-js.cgi?,1
https://adobe.com/aukr.svg,0
https://facebook.com/laok/kmwbd/sby.svg,0
https://?type=page&event=/hlvrp?utm_415=fwoujl&campaign332=lurnaj,1
https://twitter.com/xduswxo.png?theme=3gi52,0
https://linkedin.com/uvmmq/kvu,0
https://facebook.com/ekpsf/uepby/rqizk.jpg?id=rfdzt,0
https://twitter.com/nyozax/jdh,0
https://instagram.com/default/pAnalytics/sbupl,1
https://amazon.com/qqtq/iwz.woff2?q=n738w,0
https://adobe.com/klaviyo_analytics.js/rrdmibgn/ngbqwqwt,1
https://amazon.com/ripv.css?id=f0f99,0
https://netflix.com/jgwy/ftji/raxfwqy.svg,0
https://netflix.com/edsyq/nysuucz.png?q=ei3r4,0
https://netflix.com/ouibounce.min.js/nouqydd/briobb,1
https://linkedin.com/ifjc/tmrtt/wygmmz.js,0
https://twitter.com/wkpezl/anshkvya/suq/wmi,0
https://instagram.com/kmv/spos/idq/leb.svg?q=g7ex0,0
https://linkedin.com/transparent_pixel.png/xjuej,1
https://linkedin.com/LogPage.aspx?/tmzgwoq/bidr,1
https://wikipedia.org/isgslesk/lucl/deuiq.ico,0
https://reddit.com/epn/tqdz/wmag,0
https://netflix.com/eufdxet/osmmaq/bfuit.woff2?id=5crhc&lang=xiyeu,0
https://netflix.com/hsn/riz/pagw.css,0
https://reddit.com/uwhi/ayfdmlr/izjmlh,0
https://cloudflare.com/securetracker.js/odierull,1
https://google.com/metrica/sp.js,1
https://google.com/phdvc/nlpcg.js,0
https://microsoft.com/srnr/iqrc/eqmqpsw/kdrhwmot.js,0
https://adobe.com/3.gif?/hherpc/yekm,1
https://cdn.shopify.com/msv,0
https://microsoft.com/track/site/*,1
https://netflix.com/dvtoapki/hvmcqm.jpg,0
https://?action=log_promo_impression/qsfgattg/eejh/qpdf?utm_419=wxilzl&ref=972=dlnthy&sessionid115=ssxslx,1
https://reddit.com/pvv/vbqh/iewok,0
https://twitter.com/tkq,0
https://facebook.com/xwkd/ofhtgm/olfzqr.js,0
https://google.com/hfzbo/exdyeix/dfh.css,0
https://wikipedia.org/bdpmxemi/seyu.css,0
https://linkedin.com/amapst/cskagmlr/xuydl.jpg?q=upd6z&view=2d17k,0
https://google.com/fdmda.png?page=vkhc9,0
https://.php?ping=/xoztgi/aebuwx?cid969=tulvlz&ref=353=oreccj,1
https://cloudflare.com/pixelNew.js/bpijta/ktkema,1
https://amazon.com/ljbb.svg,0
https://instagram.com/iaxhzuuq/hnfmca/mpoqrjwh.png,0
https://cloudflare.com/yhxcoou/jfndt.png,0
https://cdn.shopify.com/kbk/htbmbtkh/hiiudwdf/iysvahb.ico,0
https://google.com/ylp,0
https://linkedin.com/vhyfle/crntsqyu/yrjvr/opghch,0
https://microsoft.com/fzhzwo/yjhog/zzwkci.ico,0
https://instagram.com/safelinkconverter.js/coeomk,1
https://linkedin.com/zvkl,0
https://wikipedia.org/track_general_stat.php/xuxiyiuq,1
https://apple.com/laaf/ialvypl/ipvcqfu/gvcbpol,0
https://linkedin.com/tlo.png,0
https://linkedin.com/img?eid=,1
https://adobe.com/aftrack.asp,1
https://youtube.com/wtkky/sartsojn/pdnges/lssv.ico?view=jrpuc,0
https://reddit.com/korejnrs/pwjclhj.ico,0
https://netflix.com/vxm/pucfcyav/xctxqdr,0
https://amazon.com/qpziyls/hllkvh/rhrt/udxx,0
https://youtube.com/lelhxjxp.ico,0
https://google.com/services/pixel.html?/cvsjxudi,1
https://microsoft.com/csp_log?,1
https://instagram.com/stnapyhg/nnbdzb/tpipeu/wrjhmj.jpg,0
https://cloudflare.com/fxrajdh/yknra/sakm.css,0
https://google.com/ocsoqru/lty/saahb/xhbh,0
https://cdn.shopify.com/js/logger?/vmztey,1
https://adobe.com/ktci.png?q=s3i3t,0
https://cdn.shopify.com/sqdsqlqx/qsafji/yguxjqch.png,0
https://cloudflare.com/fe_logger?/xwnpzhq,1
https://adobe.com/zhutb/gqprgert/kcje/msbj.ico,0
https://instagram.com/iku/pmxsir/ohcglq.jpg,0
https://amazon.com/yvts/zirv.css?lang=fx1im&page=wijot,0
https://wikipedia.org/hwyxdxsm/odge/swxoqonn.woff2,0
https://reddit.com/nwjv.jpg,0
https://cloudflare.com/stats.cgi$image/hyabpy/mxbjdte,1
https://netflix.com/log/metrics?/dvjjigtu/uuhzpd,1
https://google.com/jijuvgi/ylc/sty.svg?id=4a5k5&page=922he,0
https://reddit.com/pdbexrjh/tesdv/karrt.js,0
https://google.com/fadwulkp/bjgal/qfejrlif/uvlfjm.png,0
https://cdn.shopify.com/yxolf.js,0
https://amazon.com/opentag/*/haevccsu,1
https://linkedin.com/snmqw/krwg.woff2,0
https://google.com/skkvcwzd/znqoih.jpg,0
https://facebook.com/jtffg/qvjld.png,0
https://microsoft.com/_owa.gif?/have/hzc,1
https://wikipedia.org/logstat.js/pkzcmew,1
https://cdn.shopify.com/snhhs/obik.jpg,0
https://instagram.com/shxwqmx/eawfgb?lang=lk4tf,0
https://google.com/GoogleAnalyticsModule.min.js,1
https://wikipedia.org/zeywwa/smisjmii.js,0
https://adobe.com/intake/v2/rum.js/pombtof/kvh,1
https://cdn.shopify.com/trackingp.gif/ugb,1
https://microsoft.com/log_e.php?id=/ucea/mppz,1
https://linkedin.com/kmuynl/fls/jznwr/csxd?id=uvuuw,0
https://reddit.com/lae.ico?page=49hrl&view=mc62t,0
https://instagram.com/collect?data=,1
https://cloudflare.com/bdkld,0
https://amazon.com/kuxvgppu/yrekrj/vrztcy/qqggkjv.woff2?view=h86r9&page=2b0u7,0
https://twitter.com/zyfzkest/yddwxc/phppy,0
https://twitter.com/appinsightor.min.js/xlt/lsh,1
https://google.com/snq/ykoocq.woff2?lang=13yk1&q=kxejs,0
https://cdn.shopify.com/vprpz.woff2,0
https://cdn.shopify.com/kzbjjk/nnphmmcy/awk.png,0
https://apple.com/trackingcookies.,1
https://cloudflare.com/visitor.min.js/tatt,1
https://wikipedia.org/statscript.js,1
https://-inview-tracker./ffmx?campaign916=jfzuiv,1
https://youtube.com/gaclicktracking.js/mcnkk,1
https://youtube.com/evhmffg/rjeoq/atubf/wmuja?theme=9imny,0
https://apple.com/mtejbmsx.ico,0
https://cloudflare.com/analytics-efukt./whxoiczr,1
https://twitter.com/gmyfw/sbnwu,0
https://linkedin.com/amya.css,0
https://apple.com/zufqbuy/qwm.ico,0
https://cloudflare.com/yph/udl/eeuy/rgqqadeq.css,0
https://apple.com/astracker.js/ncbrsu/gvnaytp,1
https://##.embed-responsive-trendmd/tnllc/mwu?affiliate265=hhnbxl,1
https://microsoft.com/azooipop.css,0
https://netflix.com/lrbjghn?theme=1xe60,0
https://twitter.com/livezilla/server.php?request=track&,1
https://cdn.shopify.com/apq,0
https://linkedin.com/khqmbf/gzcudn/bfv.png,0
https://cloudflare.com/gpem.jpg,0
https://reddit.com/urgkefs/vca.css,0
https://microsoft.com/bnxkx/mxm.jpg,0
https://google.com/pshvshdy/uytkq/iaqsg/mbpzo.css,0
https://amazon.com/users/track?,1
https://cloudflare.com/aneghnq/twlhq.woff2,0
https://amazon.com/hbkapyg/gzeq/uokrnk.js?view=gu2wu&q=0iibm,0
https://instagram.com/twcmejuc/uhxoos,0
https://apple.com/zpxkwv.svg,0
https://amazon.com/xbjqvdr/alajuk.js?id=lf9iz&theme=suo3v,0
https://amazon.com/sjdtrwxv.ico,0
https://?log_performance_metrics/bbhc?campaign374=oscqpg,1
https://wikipedia.org/chartbeat.js/ydhdmg/buadapvd,1
https://google.com/dyljdg.ico,0
https://apple.com/api/trk?/gahbxxme,1
https://google.com/kslttkr/yvxf/lyuu.js,0
https://amazon.com/gv-analytics/riveted.js/ihinu/qnxe,1
https://twitter.com/ndvcfndk,0
https://microsoft.com/mtracking.gif?/lbfgcpk,1
https://netflix.com/zejpdt/ziltkic/tygns,0
https://google.com/api/v1/metrics/nftfqjj/suqs,1
https://amazon.com/event.cgi?,1
https://amazon.com/psiuomj/odcrrb?q=7djso,0
https://wikipedia.org/kyqw/idofzbp,0
https://facebook.com/intercept/intercept.js/bwbbl/jdl,1
https://twitter.com/qxfnm/kiobewn/ckhppvg/gikag.png?theme=l7ea2&lang=ia0r3,0
https://wikipedia.org/szlytu.svg?page=qu3jq,0
https://apple.com/anvgyl/qfwsgzp/pmuoz/kjitloxu.png?id=zeimp,0
https://google.com/stat-dfp.js,1
https://facebook.com/PushexSDK.js/kvk,1
https://facebook.com/clicktracker.js/apvkhoi,1
https://adobe.com/eyzmeiow/otofxihp/ssobytz.css?lang=kgv22,0
https://instagram.com/analytics-efukt./usuh/flivxzfd,1
https://twitter.com/fdnnhq?page=93y7b,0
https://reddit.com/egcs/v2/collect,1
https://twitter.com/cgi-bin/ctn?/wcg,1
https://facebook.com/mhxs.ico?theme=a9w02,0
https://cloudflare.com/ihueczc/sdyxjpm/vttxxx/apumwah.ico,0
https://adobe.com/zkqkvmqg/qoeltwpk.ico?q=hw31q,0
https://adobe.com/bxilzq/miln.svg,0
https://facebook.com/shyop/kkryyb/pbzqxpq.js?view=5xi2r,0
https://cdn.shopify.com/mlof/mcrboz.ico,0
https://linkedin.com/vwzq/bwsk/hmlrtlj?view=44hx8,0
"https://$csp=child-src 'none'; frame-src 'self' *; worker-src 'none',domain=fileone.tv|theappguruz.com/cya/ktlsmmo/zfmy?campaign120=poqnml&affiliate973=xgdarz&ref=023=bakcye",1
https://reddit.com/fp-3.3.6.min.js/kuhfc/sjxhe,1
https://youtube.com/elxfb/gkxnke/xdsmbq/zyf.svg?page=51ivd&id=e6dwk,0
https://cloudflare.com/pmrj/lfqlliv/aawfsqhc,0
https://apple.com/loader/counter.js,1
https://microsoft.com/viewerimpressions?/dard/bbzltxa,1
https://linkedin.com/zit.svg,0
https://adobe.com/ltced/slxgo/dnejm.svg,0
https://##.embed-responsive-trendmd/feiiuhjv/igqre/muymw?affiliate863=nkegme,1
https://amazon.com/qtracker-v3-min.js/encxzej/fypxv,1
https://microsoft.com/partnermetrics.js,1
https://wikipedia.org/mujdw/amgiuhc/yjud/wzxf.ico?theme=dbltm&view=9gxaq,0
https://cdn.shopify.com/visit.gif?/hrute/pzmgkb,1
https://twitter.com/rubs/swau/wqtsyes.woff2?view=qwisi&page=bi418,0
https://apple.com/hfajk.png,0
https://wikipedia.org/kqpsu/nrkgxw/wwvzuc.svg?id=xhodd,0
https://adobe.com/emos2.js/vvxalc/dyvpky,1
https://amazon.com/fsrscripts/triggerParams.js/rlp,1
https://microsoft.com/fpakoo.css,0
https://youtube.com/tealeaf.min.js,1
https://linkedin.com/twnnez/ijkcpqmj/rtcnwhfs/wgqv.css,0
https://twitter.com/imp.gif?,1
https://instagram.com/session/referer,1
https://adobe.com/ypnftek/jeipwk.js,0
https://apple.com/juz/gdktcvg/xjfxyb,0
https://microsoft.com/astq/xnzkug,0
https://facebook.com/__ssobj/sync?$image/div,1
https://youtube.com/xkvb/fajn.png,0
https://linkedin.com/pvcounter.cgi,1
https://cdn.shopify.com/awbse/qykpicr.jpg?theme=toeus,0
https://cdn.shopify.com/hbabtk/wrrugxp/xlno?view=hr0yo&theme=8sruu,0
https://apple.com/uapfgmgh/ofjhuih/bzkd/yez.svg?lang=yzncu,0
https://amazon.com/ajnmgehx/nnfyfk/tdmvev/lqd.js,0
https://cloudflare.com/google_analytics_gtag.js$script/pugmu/fqqoshc,1
https://.php?notrack=/wxafug?utm_174=mowytu&cid660=gitlbw,1
https://netflix.com/hllukn/sglu/xxco/svd.ico?theme=945qk,0
https://wikipedia.org/ellovxvb/qbce/qzotkhyl/kphajgrr.css?id=qyddm,0
https://amazon.com/mgxr/pwnlskx/ztxct/koovhf?q=1a88i,0
https://linkedin.com/server.php?request=track&output=,1
https://google.com/czqmsrqf/grpaeso/zxgkhfm?lang=db8at&lang=15y5y,0
https://cloudflare.com/nodqo?q=w6h1z&lang=xje9z,0
https://twitter.com/sua?view=npz9k,0
https://youtube.com/contentiq.js,1
https://netflix.com/usd/mmmo/tqpks/fftmfc,0
https://instagram.com/shfj/mekvzm/wvbxq.png?lang=legka&q=mdrlt,0
https://google.com/tracker_async.js,1
https://cloudflare.com/mpixel.js,1
https://cdn.shopify.com/stats/pageview/pwwe/zrgekqtr,1
https://facebook.com/pix.fcg?/gwnxtyhl/fhtd,1
https://linkedin.com/lbngydg/aevb/bpbd/gbhtdkn.js?q=vsggj,0
https://reddit.com/dju/osnshn/cxpabir/ysut.ico,0
https://wikipedia.org/stats_tracker.js/cmsqfixm,1
https://instagram.com/fkyp/jwd/njjlenw/omnaje?theme=2pqq0,0
https://facebook.com/ipwmh/aelne/hljd.js,0
https://amazon.com-universal-analytics//givbhnp,1
https://facebook.com/vtisysg/zrsq/clng.css,0
https://reddit.com/bcybqepd/trqim/cztenvz/mtt.woff2?id=ayuih&q=ysgr9,0
https://youtube.com/askdfj/coxmdxp?id=tsi4m,0
https://cdn.shopify.com/pvevents.gif?/bpigh,1
https://twitter.com/rest/analytics/*/krkzjgt/cenzj,1
https://cloudflare.com/utbrg.png,0
https://cloudflare.com/wrb.svg,0
https://netflix.com/qxa,0
https://amazon.com/blogcounter.js/dabszam,1
https://-tracking-pixel./fxazy/kbtzfas/nhyhv?ref=509=nlngpc&affiliate141=rscuwz&cid650=yvnlhz,1
https://cloudflare.com/amnsvjq/bwkm/jbef/jadji.svg,0
https://cloudflare.com/ymfh/ntcowv/hkj.svg,0
https://cloudflare.com/kjotsvqp/mpgwmzr/pin.js,0
https://cdn.shopify.com/edpl/lbhfnrzd/onwq.svg,0
https://amazon.com/nidqygdn/eshls/zuwxsw/xtb.ico,0
https://facebook.com/fbpix-events-/vadvfmwl,1
https://youtube.com/micnm/hezak.png,0
https://reddit.com/nzyomh/ugn/vhwqcrly,0
https://adobe.com/yealvql/nvzigvr/acpgf.css,0
https://google.com/gra/isjfd/luwkyvne?q=eznui&page=ekf2f,0
https://reddit.com/szkla.ico,0
https://instagram.com/vovka/ydby/xrelnye?page=av6f9,0
https://wikipedia.org/banalytics.js,1
https://netflix.com/sherlock.gif?,1
https://cloudflare.com/stats/footer.js/mmiv,1
https://amazon.com/site_tracking.js,1
https://instagram.com/apc/trans.gif?/wbjxbtl/nffxr,1
https://linkedin.com/pub/imp?,1
https://apple.com/nqdw/ibe/hqtg.js,0
https://netflix.com/yhhjal/ahh.css?lang=fpyo6,0
https://twitter.com/ifie/iiizzpos.svg?lang=6dx6b,0
https://cdn.shopify.com/session/referer,1
https://cloudflare.com/qdlfzopq/hglt/nbzfk.woff2?q=2mlkz&page=k75m8,0
https://facebook.com/gs-analytics.js,1
https://wikipedia.org/hvkpup.js,0
https://instagram.com/ticimax/analytics.js/ujgnw,1
https://google.com/tmgbc.jpg,0
https://.php?logRefer=/uaa/wdzogv?utm_175=ibsedy&ref=806=mzuwiv,1
https://youtube.com/events?rpId=/cpzqui/mmdam,1
https://linkedin.com/vgt/ibt/zxclt/fkj,0
https://twitter.com/pixel2.gif?,1
https://microsoft.com/mjdcugez/aar/wlyftfv.js,0
https://wikipedia.org/script.tagged-events.outbound-links.js,1
https://cloudflare.com/figbk/ysadqpf.ico?page=ryjdk,0
https://cloudflare.com/library/svy/broker.js,1
https://cdn.shopify.com/hit.php?$domain=~etoland.co.kr/ulukqoz/qiazju,1
https://microsoft.com/mlijk,0
https://wikipedia.org/ecg-js-ga-tracking/index./fszn/pdiiqu,1
https://.content_tracking.js/sml/brcxcp?cid235=vfqynz&sessionid464=pwhkmh,1
https://adobe.com/natero_analytics.min.js/ttwlv/tmpkad,1
https://amazon.com/qsp.ico,0
https://facebook.com/publishertag.js/fwfw/zaetvj,1
https://facebook.com/frontend-sentry-,1
https://.php?logType=/djbrp/jnsnhav/cyrk?ref=774=lskeey&affiliate018=mrgvhl&campaign216=jygkfo,1
https://cloudflare.com/dlt/nzn.js,0
https://google.com/izyase.svg,0
https://adobe.com/wstat.pl/obnvv/zxm,1
https://reddit.com/wihcdsvt/hzhdau/lpb/fztehydv.css,0
https://instagram.com/bnont/vdbq/zpfclcbf/tpxgq.ico,0
https://reddit.com/iiu.png,0
https://?[AQB]&ndh=1&t=/wxizqjdi/odefg?ref=489=gieymd,1
https://adobe.com/vgd/tzlo/xbfx/npwlunxx,0
https://youtube.com/bc/clk?,1
https://youtube.com/vjyafxc,0
https://facebook.com/pwen/gqyq/xynliurh,0
https://instagram.com/cache/analytics.js,1
https://wikipedia.org/bwcbd?theme=vzoof,0
https://cloudflare.com/owlctow,0
https://instagram.com/qxsemlcl/iqkajkt/bokjmk/qxeucmun.css,0
https://adobe.com/twvhc/aiy/chrxfl/omvzl.js,0
https://netflix.com/api/metrics/collect/zvg/aou,1
https://twitter.com/hgixztq/qyruzhj.js?page=nexn6&q=ig4xm,0
https://youtube.com/shreddit/perfMetrics/gvic/adtnhr,1
https://apple.com/xscloq,0
https://youtube.com/wp-content/plugins/woocommerce-google-analytics-integration/*/cthfgin,1
https://instagram.com/ganalytics.js/iophhskv/lgyidyp,1
https://netflix.com/ztv/pem/vzoxj/bmzpdb?page=ybr0z&view=vd407,0
https://twitter.com/lgwb/ilzznrh/edzmtzz/stmhcnlp?q=8sl32&theme=zh4dm,0
https://cloudflare.com/htvwput/hlcykf/wkzbhbkk,0
https://netflix.com/kwxm/fucnmyy.png,0
https://facebook.com/guep/azd.ico?theme=rbavk&id=19a77,0
https://google.com/visitcounter.do/drahrih/pkcs,1
https://google.com/erwbnc/ymlsm,0
https://apple.com/piwik-$domain=~github.com|~matomo.org|~piwik.org|~piwik.pro|~piwikpro.de/jcgfnprt,1
https://netflix.com/usycbs/xjgl/tuzwhrq/djmzq.ico?lang=spyv5&theme=g6nr0,0
https://reddit.com/ckmqlagf/rqzpba/czkoto/nllzttae.woff2?id=j3ll3,0
https://?pageviews=$third-party/arhibtni/iwis?affiliate956=goxvmf,1
https://amazon.com/yajdqcm.css?q=qzauc&theme=a0xlw,0
https://reddit.com/log/report/*/nxnebtf,1
https://microsoft.com/tapwm.jpg,0
https://apple.com/obfv/gjowq/bzdszmtp.jpg,0
https://apple.com/ngb/zbusajne/bwjzziby/mbixrlur,0
https://google.com/perfmetrics.js/mbbke/kjhrfkai,1
https://cloudflare.com/bwheednl/ozdhgbp/rjyrms/mvfvfn,0
https://reddit.com/public/visitor/create?,1
https://wikipedia.org/hnnqfa/tipsjota/epl.png,0
https://apple.com/xmcdtiv/jxgsnzm.svg,0
"https://facebook.com/client_204?$image,other,ping,script/mae/zpolrkcm",1
https://facebook.com/uvomfg/chmqys/tqerlnyu/pzwaxvrs.svg,0
https://microsoft.com/nlezktbl.css,0
https://twitter.com/click-tracking.js/wlgtz,1
https://instagram.com/ufrujz/ghupgva/syjbmuux/jskh.jpg,0
https://netflix.com/ylhvhjyp.svg,0
https://cloudflare.com/crotnhiy/cbpqtxa/wtknunx.woff2,0
https://cloudflare.com/glakpy,0
https://microsoft.com/kvjd/nxllz/bgfmhwnf,0
https://youtube.com/tly/galpm.svg,0
https://google.com/waga.ico,0
https://netflix.com/awro/etwcwduj/jlig/umyikm,0
https://microsoft.com/jzfwvs/delr.png,0
https://wikipedia.org/ibihssfq.png?theme=9884e&page=k80hc,0
https://cloudflare.com/spacer.gif?/lmayc,1
https://.gif?Log=/tkbjsdg/ybhi/wptffr?cid576=nahmmm&sessionid153=ogzzqs,1
https://reddit.com/rjvgolrz/cll/fzgm.jpg,0
https://cloudflare.com/ASPixel.js/fvzexb,1
https://-didomi.js/mfcoyx?utm_268=znqnch,1
https://google.com/jtdqje.jpg,0
https://cdn.shopify.com/fzfa/xhdpubo/ylgg/aaw.css,0
https://facebook.com/eneqa/ahkkim/agcbqyx,0
https://microsoft.com/bpd/kgytcpt.woff2,0
https://adobe.com/wreport.js/dmiatqsz/vsgenqk,1
https://_WebVitalsReporter_/cjj/xcgtu/zamzva?sessionid348=ztegfy&campaign493=mdbmka,1
https://youtube.com/yandex-metrika.js,1
https://microsoft.com/zcpusye,0
https://cdn.shopify.com/zwhil.png?q=g9owr&view=7fn4r,0
https://wikipedia.org/krux.js,1
https://wikipedia.org/sidisn/zmzh/lkkjdwg/japemy?theme=u4gvb&q=auc9h,0
https://adobe.com/custom-analytics.js,1
https://adobe.com/plausible.manual.js,1
https://adobe.com/nsvfovk/yikq/jervceiy.svg,0
https://cdn.shopify.com/dzxga/oaz/nrhp?q=sn8m3,0
https://microsoft.com/mktkll/wse.css,0
https://.php?logRefer=/nymvkme/yakwilao?affiliate905=ozheyt&cid577=czpity,1
https://instagram.com/orj/rms/kom/sszza.svg,0
https://apple.com/apqlla/jctg/rge.ico,0
https://facebook.com/nyhlwf/qia,0
https://facebook.com/ljfck/hjusgfy/twepx?id=1l5rz&theme=7r3wl,0
https://apple.com/pmyusz/pljwokau/zfafx/pnol,0
https://?log_performance_metrics/azntiue/dqn/msjzo?sessionid706=cefqqz,1
https://reddit.com/wwrwxyy/ddnl.ico,0
https://instagram.com/qxpo/wmscna/vgeb.woff2,0
https://facebook.com/owa.tracker-combined-min.js,1
https://reddit.com://analytics.*/event/ckqst,1
https://google.com/zux/lzmq?lang=nhufi&q=ruijc,0
https://instagram.com/yzzaw/bbri/ovyzp.ico?lang=eiaht&q=kz3fy,0
https://facebook.com/teh/dpadzj/ijfcpn.svg,0
https://microsoft.com/mhknbz/xfipwy/vdi/lgjpexx.png,0
https://cloudflare.com/ytam/jmzjew,0
https://wikipedia.org/bomtk/pvnnsfll/oym/vdmv.jpg,0
https://cloudflare.com/probance_tracker-min.js,1
https://microsoft.com/fnkkqlnn.ico,0
https://reddit.com/tvrfsemk/bhj.jpg,0
https://cloudflare.com/ofgxho/yxvzlrts/xqaop/vgdquw?view=5x9i1&page=chda0,0
https://apple.com/nxsbpf/vahpkhjf/ixl/dufpsmtz.woff2,0
https://youtube.com/iwqgdw/indpsqy.png?theme=mfna9&id=kut74,0
https://adobe.com/bligp/twl/krh?id=mhhn2&id=slcyb,0
https://instagram.com/pixel-caffeine/build/frontend.js,1
https://microsoft.com/gkfjhqxm/qsmbb.jpg,0
https://cdn.shopify.com/ga.gif?/efbtmsg/ylyfcapu,1
https://adobe.com/tag?tags=/cklo,1
https://google.com/noashkja/rzjew/vtkwp/krwzn.svg,0
https://cloudflare.com/mdnj/rbbxg,0
https://youtube.com/njyjswqo/vpvyb.woff2,0
https://linkedin.com/mbcdcjx/xobgf/zbufr/flhz.css,0
https://cdn.shopify.com/v60.js/yjmkkgk,1
https://amazon.com/kwbvh/adxw.js,0
https://netflix.com/dpistat/updater.php/ljozju,1
https://google.com/AutoTracker.js,1
https://instagram.com/lgcdons/fcfzvz/tfn/tnito,0
https://facebook.com/unxzojq/pbqepr?id=vx374,0
https://amazon.com/sfsz/sczkb/edhkw/ipg.css,0
https://apple.com/track_pageview?/nse/ilh,1
https://linkedin.com/vstat.php/othpwvkb/sbhkzopw,1
https://facebook.com/kozcjkr/buw/jhyk/hlm.woff2?q=yjqtp,0
https://linkedin.com/ssozwgb/xlc/sqfezcm.ico,0
https://facebook.com/nkjxmy/uvthenkl.woff2,0
https://twitter.com/qcgsw/ghir.jpg,0
https://linkedin.com/impression.ashx/czkps/ukl,1
https://reddit.com/userdata_n?,1
https://apple.com/ktnaqbb/vtigbid.woff2?theme=nvtlb&view=1jgme,0
https://facebook.com/kerloa/hlnfovs.css?q=z0c1x,0
https://google.com/player/stats.php?,1
https://reddit.com/fgfq/dyyrqrq/zdda.svg,0
https://amazon.com/aikgabl/lrvwnlmz/ejo/eqgwrbf?id=p6q0j,0
https://linkedin.com/xemqhfyk.svg?view=5kz7c,0
https://microsoft.com/iolpnfh.woff2,0
https://netflix.com/emunvthj/qecz/llpm.woff2?view=8egyv&view=qq2et,0
https://amazon.com/api_ip_info.php/vyxl/zgf,1
https://linkedin.com/xgycoxz/biiu,0
https://adobe.com/rbd/nwdb.css,0
https://amazon.com/imh/fzm/itgc.jpg?lang=62hqz&page=dewod,0
https://instagram.com/mintstats/?js/gptv/wktjms,1
https://google.com/vjyjky/ygdgyq,0
https://youtube.com/sdk/impressions,1
https://google.com/vcmes/bruday/ssptdpwe.css,0
https://twitter.com/diwhvx/upnvatih.jpg?q=7xz9v,0
https://instagram.com/eoazs/qqfvdwn,0
https://reddit.com/shared/sentry/*,1
https://netflix.com/fuulsk/vzbsklx/mzcxo.css,0
https://google.com/trackPageView/*/vhptdgvq,1
https://reddit.com/tdq/ujqyup/rrrzysy/vsdas.svg?view=xu1a5&q=xjaq0,0
https://apple.com/agiczei/avrdeap.png,0
https://cloudflare.com/uwg/msedpis.svg,0
https://cloudflare.com/nbs/jws.ico?theme=6sl3b&view=th3sy,0
https://twitter.com/statscript.js,1
https://reddit.com/alvpvsm/mxk/aygv.css,0
https://facebook.com/xfyaeeb,0
https://instagram.com/cpprgfk.jpg?lang=u0yl7,0
https://youtube.com/wlne?id=exxum&id=dljax,0
https://youtube.com/unszh/rtaecbm/zsg/jfsq.woff2?id=qlmth,0
https://wikipedia.org/tiapiy,0
https://twitter.com/trigger-visit-event,1
https://apple.com/gxbrn,0
https://amazon.com/fcatyhs/equcvz/vvwb.svg?lang=g7x1t,0
https://google.com/kjvocj/hrvwxcsc/uvyzdyu/ccmbq.woff2?id=bovni,0
https://wikipedia.org/nophvh,0
https://google.com/bjtxn/dlx?q=13gax&view=df1p1,0
https://twitter.com/pxtxame/eucwv/blwc,0
https://wikipedia.org/ezjkw/zflw/hel,0
https://instagram.com/yxhxnqd/exzbjw/sjer.png?theme=nittu&theme=vq5w9,0
https://google.com/trackTimings.gif?,1
https://adobe.com/kartpnm.css,0
https://apple.com/aheb.svg,0
https://netflix.com/crirfnln.woff2,0
https://google.com/elqcfg.min.js/iyqhxntt,1
https://instagram.com/LogRecorder.php/xor/ecerb,1
https://youtube.com/counter/acnt.php?,1
https://reddit.com/logcollect.js/tqbdybof,1
https://netflix.com/vlkdfku.png,0
https://microsoft.com/yhn/xzqfa.jpg,0
https://wikipedia.org/iotm/pjw/thy.css?theme=on0cq&theme=gmqjv,0
https://cdn.shopify.com/permutiveIdGenerator.js,1
https://adobe.com/spfgkmp/sdnasi/waui.jpg,0
https://cloudflare.com/sw/analytics.js/cre/culfw,1
https://facebook.com/flying-analytics/*/ryijci,1
https://apple.com/xlabhjm,0
https://youtube.com/mtlhnz,0
https://google.com/xkdwvos/pivmnpnd.woff2?lang=0cnb1&id=eunx8,0
https://apple.com/trackui.min.js/yjintddg/vrfk,1
https://microsoft.com/ihwsoqnq/fgcasv/thcwbn.png,0
https://wikipedia.org/lccc/asmu.png?q=a7nsj&page=7vek6,0
https://amazon.com/enk/knkdzq/hdmtfmce/ofw.jpg,0
https://cloudflare.com/eanzxhy/gfrqi/zdgovbv.woff2,0
https://instagram.com/certifica-js14.js,1
https://netflix.com/wnjkis/nwmlddv.js?view=zowsf,0
https://facebook.com/qzv/mlbz/jjfik.js?view=ipi1r,0
https://google.com/cvseaij/mlyeajxt/hkarso/rrhgulz,0
https://google.com/web-pixel-shopify-custom-pixel@/hgydbzn/kvdcdklm,1
https://twitter.com/hdcpj/ztulr/klugu/xdok.ico,0
https://twitter.com/tjnupme/ymsyrnj,0
https://wikipedia.org/fxikd.css,0
https://cloudflare.com/lpzcu/tymz?lang=nvwfg&page=4jqw5,0
https://.sharecounter.$third-party/snixxof?campaign531=ynatxl,1
https://amazon.com/i?stm=/qkb,1
https://youtube.com/yyifujyt/fau/ghzj/ljo.png,0
https://instagram.com/utauck/hdvjjomp/qpmvkv/zrhzmi.jpg,0
https://facebook.com/hjq/prekjd/nouybu.ico,0
https://instagram.com/gev/ovv/uois/idgu.jpg,0
https://instagram.com/zoqw/hsb.png,0
https://google.com/nfia/xzokumu.js?theme=brgud&view=csikw,0
https://twitter.com/mongoose.fp.js,1
https://facebook.com/ptab.svg,0
https://youtube.com/dot.asp?/qfeiouqy,1
https://cdn.shopify.com/telsnnx/fhmjl/humoien,0
https://wikipedia.org/pmsktsm/dytcm/hbcw/adhspk.woff2,0
https://cdn.shopify.com/pqx.css,0
https://wikipedia.org/oxvcbxs/vclmjft/xiwvscj/qhutvb.png,0
https://linkedin.com/wutime-adblocktracker/*/xxtdfodf,1
https://linkedin.com/advstats.js/gsbvbnn,1
https://cloudflare.com/jvutiaho/bmxhtuf.ico,0
https://cdn.shopify.com/dfyxkw/htri/luo/nrowmtc,0
https://netflix.com/utjlsxrt/dmegievt?q=4dqka&theme=085sc,0
https://youtube.com/cfta/snef.woff2,0
https://microsoft.com/uobuj/febi/rpfbxnav/bpsn,0
https://instagram.com/pht/cfltmr,0
https://google.com/tagcommander/prd/*,1
https://google.com/ykrad/ovgeh/fao/bcflhgpz.css,0
https://netflix.com/ucwbj/ebdcikz/zwqbg/bqj.svg,0
https://youtube.com/rtiojaiz.woff2?theme=aeze2&page=lgyuv,0
https://instagram.com/log?kc=,1
https://wikipedia.org/vhvn/jcucor/rzi.woff2,0
https://cloudflare.com/log/views/*,1
https://twitter.com/mhu/ysban/ieatgfs.ico,0
https://google.com/eofbtog/ztlty/buu/htr.woff2?lang=944e8&view=7goq3,0
https://facebook.com/adf-tm-base-min.js/mwfous/okcwjcqt,1
https://netflix.com/vzcam/atvmn/pnjkyvva?lang=lor39,0
https://adobe.com/zxgogw/emqen.svg,0
https://facebook.com/vow/kzcnld/dazwr/lej.jpg,0
https://cloudflare.com/seostats.php/vqtwxn,1
https://&EventType=DataDealImpression&/cxehh/dkx/bstbtx?cid368=vffizw&cid238=hwggdo&cid243=ylnkwz,1
https://netflix.com/pruxf/uisgkgv/pxfeire/iuezqbx.svg,0
https://?action=event&/cuezr/rlk/scvt?sessionid094=mypnru&ref=311=npblee,1
https://microsoft.com/xlxl.js,0
https://instagram.com/nyjgde/hhmnfnxd/kvekyof/owexk.svg?page=vzl2d&lang=gtqeg,0
https://cdn.shopify.com/qpjgq/wjwvvgi,0
https://netflix.com/ndeei/vgjojpu/kuwyv/wbvrmud.ico,0
https://google.com/hit.c?/wijvjpuh/xtdc,1
https://amazon.com/vhbaun/wxincj/brwpmiz/fbq.woff2,0
https://apple.com/trackingGA.js,1
https://wikipedia.org/htptibk/sixib/pxzixw/xlgxbrg,0
https://apple.com/clicktracker.php/yyhrt/hnokx,1
https://cdn.shopify.com/xkto/iowygny/nvmlkaj,0
https://microsoft.com/ajax/analytics/*,1
https://adobe.com/better-analytics/js/loader.php,1
https://linkedin.com/TrackWebPage?,1
https://youtube.com/ot_e404.gif?/xxxul,1
https://wikipedia.org/izqjyxcf/fuq/ixz/tualqqxb.woff2,0
https://youtube.com/mmyig.js,0
https://apple.com/kcyseel/cnjxfwd.svg,0
https://facebook.com/fusion/lucid/data/*/aflg/wypszh,1
https://instagram.com/bybcg/kqlwo/sjrl.woff2,0
https://facebook.com/qnuzft,0
https://google.com/byx/tvg.js,0
https://google.com/eac/ctyxdmnt/ubcb,0
https://adobe.com/trackVisit/*/eyowggqm,1
https://instagram.com/qqpumm?page=zkzh1,0
https://reddit.com/swqix/pwd,0
https://cloudflare.com/px/client/main.min.js,1
https://wikipedia.org/vuzat,0
https://facebook.com/idybr/smsugm,0
https://apple.com/qbkxn/sbtjn/khyfbz.svg?q=3lb5s&page=ymtkh,0
https://cloudflare.com/dihvmh/jnhbmffr/krlxugf/xbe,0
https://apple.com/xpzc/zuyfsyd/zwzypv.woff2,0
https://amazon.com/qcgjjmjo/kms?id=171vv&lang=0qika,0
https://reddit.com/mxdsggx/ebtert/vltzfhq/krcxqdwf.woff2?id=k8gjz,0
https://amazon.com/iktav/pxsuf/mbxh,0
https://facebook.com/js-sdk-event.min.js,1
https://google.com/xuh/liccssrg/zxl?view=uh497,0
https://reddit.com/?record&key=/turkp/kdicux,1
https://microsoft.com/tkfhjdq/nxowa/ail.svg?page=i6hmc,0
https://google.com/jietji/cwepmtgy.png,0
https://microsoft.com/uibtt.ico,0
https://amazon.com/jzy.js,0
https://netflix.com/civbouij/nvekviwx/yjuxyce/gxswk.js,0
https://youtube.com/r.rnc?,1
https://linkedin.com/socialtracking.min.js,1
https://amazon.com/jetftt/pdsr.ico,0
https://amazon.com/sbvi/shezkvc.svg,0
https://amazon.com/HeatmapSessionRecording/tracker.min.js/wbcves,1
https://cloudflare.com/nfcwviv/hajomzz/vle,0
https://linkedin.com/lwjcte/mhpftzi/tohxl/jtx.svg,0
https://google.com/btck/henfbc/bbibdms/nht.jpg?id=mm41b&page=b6td9,0
https://google.com/ginj/hrard/zyjxzhh,0
https://linkedin.com/rge/olkewwr/iztl.svg,0
https://youtube.com/myTracking.js/szfkg/qhxbf,1
https://linkedin.com/uswtoh/grouy.png,0
https://reddit.com/uungq/gmjmzzdx.css,0
https://instagram.com/kva.woff2,0
https://cloudflare.com/zpzxy/zimruki/gqxhny/fqj.woff2,0
https://google.com/qary/dylvmwgw.svg,0
https://adobe.com/chcounter/counter.php/wkixeys/hssqc,1
https://facebook.com/mhmjstyc/xscjxt/utpkk/sfuvm,0
https://netflix.com/bwl/gvf.svg,0
https://cloudflare.com/yhx/applneb/pwqbyra.js?id=kfiw5&lang=u65a2,0
https://netflix.com/qywvl/aqfckdxe/gjrago.ico,0
https://microsoft.com/LogAmpHit?/nrme,1
https://adobe.com/ynx/rlqd/trcsos.css?view=xd6dw,0
https://linkedin.com/cua.woff2?theme=d2fr7,0
https://cloudflare.com/juhmnwii.js,0
https://adobe.com/styghu/esdrxkr/jfd/btyyqo.ico,0
https://linkedin.com/wsg/fhuun/tseehxjo/zbswuk.woff2?theme=mw7m8&page=nb2rz,0
https://instagram.com/fftbmkq/dpdkwm/rrjv.js,0
https://cdn.shopify.com/analytics.*/ping/?,1
https://netflix.com/viklrjb.ico,0
https://facebook.com/kwrzbqzn/vrqxw.js,0
https://youtube.com/txptoc.ico?lang=yw3wp&lang=9eihj,0
https://amazon.com/wln,0
https://youtube.com/mva.svg,0
https://apple.com/asktjkf?lang=uoip9&view=p88lt,0
https://google.com/vmuj/pxfv.ico?page=w7b4r&q=ep4tc,0
https://netflix.com/pixel_iframe.php/fdgqay/zyyeudqa,1
https://reddit.com/johbho/tfr/gsektk/kjeemy,0
https://amazon.com/tjs/iuwup/ecy/szhjca?page=wt8lx,0
https://amazon.com/iihuoikf/unjrhc/sowxwhv.svg?theme=4ujcc,0
https://linkedin.com/ecanalytics.js,1
https://linkedin.com/upork/rqltkqzn.svg,0
https://instagram.com/track/identity?/rwoy/bzwtbm,1
https://google.com/bcr/kjvqoj.jpg,0
https://twitter.com/lxoiuklu/khmvl/bfvbl.png,0
https://facebook.com/traces.php?/fkt,1
https://instagram.com/mtmhsd.jpg,0
https://.beacon.min.js/ckudxw/pweu/zpamq?utm_538=manurw&utm_625=dzubkv&sessionid268=pmuigt,1
https://wikipedia.org/jghvetp/bten/wywoinqu,0
https://youtube.com/seara/pazrvrh/aaosmzfx.css,0
https://cloudflare.com/yjkaakc/thwjjae.png,0
https://adobe.com/vddxjyt/nay/osrxhd/jisx.ico?id=8eij0,0
https://netflix.com/pwpsj/jegumm?lang=hcx1b,0
https://facebook.com/lov/tdptfuc?lang=l6dpa,0
https://twitter.com/almljxjp,0
https://facebook.com/ssmwxofo/oklz/dqythdej.css,0
https://adobe.com/emqzkbfu/xkfy,0
https://instagram.com/sr.gif?/kshu,1
https://twitter.com/hnjrgta/onifweca.svg?id=b29w2,0
https://cloudflare.com/set_tracking.js/eebmt/ltdptraw,1
https://adobe.com/sfybr/hghpirce/pazjjrql/dbemspiz.css,0
https://_logHuman=/bgymmifm?campaign814=vbklng&utm_081=srfwrc&campaign505=ejiqdr,1
https://.php?ping=/qtarh/qsjn/eepipje?ref=870=wsekyh&cid350=cqzhaj,1
https://microsoft.com/piwik2./rzeyaatl,1
https://apple.com/sliudiu/iqqh.js?view=gmjko,0
https://netflix.com/aqlgu/guzwno/tqxmt/blah.ico,0
https://linkedin.com/omhfuy/bjv/ousfft.css,0
https://amazon.com/edrwxqn/zgen/mlsmegix,0
https://google.com/analytics_tracker.js,1
https://twitter.com/xyczfae/kkaxjoc,0
https://microsoft.com/t/event?,1
https://adobe.com/qmngwsh/pcxr/wohg.css,0
https://youtube.com/oiqk/eibux/igpbjyc/ybwkp,0
https://cdn.shopify.com/pageview?pageviewId/vtnsb/xxykef,1
https://twitter.com/bekgahw/ubwptr.woff2,0
https://google.com/netresults.js,1
https://amazon.com/reb/tkmhpl.js,0
https://wikipedia.org/pbasitetracker.min.js/zawvgmjt,1
https://youtube.com/opgwxq?lang=5cm75,0
https://linkedin.com/sok/lty.js,0
https://facebook.com/yvjuzagl/ejclz?id=1cnmd,0
https://facebook.com/boost-sd-analytic.js/apbyej,1
https://google.com/events/pixelEvent/kekysiz/bqhtfci,1
https://instagram.com/ngf/ncjxv.png,0
https://microsoft.com/pknmvd/mqan/czitjvgk,0
https://.sharecounter.$third-party/hkns?cid796=fbjxef,1
https://cdn.shopify.com/dynamicyield/*/vjphx,1
https://microsoft.com/kgwvri/xnbnmfna.jpg,0
https://amazon.com/jpdwaax/odbsd.jpg,0
https://adobe.com/utm_cookie.min.js,1
https://microsoft.com/piano-analytics.js/kadarhts/qddwuh,1
https://apple.com/lnonz/moemv?q=tpguj&page=xp266,0
https://netflix.com/afvytuiw/uddox,0
https://reddit.com/mgqxcrav.svg,0
https://facebook.com/rrweb-script.js,1
https://google.com/wytwoo/lmgj/vqgk?q=ln0cc&page=p3xof,0
https://netflix.com/jpdmzbch/phb/qgyj/dtvoyl,0
https://cdn.shopify.com/lapgbrq/ckasyimr/tswf/cpbyibc.png,0
https://microsoft.com/px.js?ch=$script/shfsu/tovdv,1
https://apple.com/ubdqupq.svg,0
https://twitter.com/shx.svg,0
https://wikipedia.org/insales_counter.js?/oypwx/kzy,1
https://apple.com/qnobr/baqye/iovzinz/vob,0
https://netflix.com/kbtz/zipkqog/lexpidf/dnrua.png?theme=xmw7d,0
https://twitter.com/ozga/fsws.js?view=wg9p9,0
https://amazon.com/qmdn/hmxyw.png,0
https://netflix.com/xkwgj/okh.ico,0
https://linkedin.com/hwjfwgn.woff2,0
https://microsoft.com/onl/track.php?/ypqqldon,1
https://?v=2&tid=G-$~third-party/ufddgnh/dlcrjieu?sessionid517=excgdc,1
https://apple.com/lubzzsz/wnlyozxk/btabg/buurdab.png?q=dln93&id=96m0g,0
https://twitter.com/pxspzprv/idfnbmu/pxvvehx/eti.png,0
https://youtube.com/vdkwrmaq/erovjcg.woff2,0
https://cloudflare.com/fhos/wblao/njwo.jpg?theme=1uovq,0
https://cloudflare.com/vyojsn/hnzouzu.js,0
https://adobe.com://matomo.$domain=~matomo.org,1
https://apple.com/gmbvswd/nulvyajg/obe.jpg,0
https://cloudflare.com/wreport.js,1
https://google.com/qflmnskq,0
https://adobe.com/nhqpjluj/ougmxvfa?lang=b5f6o,0
https://amazon.com/xulpixar/dzmwub/emw.woff2,0
https://amazon.com/retargeting-pixels.php/wdkbsnzc/pxwu,1
https://amazon.com/js/dart.js/qjhx/zfp,1
https://youtube.com/taymd/mwdsyh.png,0
https://.pageview-props.js/gmoqdvkl/khpt/spz?campaign386=derzxg&ref=199=bmluey,1
https://amazon.com/api/v2/jsonlogger/gfzhge/oedt,1
https://twitter.com/wpxh/kicm/equirgo/kli.png,0
https://apple.com/count.png?/cbmjhflk/dfs,1
https://wikipedia.org/nghxkc/rer/mbrafa/azj?view=tad9g&view=unuk1,0
https://facebook.com/ogk.woff2,0
https://cloudflare.com/riiz.css,0
https://netflix.com/ypmnfh,0
https://twitter.com/qqa.ico,0
https://netflix.com/perf-beacon-/qaequ/ekif,1
https://microsoft.com/prcobanl/qrdnmo.woff2,0
https://microsoft.com/Visitor.aspx?,1
https://apple.com/vwtpxczm.css,0
https://reddit.com/lpxxa?id=pw2ix&page=dikeg,0
https://twitter.com/oozh.png,0
https://youtube.com/avyzr?q=f57rl&view=np4f1,0
https://google.com/pvwzgoxz/rifppqqn.png?q=fxqlp,0
https://twitter.com/user-context?referrer=/bqvrmikr/zfdypq,1
https://amazon.com/nmjabdwg/bemppeo/aeov,0
https://google.com/tracking/impression/hndw/hfnhi,1
https://apple.com/trackingcookies.,1
https://facebook.com/ctlksrlg/ainjdkp/fapt.png,0
https://adobe.com/dsulvw/vfpvm/gvzujc?theme=iurp1,0
https://apple.com/idwegx/igmc/trqecn?id=o8497,0
https://microsoft.com/rudder-analytics.min.js/kqcc,1
https://twitter.com/vaneobaj/hrd/fvffhn.ico?id=pt7an,0
https://google.com/ept/khkjnk/xkgpk.jpg?theme=6ymxn,0
https://microsoft.com/rnjjoucr/lgugnq.css,0
https://_imp?Log=/zfknhs/gzwwga/vttnrud?utm_774=fskuqo&utm_667=ckfkgb,1
https://microsoft.com/onl/track.php?,1
https://youtube.com/ybajwmj/jdbmmfio/lwtlsg/qanvq,0
https://wikipedia.org/kko/hwfuzvfr/hsryidkk?page=2nprc,0
https://cdn.shopify.com/zconcfv/hhezjhrn/ult/qigd,0
https://microsoft.com/tqyql/rftljx/qgmfbssk.svg?view=q9b3b&page=hab82,0
https://twitter.com/ribark.woff2,0
https://instagram.com/akt/rprdmw/qxbnybzv,0
https://facebook.com/adobe/app-measurement.,1
https://instagram.com/_/lite/performance/*,1
https://facebook.com/status/impression?/djkbr,1
https://instagram.com/pohoex/xrum.ico,0
https://apple.com/qobfpcif/wmhdrf/nrtj/fzrcymqt.js?lang=fm705,0
https://instagram.com/axidb/lwzlhq.ico,0
https://cdn.shopify.com://analytics.*/hits//miogz,1
https://reddit.com/abgciey,0
https://?action=impression&/htilkeer/raw/blyvz?utm_227=ckenhj,1
https://amazon.com/ksd.woff2?lang=bkt7q&view=i83i9,0
https://google.com/crmfo/gcqm/qopodk?lang=6p6pn,0
https://amazon.com/elastic-apm-rum.umd.min.js,1
https://youtube.com/ugindbhe/zinu/mobtxxms/skdtoonb.css,0
https://youtube.com/pwouaxcz/vdnlt/csdpx.js,0
https://linkedin.com/gdgb/bhzjp/qxiupuaf.jpg,0
https://amazon.com/xhaqf.css,0
https://?log=stats-/cmj/xgybwjj/caakw?affiliate145=ebrjja,1
https://microsoft.com/vgjnpt/vjnp/kjdu?id=ee2vf&q=p8w62,0
https://facebook.com/wvghrzem.woff2?theme=na30l&theme=2ue3v,0
https://linkedin.com/chaqw.svg?page=jjcb4,0
https://twitter.com/ymcoc/sfdgomo,0
https://amazon.com/blank.gif?*%,1
https://apple.com/dcuvra/zop/lynsilir.png,0
https://facebook.com/analytics-tracking.js,1
https://linkedin.com/fnne/dxw/sykma/kdf.js,0
https://wikipedia.org/tcchxlol.woff2?lang=h26ei&q=j118u,0
https://wikipedia.org/analytics-ingress-/htjrc,1
https://?action=event&/yisuj/noecn?utm_240=kkahmw&affiliate778=oxklfk&utm_174=xqemmg,1
https://youtube.com/rtracker/ofs.rtt.js/bct/akud,1
https://adobe.com/lew/zlwyhrjv.jpg,0
https://twitter.com/idowsmh.woff2,0
https://instagram.com/zuje.jpg?q=s54gi&lang=crt6y,0
https://twitter.com/cta-loaded.js/vnlguwz/rocoqp,1
https://apple.com/utjun/lnnbg,0
https://apple.com/ucqciks/jrg/zrc.ico,0
https://facebook.com/dtpx,0
https://##.embed-responsive-trendmd/huicycd/vvr/wyw?utm_224=xnbebh,1
https://microsoft.com/census/RecordHit/cewtn/hwjr,1
https://google.com/blaize/datalayer/szhqwo,1
https://youtube.com/vxdfs.css?view=5y9ol,0
https://adobe.com/dfzqqkk/xus,0
https://netflix.com/google_tag/*,1
https://linkedin.com/mirpalqh/ckooymmm/rtdtlng,0
https://cdn.shopify.com/tjsbeadw.svg,0
https://reddit.com/ldhmigcy/ovlv/mglool/ryroxhy.ico,0
https://reddit.com/fyxs/kwhse/fxkkf.woff2,0
https://amazon.com/qfeugmzh/arz?view=8s3p1&lang=i2emz,0
https://adobe.com/ktkhdg/jycbacjt/pyjwbth/pibsryh.jpg,0
https://cdn.shopify.com/wxltsgn/mswhn.jpg,0
https://microsoft.com/daoo/vhbsec?lang=yaa13&lang=8ig27,0
https://cloudflare.com/qulbkhk/clhi/mwo?id=sh4mp,0
https://facebook.com/ab_track.js/upzrxhq/dbdmoo,1
https://youtube.com/kuapgy/zmccughh/mamjekz/zujfvdqm.js?page=6kt0f,0
https://cdn.shopify.com/fpv,0
https://cdn.shopify.com/jzxqel.svg,0
https://adobe.com/trk2.*/open?$image/mjbucvk/rogh,1
https://microsoft.com/trackga.min.js/csh/hug,1
https://facebook.com/jcyhnd/uozughqo.png,0
https://youtube.com/pjiwm/mkwzwkcg/rgtx.jpg,0
https://cdn.shopify.com/cokjd.png,0
https://cloudflare.com/znnrvhdx/sblrrwks/rigqk/zfovvjg?q=jt48l&lang=fv3tx,0
https://apple.com/logger/?referer=/xfbu/akxde,1
https://linkedin.com/probance_tracker-min.js,1
https://netflix.com/ldzsv/ctget/dcfqtep.woff2?view=ixqth,0
https://amazon.com/acecounter/*/mlfzeoe/hlx,1
https://.pageview-props.js/olujpe/mobw/njvvvo?affiliate950=hrndde,1
https://twitter.com/nnstomgm.ico?theme=h5wc3&q=u21o4,0
https://adobe.com/ffimfl/gkv/dqfyzymc/vfha.css?theme=948r2&page=1s5g4,0
https://twitter.com/oehnc/vccxyqcs/aui/myebujsu.woff2,0
https://facebook.com/logpv.aspx?/vvj/xnnqfk,1
https://youtube.com/PushexSDK.js/zkb/xvbjhwjc,1
https://twitter.com/ymzp.woff2,0
https://youtube.com/wgltbx/zdp.woff2,0
https://apple.com/analytics-reporter/*,1
https://adobe.com/bpbng.svg,0
https://cloudflare.com/lmkiw/guwf.ico,0
https://wikipedia.org/hox/etfe/jrywohu/gbvlbjfv.png,0
https://instagram.com/firestats/js/fs.js.php,1
https://instagram.com/imgcount.cgi?,1
https://youtube.com/hqqnxa/feonaa/bkoad.jpg,0
https://apple.com/tvop/otvxehm/yetekrs/rcmzl,0
https://google.com/kafvvejd/oenacc.svg,0
https://twitter.com/hfy/vylzcqh/mndarg.svg,0
https://netflix.com/collectsysteminfo?/bmh,1
https://youtube.com/riq?id=hhtmw,0
https://google.com/zzfhipm/jzoe/ttauyq.js,0
https://reddit.com/smqawh/soj.ico,0
https://microsoft.com/wdqn.js,0
https://twitter.com/tgahx/imr,0
https://apple.com/fynocbua.jpg,0
https://youtube.com/klbm.ico?view=hq6t1&q=l3pky,0
https://?action=tracking_script/hdwn?cid341=olnlpr&cid955=otlomv&ref=138=gdcgka,1
https://cdn.shopify.com/sranalytics.js/ixvwvxvv,1
https://netflix.com/ayrgktio/zawxrmez/kasum.svg,0
https://wikipedia.org/xff/eznlf/xlj/hez.css,0
https://adobe.com/jymygym/jrsndims/cpiudhp/zjxg.ico,0
https://netflix.com/qxgtouoa,0
https://.php?logRefer=/ubil/nupg?sessionid639=nigwrq,1
https://wikipedia.org/gnxt/ags/sfmp/ecufks?lang=frv3u&q=eefti,0
https://youtube.com/rwcvgn/mzh/fiesor/xfxg,0
https://cloudflare.com/jkon/ltoz.svg,0
https://wikipedia.org/nbrajlto/kxktgaxm/ieoqtkt/vxvlzz.js,0
https://google.com/kwhafrng/govjesq/kzwgfag/cmrdud,0
https://linkedin.com/vnooerpv/pmkww/mclv/ajxxpz,0
https://reddit.com/eucnte/dnaxyj/eiug.jpg?lang=mn7di,0
https://.php?tracking=/zdblxcps/fcp?affiliate450=gvkpiy&utm_956=acchei&ref=750=qzzxdb,1
https://microsoft.com/id?d_visid_/pnk/vzvohm,1
https://adobe.com/gzng/ztz/rqocigt/mnnlrwim.png,0
https://reddit.com/rmr?lang=k7al5&q=sfpns,0
https://cdn.shopify.com/ymphuidu/pgphudt/tjyxewma,0
https://youtube.com/zct/ppgl.ico?theme=f9ylx,0
https://apple.com/gkddo.woff2?view=mm734&id=v0onr,0
https://netflix.com/ipbzf/xhld/qghm/sax.ico,0
https://microsoft.com/ebf/ggtjvt/nptbdhb.ico?id=g2u7j,0
https://-adobeDatalayer_bridge.js/rxnmd/yiva/zdxgkmhl?affiliate294=furmsc,1
https://reddit.com/?swift-performance-tracking/mxxqzhx/veqsur,1
https://apple.com/stats.cgi$image/qwelwgrh/wlhf,1
https://netflix.com/jcofwynq/rmnr/blvvjdau/ivw.png,0
https://google.com/rxhu.svg,0
https://apple.com/lqbmrrzz/xua.png?q=lblne,0
https://microsoft.com/analytics.js/v1/*/dbbqqkgs/mbpb,1
https://microsoft.com/gzebg/txtf,0
https://wikipedia.org/infehpcm/gjw/urbjrjtc.js,0
https://facebook.com/ctesafj/mjaptghq/sic.woff2,0
https://microsoft.com/brjphi/djnzqpii/xicpkn/jdql.ico?page=gf2z2&id=5x62p,0
https://google.com/ameuus/gvwjqcr/ovbqqgn.woff2,0
https://google.com/jngxqbau/zrm/brd/zftvcpq.ico,0
https://wikipedia.org/boqr/feyiwbwn,0
https://facebook.com/zwxjyjrh/uzv/fvjswmjt/hisrcw.ico?q=55uhz,0
https://adobe.com/nqpgcj/ckcwct/ohmh/wushc.woff2,0
https://netflix.com/fdq/qqxdz.ico?lang=s7ole&view=zh077,0
https://linkedin.com/jdxft/bsovc.png,0
https://instagram.com/_vercel/insights/script.js,1
https://cdn.shopify.com/email/tracking?,1
https://microsoft.com/msq.svg,0
https://google.com/ubuple/fnj?view=agmd5&theme=8u3a4,0
https://netflix.com/trckUtil.min.js/ofj,1
https://adobe.com/lyajs/dbh/jzrpoq.ico,0
https://apple.com/track/imp?/dus/phv,1
https://youtube.com/prs/jwfhbbzu.woff2?theme=4ghy5&q=5au5p,0
https://apple.com/virwmter/vlvktk/vzxmfocf?theme=tktes&theme=on2xi,0
https://apple.com/atqkvaqf/tpges/roh/pdpxpr,0
https://netflix.com/cmaua.svg,0
https://google.com/xlpwoym/qlfkc/xbbpyos/grh?id=wryre,0
https://microsoft.com/luurbzji.png?page=jgrz9&page=omice,0
https://reddit.com/uqa.jpg?theme=1b1nx&page=12yi1,0
https://cloudflare.com/cwmeutd/kghr.png,0
https://cdn.shopify.com/count.php?,1
https://wikipedia.org/rbwi/lkpan/itywh.js,0
https://instagram.com/jeee?q=du4al&page=myvy4,0
https://reddit.com/krmyunbz/omnmrtbg.svg,0
https://instagram.com/wzza/lifg/qcnsgsyz/gsalfqp.js,0
https://wikipedia.org/referrer.php?*http,1
https://cloudflare.com/chxbhtim,0
https://youtube.com/ltnun/ysbfnsej/xsnhtawx/vxxqvme.png,0
https://instagram.com/cfgbxwp/lguktiav.ico,0
https://adobe.com/qvey/berqevy.woff2,0
https://instagram.com/jlaaxjjp.js?theme=uu0yc&page=2l78m,0
https://amazon.com/yflr/pettsskx/dguuinr/nxqbnwaa.woff2,0
https://cdn.shopify.com/gupf/smvd?q=fqhcq&page=7jcu7,0
https://reddit.com/whb/xasbbez/kmgmcpsa/qtq,0
https://cdn.shopify.com/jnmmki/xlkcs.css,0
https://youtube.com/xbmdo/qswc.woff2?lang=49mh5&q=f1lct,0
https://cdn.shopify.com/stats/Logger?/bkx/ghsu,1
https://twitter.com/cee/jvzl/kxqk/llpu.jpg,0
https://microsoft.com/lgstz/wwo/hvnrp,0
https://youtube.com/library/svy/broker.js/fjz,1
https://cloudflare.com/xqhrc/urjn.jpg?lang=5p5f7,0
https://cloudflare.com/ogfbmms/hezul/glwx.png,0
https://wikipedia.org/kfqwoyb,0
https://_trackWebtrekkEvents./blcghm/hjjzhet?utm_451=jkommd&utm_358=cvryga,1
"https://$csp=child-src 'none'; frame-src 'self' *; worker-src 'none',domain=fileone.tv|theappguruz.com/vwvc?utm_837=cmrhdb&utm_297=pxbapt&utm_257=axelhp",1
https://apple.com/sensor/statistic?,1
https://facebook.com/ceatzbmf/cfniy/zegh,0
https://amazon.com/v1/adn/visit|,1
https://cloudflare.com/hzntiroz.svg,0
https://?action=saveViewStat&/nefl/yohrpq/elmsjlgi?utm_981=ndztbv&campaign400=zxupqw,1
https://microsoft.com/b/s/beacon/kqvirn,1
https://apple.com/lgasyz,0
https://apple.com/SAPOWebAnalytics/*,1
https://cloudflare.com/mlb-ml-analytics.min.js/ulq/empu,1
https://netflix.com/ijgznk.css,0
https://wikipedia.org/mgng/nwmwab?page=d3aa5,0
https://instagram.com/ncajxre/ept,0
https://amazon.com/ybede/kcltkcaa/jgdx.svg,0
https://instagram.com/metrics/event?/clswly/oftqi,1
https://reddit.com/web/push?,1
https://.php?logType=/haxfkne/mkqscas?ref=743=cxdfff,1
https://wikipedia.org/wyomuoux.css,0
https://reddit.com/amp-access/cta/*/mthsxwj/ksej,1
https://reddit.com/fxggrgkp?page=7jsxr,0
https://microsoft.com/ndiqmuc/gea,0
https://reddit.com/fjya/snrwotxg.js,0
https://netflix.com/yhtjpw/dini/fxflyd.jpg,0
https://cdn.shopify.com/hrij.ico?theme=5vnet&id=rxs22,0
https://cloudflare.com/lyqy/vhsdz/gxkxhg.css,0
https://google.com/honeybadger.js,1
https://youtube.com/analytics/amp/*/dpii/zzusz,1
https://microsoft.com/linkinformer.js/xggh,1
https://instagram.com/ndnul/ecttqz/kkyqft?view=z07lq&q=c6h8a,0
https://wikipedia.org/hshb.css,0
https://microsoft.com/ojvoxjg.jpg,0
https://apple.com/ymm/luawoats/epmdw/ovprnnb.png?id=79kbt&id=f0fvp,0
https://cloudflare.com/client_pathlog.asp?/jzhbhgpr,1
https://apple.com/gcurw/cqb/nbbhf.ico?q=bwrbf&lang=jibys,0
https://cdn.shopify.com/fusion/lucid/data/*,1
https://instagram.com/jgf/ieedciq.ico?view=zrqmh&q=xkxf7,0
https://microsoft.com/jkjneaxj/slyuxyaz/xwkm/fsqlbzyo.css?theme=rhrkg&page=oi8k6,0
https://cloudflare.com/tcrkvxl/xhki/ljhi,0
https://netflix.com/cgi-bin/ivw/*/xuzjts,1
https://facebook.com/ujpz/owmghlsn/rristuzs/ijfps.jpg,0
https://wikipedia.org/eom/yfurr.ico,0
https://cloudflare.com/qzslnrhe/pnk.jpg?lang=q0uid,0
https://linkedin.com/oprtws/pos/hud/smld,0
https://instagram.com/vmpxybra/mvrfvusq/smmxxmi/tod.js,0
https://twitter.com/ykpzyl.woff2?id=kt1fm&q=amkij,0
https://apple.com/iygnz/hqsy.woff2,0
https://cdn.shopify.com/sucsm/gjulxfi/gsfuumak.woff2,0
https://microsoft.com/ctaixf/vepxzq/jnlb/fri.ico?id=s91er,0
https://facebook.com/dietudzi.woff2?view=qa6lb&view=677f7,0
https://adobe.com/wdexf/ufvnrfy/fywfey/tzt,0
https://google.com/art/stats/*,1
https://instagram.com/sndygtdk/wgk/omxofs/lwehk.css,0
https://instagram.com/tkih/xqoi/kdtldlm.png,0
https://facebook.com/inj/lysizsj/ywkh.css?lang=s6rt5,0
https://reddit.com/nyk/cssxu/qggwb?page=isuo9&page=gdi0n,0
https://adobe.com/pixeltag.js,1
https://linkedin.com/vcedonq/lmwhwp,0
https://reddit.com/printtracker.js/jha,1
https://cloudflare.com/pochpr?view=b12tk,0
https://instagram.com/adobe/app-measurement.,1
https://cdn.shopify.com/lxdp,0
https://twitter.com/jquery.audiencetarget.js/qhxzs/fths,1
https://twitter.com/mhx/nhxsenfi/rjfcmk/krrihpy.css,0
https://cdn.shopify.com/giikaq/alshfn.svg,0
https://amazon.com/b/ss/*&events=/iciwghwy,1
https://twitter.com/collect/view?/blspwhm/lmggrou,1
https://cdn.shopify.com/nafwsli/inczy/alwhuoj.jpg?page=jreu3,0
https://cloudflare.com/mwhh/ohryg/iebvyar/zhezymp,0
https://amazon.com/mjsi.jpg?view=stzwh&q=5dkdr,0
https://cdn.shopify.com/ztovr/rxvsomh/rvg,0
https://cloudflare.com/localga.js/ooe/xthha,1
https://.sharecounter.$third-party/jgs/fabehrf?ref=537=sqragn&affiliate542=zaures,1
https://linkedin.com/yuozl/kbzzzy/ujkibek/jtmjq?q=vo6la&page=ofaly,0
https://adobe.com/jom/vqn.js?view=ui2y3&lang=62136,0
https://google.com/analytics-async-loader.js/xot,1
https://_webanalytics./vhcrp/qyutxuqo?cid808=zkszqe&affiliate100=rapbea&cid988=lpjfvz,1
https://adobe.com/xstnistt/boydwfnd?theme=h5eq3,0
https://apple.com/statscript.js/nmq,1
https://microsoft.com/seyk/tcomi/woyz/uiqkxqqx.png,0
https://adobe.com/hyf,0
https://instagram.com/lpo,0
https://apple.com/mji/jmiirlw/bgotxi.svg,0
https://wikipedia.org/vfnfv/hvzwth/pfe/ielvceu.ico,0
https://instagram.com/api/v1/firehose?_/zjyb,1
https://netflix.com/mte/geroyhpr/lkcxescx/gxwo.jpg,0
https://cloudflare.com/beacon.js/srk/ckrjjjt,1
https://facebook.com/usage/Clickstream?/ovvj/grdx,1
https://wikipedia.org/oea/wdymq/lrnorglg.svg?theme=zeebs&lang=wtqm3,0
https://linkedin.com/mlnf/xhciflim/pyd/cnvowtdk.jpg?view=a2r0k,0
https://netflix.com/jopjwhzz/thcjado.png,0
https://youtube.com/rpiic/jgaal.png,0
https://amazon.com/udeuyes/oczed?page=ay98g,0
https://instagram.com/nwlu/ahmst.png,0
https://adobe.com/jfe/mkauabr/hchgw.ico?theme=cx4cm&id=jl53m,0
https://instagram.com/webtrekk_mediaTracking.min.js,1
https://youtube.com/benchmarketingsmarttag/get?/znsbpa/hquqoz,1
https://cdn.shopify.com/gtqw/zkeh/sofyjq/jdfi.js,0
https://twitter.com/hit_img.cfm?/qut/puzrrft,1
https://cloudflare.com/hwwqi/szmomztq.jpg,0
https://adobe.com/ckxtu/hirdbyye.woff2,0
https://netflix.com/__ssobj/core.js,1
https://cloudflare.com/webdig.js,1
https://cloudflare.com/frha/tjbr/rmmipx/aqvaeosf.jpg?lang=3iuoh,0
https://linkedin.com/kjsl/ueupudx/aypwshix/zseeiw.woff2,0
https://cdn.shopify.com/gcmwld/zbxxfgms/asmgof.ico,0
https://cloudflare.com/tfipd/ojtjisbj/acwq/jxrwarp.ico,0
https://reddit.com/vioiin/bcvlk.svg,0
https://youtube.com/stat?track=/jnxbqrbw/crtl,1
https://.EventTracking./xpsifkr/gjcwgv?campaign039=crghds&sessionid399=lbyajc,1
https://apple.com/btr/vtv.css,0
https://apple.com/nryvj/cira.ico,0
https://apple.com/fllvt/wrkiyidm/samyrv/ijks.png?page=x6izn&theme=4k1x8,0
https://twitter.com/raagpoe/imuwpd/pdtzt.jpg?id=ipfte,0
https://apple.com/jvmg/dsqy.css,0
https://reddit.com/geor/gux/cme/uqvl,0
https://_beacon?/wvm/uow?sessionid180=jtvkmh,1
https://facebook.com/nzebox/fey/nzzxyp.css?id=d8pyh,0
https://amazon.com/shahddm/wfl.css?lang=elmeq&page=zd1w3,0
https://amazon.com/uumqnu.svg?theme=xwelq,0
https://wikipedia.org/laqnbjy/cswbwg/rtnctxm.woff2,0
https://facebook.com/fac?theme=89rpv,0
https://twitter.com/edvocec.js?id=d5t5r&theme=ll61o,0
https://apple.com/neoworx_tracker.php/fna/mcwmje,1
https://netflix.com/yjdgvddq/vkbxzt?page=r51jw&lang=cxpvk,0
https://reddit.com/ltbsjvqb/npfnehl/qyj,0
https://reddit.com/qmvxqr/ovb/uaahfh/sekwdg.js?page=4rnv6,0
https://?log_performance_metrics/cibjwa/bcnd?campaign763=eduper&utm_641=naedjo,1
https://linkedin.com/plugins/status.gif?/kjn,1
https://?event=pageview&/eija?cid389=bizotn,1
https://apple.com/yell-analytics.js/kjwk/lkvif,1
https://_imp?Log=/uajn/siplcyjz?utm_867=stweqg&campaign749=vjnafe&campaign064=lpvxyu,1
https://cdn.shopify.com/ogysu/zmcxgx/jomm/pztnvkdh,0
https://cdn.shopify.com/pbglhchs/pyfbvafe.js?id=z6dza,0
https://instagram.com/rwtag.js,1
https://linkedin.com/mzs/nbfvkne/wtrecv,0
https://instagram.com/goxbsxbr/ylrjib/ldbl.ico,0
https://amazon.com/oyvmaagr,0
https://instagram.com/log/report/*/czm/rerwvb,1
https://reddit.com/irdtlanr/amhpt/rkgwhnn.css,0
https://youtube.com/turmztia.jpg,0
https://google.com/njkcb.svg?theme=23p9z&id=zdw2r,0
https://cdn.shopify.com/log/event?,1
https://wikipedia.org/bpbo/kgw/tga/lntonnx.jpg,0
https://apple.com/ckd/tjldxqt,0
https://twitter.com/umg-analytics.min.js,1
https://instagram.com/lmjmkqzj/viexxo/pxz/ofdob.css,0
https://linkedin.com/lffl/kxxsrqe.jpg,0
https://microsoft.com/mmkp/iwv/drsx/roo.css?page=pg3m0&lang=ul95i,0
https://google.com/baei/jiyej/ozgqpl/mxlyevws.jpg,0
https://apple.com/gzz.ico?id=zyi3o&theme=4wyi8,0
https://amazon.com/vodsej/gny/phm,0
https://amazon.com/pageview?client=/rjilr/nqkot,1
https://cdn.shopify.com/data_collect.js,1
https://microsoft.com/ytjhcf/alasg/ibjjtcg/tjafir.ico,0
https://wikipedia.org/umcpd.svg,0
https://instagram.com/ebfwvxzc/nyw?theme=b6ov1&q=ozf8f,0
https://google.com/fnaoygx/amr/xjcmss.js,0
https://instagram.com/rtgo,0
https://amazon.com/xswdh,0
https://reddit.com/inl/zflwqquj,0
https://cdn.shopify.com/jtipzx,0
https://_webanalytics./ytmzkyw?sessionid653=nzwczq&campaign288=rnmjam,1
https://instagram.com/czozkb/aqxmkslb.js?theme=p82km,0
https://instagram.com/sfrkyio/aiybsfvq/ztmux/vzpxpacu,0
https://&hitType=pageview&/zbxthmnd?sessionid444=plnqni&affiliate319=xkqpky&ref=970=jeexax,1
https://wikipedia.org/ecw/qsa/cxvpv?id=4gvlu&lang=5c6ls,0
https://cdn.shopify.com/Track/Capture.aspx?/uns/zilumj,1
https://cdn.shopify.com/nkzdcs/radkahdu/fbboibi/tyxn.css,0
https://cdn.shopify.com/ztaxwo/lpl/lsvt/etjy.jpg,0
https://netflix.com/bwxklepw/imuppcvm,0
https://google.com/xkrzz/swoccw,0
https://cloudflare.com/xkgbbac/ysxavvu/pfmwgsj.js?q=sl74b&lang=rhcg0,0
https://twitter.com/video/tracking.js,1
https://amazon.com/njggq/fqcc/vgxx.ico?theme=xt7ls,0
https://linkedin.com/lefvzp/kqhyv/kocdsjh.ico,0
https://adobe.com/vbtfqmha,0
https://cdn.shopify.com/cqza/huofpvg/vbwctfq,0
https://reddit.com/vuoonmk/epu/pvcl/using.svg,0
https://linkedin.com/trackga.min.js,1
https://adobe.com/syzu/rqfqdy/qshr/uejyuvd,0
https://netflix.com/qjqhd/fcnjzw.png,0
https://amazon.com/leage.google.tracker.js,1
https://twitter.com/webstatistics.php?,1
https://youtube.com/duel-analytics.js/opmqpboj/ebnd,1
https://google.com/shared/sentry/*,1
https://twitter.com/dge/zda/coipkx?theme=r3js5,0
https://cloudflare.com/gingeranalytics.min.js/ruy/nvjjsyy,1
https://reddit.com/iappn/jnctxl.ico?page=i2imj,0
https://wikipedia.org/ayh/kytpbr/mlodc/orqeme.svg,0
https://twitter.com/utrack.js?/goeq,1
https://cloudflare.com/uku/jifln.js?view=8i3td&id=vghsp,0
https://twitter.com/statistics.js?$third-party/ryokjtu/etkdva,1
https://reddit.com/smvexp/tlhz,0
https://wikipedia.org/takp/mwgd/balfwih/hyjqj.png?q=y7kku,0
https://cdn.shopify.com/lpqxahob/vshx/xmcba.js,0
https://twitter.com/cnt.js,1
https://reddit.com/snowplow_$script,1
https://wikipedia.org/kqql/pjgyvl.jpg?theme=dxgq2&lang=g4gta,0
https://netflix.com/byhkykyp/lthyttn.ico,0
https://instagram.com/nga/xcbm/fqlqkvg/jalgov.css?id=5uss1&id=0kdoe,0
https://microsoft.com/vqhowgjk/lnqef.svg,0
https://netflix.com/dnglcxh/hgq/vyx/ucz,0
https://.php?stats=/kwn/lvotlm?campaign879=brlguc,1
https://reddit.com/movd.ico,0
https://netflix.com/event.php?campaign=/ofy/dvtkri,1
https://youtube.com/public/visitor.json?/ivs/jtqsnl,1
https://_stat_counter.php?/djrb/pfcpzb?ref=137=kzoyml,1
https://instagram.com/wqreu/iknc/pdwlyetn/dnnnk.js?id=gbg5x,0
https://google.com/global_analytics.js/suyv/zijlgdiq,1
https://apple.com/fusion/lucid/data/*/xfffzu,1
https://microsoft.com/ndsmxl/bzijc?id=1g4or&q=1fqnz,0
https://apple.com/crypta.js,1
https://cloudflare.com/GoogleAnalystics.js/qiyzc,1
https://wikipedia.org/log?id=/pzaupt/jey,1
https://linkedin.com/base/es5/bundle.js,1
https://cloudflare.com/ieo,0
https://microsoft.com/syfzmnjt?page=fm3ai&theme=r67bd,0
https://apple.com/rdpstjip.css,0
https://google.com/kkc.png,0
https://facebook.com/webtraxs.js,1
https://linkedin.com/ph-tracking-1.2.js,1
https://instagram.com/hgfj/zklsj,0
https://twitter.com/visitcounter.do,1
https://cdn.shopify.com/vqfybvt/xbajj,0
https://linkedin.com/amp/analytics/zdfyd/qgl,1
https://adobe.com/itago/lltidf/pso,0
https://youtube.com/gcjinstj/jzphdx?id=n1nbq&view=isbk3,0
https://twitter.com/analytics-helper.js,1
https://_trackWebtrekkEvents./isop?utm_023=aicnrp,1
https://wikipedia.org/kafwiife/aegralo,0
https://instagram.com/google-nielsen-analytics.js/hcr/znn,1
https://amazon.com/ltbagjs.js?id=6mrfa,0
https://apple.com/jaensszx/jamsab/hjfpiajr.svg,0
https://apple.com/stats/collect?/ahgddroq/qjq,1
https://apple.com/aliwgdo.svg?q=iyp2h,0
https://wikipedia.org/fbfl/aunkxyaz,0
https://youtube.com/mjvwxnk/mwdgnjrx/qgy/wfwnz.ico?view=yn3qs&q=ip9qq,0
https://instagram.com/qlu/znkb/dbz/llubu,0
https://facebook.com/tracklib.min.js,1
https://netflix.com/gtagv4.js/vlzr/yxixlguk,1
https://instagram.com/log/init?/tof,1
https://cloudflare.com/nukae/inxfyp/vqfxivkq.css?page=xg5he&q=4izr2,0
https://facebook.com/newrelic-browser.js/nzvap,1
https://apple.com/agbakjpf/fcpzufqg,0
https://wikipedia.org/yuzwr/qxss,0
https://microsoft.com/dyhyhfhy.svg,0
https://adobe.com/ndlbnh/bto/ajgbyr/vjerwv,0
https://cloudflare.com/erllfwmi/jkx/zgv/tts.ico,0
https://google.com/tsqteivj/wxqnyuz/ysbvxnc.svg?id=98lgt&lang=x1ivz,0
https://wikipedia.org/qqaic/rwh/irn,0
https://instagram.com/api_adlog.php?,1
https://netflix.com/wnqssyzy/ldnyidvl/dswxs?lang=lhiog,0
https://netflix.com/urgqjke.jpg,0
https://wikipedia.org/riveted.min.js/rqfnvhv,1
https://cloudflare.com/uzcimseb/leqq/acf,0
https://microsoft.com/bduqfg/stzyhvq,0
https://instagram.com/herqluj/vcg.jpg,0
https://cloudflare.com/smyugmcr/hmnbcqla/lnb.css,0
https://cdn.shopify.com/lierv/kjvpsgw/mye/izuzfg.css,0
https://.php?stats=/zhie/nyacd/orgkjtp?sessionid021=nrdosr&utm_590=hsqcrw&campaign954=ijsqjz,1
https://###cxense-recs-in-article/sgltm?utm_672=ybpulc,1
https://netflix.com/nhaf/icyyzot/yupzkyx/qrb?q=rzn2m,0
https://instagram.com/rchwi/koigkyv/dthtim.css?id=agseh&view=l7ylf,0
https://cloudflare.com/zourxfw/lcadh/pombxj/ogcts.woff2,0
https://wikipedia.org/solarcode.js,1
https://instagram.com/btvke.woff2,0
https://linkedin.com/xitd/jkjnssj.jpg?q=lyuy2&q=118im,0
https://google.com/bffdp/xnabovl/klvkwedx?q=4h4ii,0
https://&action=js_stats/rqjhsljb/xpw/uoomeee?affiliate510=xghhfx,1
https://linkedin.com/tpwmhcej/oaod/znxwkbom,0
https://linkedin.com/coretracking.php?/xsqyqhv,1
https://google.com/vvxtru.js,0
https://facebook.com/nrpzkb.js,0
https://apple.com/lwlulto/mzizfk/qjksq/iuajmozb.png,0
https://facebook.com/gxorvd/ruzajqce.svg,0
https://wikipedia.org/mafxu/zkihm/zjpf.svg,0
https://youtube.com/etxuwq/cmrxqb/uds.jpg?theme=qutgx,0
https://amazon.com/retarget_pixel.php,1
https://twitter.com/frbc/huvnm/kjxnelcy,0
https://wikipedia.org/hlv/izwyazim.png,0
https://facebook.com/kgzpqogf/ibwv?lang=tgi3v&page=1a8hg,0
https://twitter.com/vbrh/rre?theme=fwoc9&id=xzxu0,0
https://netflix.com/AppMeasurement_Module_ActivityMap.min.js,1
https://wikipedia.org/iock,0
https://linkedin.com/leeozpv/axol?q=nemlx&view=2a80g,0
https://adobe.com/yljl.css,0
https://cloudflare.com/ujvgbog/mflmyq/orswqlw/tjamyc.png,0
https://netflix.com/i2a.js/fnampv/ntew,1
https://linkedin.com/vtrack.aspx,1
https://amazon.com/vycwwe/bua,0
https://wikipedia.org/vtaqv?page=xicbb,0
https://cloudflare.com/hrnthod/vwrdww.css,0
https://linkedin.com/ajzf/iroz/fkhb/mope.js,0
https://cdn.shopify.com/vnecu.ico?lang=n78fg,0
https://adobe.com/deckh/dxiwhp/auwe,0
https://linkedin.com/xlmdrmh.ico?lang=r3g99&page=trl2u,0
https://facebook.com/pdqlk?lang=w23xk,0
https://cloudflare.com/analytics/dist/analytics.min.js/kfqsu/mjoo,1
https://youtube.com/CaptureStat.asmx/dapmky/cqe,1
https://_webanalytics./tjjawc/yrx?ref=526=lwtcog,1
https://cloudflare.com/stataffs/track.php?/xlkokkrc/abnw,1
https://linkedin.com/mint/?js/qajna/yhalgdsh,1
https://linkedin.com/acounter.php?/iiima/vddtrz,1
https://cloudflare.com/jptouqz/tzos/hijqcgip.svg?page=1p2h9,0
https://netflix.com/uspygg.js?id=1daq6,0
https://instagram.com/z.gif?,1
https://youtube.com/cnz/nlwif,0
https://twitter.com/lwzg/uog/tavfrl/cbzpit,0
https://wikipedia.org/uyjnvt/iyn.svg,0
https://netflix.com/plh.ico,0
https://.php?ping=/yed/ohyyp/jzupw?utm_222=lwacgl&ref=014=wjejwy&utm_075=varexe,1
https://instagram.com/plbfdbd/cluv/tzjb.svg,0
https://reddit.com/kgswbk/dnlvuzqw/puzc/fmlqxia.woff2?id=rzeyj&lang=lnvqy,0
https://netflix.com/mlwvr.jpg,0
https://facebook.com/aorhqss.svg?view=hy646&id=8ztmj,0
https://amazon.com/bntchj/qtb.woff2,0
https://google.com/TouchClarity.js,1
https://instagram.com/comscore_pageview,1
https://cloudflare.com/dcs_tag.js,1
https://adobe.com/ibhkffz,0
https://linkedin.com/ivu/jjqep/bphcith.css,0
https://facebook.com/wuqmy/idrumkr/reow.svg,0
https://google.com/pxtrack.js/srkz,1
https://google.com/visitcounter.js/tipqz,1
https://adobe.com/qckb.ico,0
https://instagram.com/nbzums/vuaz.ico?theme=7p6a3&lang=18alp,0
https://microsoft.com/fp/ls_fp.,1
https://apple.com/sitsud.svg,0
https://adobe.com/dtxmeeiz.woff2?q=8zxt9&view=j7cpe,0
https://apple.com/ulsflzp/euut/ljguff/xxv?q=18agb&lang=sbmio,0
https://adobe.com/xqfhplck/vkfycxk/ixln/qjzx.js,0
https://netflix.com/analytics/abtest/*/furwub/jzzwa,1
https://twitter.com/pkvw.svg?view=74wx3,0
https://instagram.com/addpageview/*/oesezo,1
https://amazon.com/kfknjx/ccvtzxup.ico,0
https://amazon.com/bvuiz/ioscc,0
https://cloudflare.com/dygr/wjrjcd/sbygqnzi.png?lang=5tpxj,0
https://?action=impression&/rwimyq/svpkdrhz?campaign264=ijkgeu&campaign632=pweval&affiliate073=difqfc,1
https://adobe.com/mkkp/rlbvdd/pbse/wztmnt,0
https://google.com/wzs?theme=dxtmx&theme=2qt5y,0
https://instagram.com/vstat.php/xpzp/hip,1
https://facebook.com/cww/pugi/byougpex,0
https://reddit.com/tfyep/adyri.ico?page=cs6q9,0
https://cdn.shopify.com/usak.js,0
https://wikipedia.org/TrackPageview?/gtsbzs,1
https://amazon.com/gatracking.js/wbkjs/srtsvbx,1
https://netflix.com/aggbug.aspx?/mzdvctp/oflp,1
https://wikipedia.org/visitcounter.do/uzi/daxly,1
https://microsoft.com/stwc/code.js/fvvm,1
https://facebook.com/xefgvm/tdj/osnuyjt/erkopi.js,0
https://reddit.com/fnd/hzztf/gqmk/spkjjlr,0
https://cdn.shopify.com/uii.js,0
https://linkedin.com/mjxvslk/odcyrm/ljg/vmakrpcr.css,0
https://apple.com/hep/mpf/bjw.png,0
https://youtube.com/pixels.jsp?,1
https://youtube.com/angular-tag.js,1
https://cloudflare.com/adblockLogger/*/uilpy,1
https://microsoft.com/mkl/gwqpac,0
https://netflix.com/pageviews.gif?,1
https://cdn.shopify.com/qcbjfbv/rfndjp/qcijlu,0
https://microsoft.com/onfuhxxm/klavhizx/cfgfgc/vjqferg.css,0
https://cloudflare.com/bzcejj/rywyvuoe.js,0
https://facebook.com/fndaylqq/pgnn/aajyvtow.ico,0
https://reddit.com/oegm/gvqa/ubzunv?id=lv3mk&view=bso3d,0
https://&hitType=pageview&/zap?affiliate511=voganv,1
https://cdn.shopify.com/hnk/axeared/iozdyowz/ipdiwgsc.png,0
https://microsoft.com/fwff.jpg,0
https://adobe.com/bgrxwr/bmeou.ico?id=2kle2&view=r9lvu,0
https://microsoft.com/pmdya/ksnbk/mtkft.svg,0
https://instagram.com/nkt/oohyxip.ico?view=bgh7f,0
https://.sharecounter.$third-party/yxfb/nhqxiuf?affiliate870=iwqgwn&affiliate236=uzwmld&ref=432=tisohv,1
https://reddit.com/atgpi.ico,0
https://wikipedia.org/shaevhop/srwnortz/mzkjmybi.ico,0
https://adobe.com/dqch/yhplvxe,0
https://linkedin.com/spttz/mrhbhli/tgsxfvw,0
https://adobe.com/postcounter.php?,1
https://microsoft.com/cozwimrp/qxmemwc/eroygc/peqndot.png?view=weiua&page=2r66z,0
https://linkedin.com/KenticoActivityLogger/Logger.js/fvg,1
https://adobe.com/softclick.js/jxaqthsk/mmq,1
https://apple.com/ajax-hits-counter/increment-hits/index.php/lnia,1
https://apple.com/ga_tracker.js/gzcpqyj/neat,1
https://instagram.com/cdn-cgi/beacon/*/xjblokd,1
https://apple.com/sakm/nzwzijf/ljsr/oftl?theme=isode,0
https://cloudflare.com/user-context?referrer=/yan,1
https://google.com/efxcy.css?q=x8xxq&id=j6rcd,0
https://cloudflare.com/emos2.js,1
https://apple.com/dfs/oqma.ico,0
https://microsoft.com/wdrpxmay/xwk/ine,0
https://wikipedia.org/sentry-browser.min.js,1
https://linkedin.com/rvrd.png,0
https://.gif?Log=/zop?utm_863=xaslky&campaign164=bjjkst&affiliate660=xpyoul,1
https://twitter.com/bfhyghk/grcmzsh/hjy/fzqixn.css,0
https://netflix.com/klg/her/xdenqog/oahkfoli.woff2,0
https://adobe.com/fypluu/eevhnhr/xnaee.jpg?theme=c5u5f,0
https://cloudflare.com/Events/Impression?/cihtvp/vvpsjrqh,1
https://facebook.com.com/g.gif?/afvbxoc/gjyrsuoo,1
https://amazon.com/tasrlcks.css?theme=79q7r,0
https://amazon.com/bpfm/arjqh/dufkqw.png?theme=2u5l5,0
https://.php?p=stats&/pzyestr/esyldk?sessionid010=uwnbzt&cid706=cydqdp,1
https://youtube.com/uvseilx,0
https://wikipedia.org/jtmpc.ico,0
https://netflix.com/lruadji.js,0
https://cloudflare.com/tctkrtbm/eqx/exra.js,0
https://wikipedia.org/Hit.ashx?/dlmjhoo,1
https://cdn.shopify.com/mmcore.js,1
https://microsoft.com/sao/ghwcava,0
https://twitter.com/dpxhmm/uwansl/sdtay/oqyi.png,0
https://microsoft.com/emos2.js,1
https://youtube.com/zwrcpy/qzebjrt,0
https://twitter.com/xwuqplg/was/wexqhllf,0
https://youtube.com/eventLogServlet?/cjb/jqijjehu,1
https://youtube.com/ovxhqic.png,0
https://cloudflare.com/fpcookie?/nedto/jkcwfhem,1
https://reddit.com/pvnb/iuw/boacxhl.js,0
https://cdn.shopify.com/elhzeult/hlvk/zet.svg,0
https://apple.com/sqcslzvp/ihzvrtta/btjikkcn.svg,0
https://linkedin.com/chicken.gif?*=/nxqqmp,1
https://cloudflare.com/bphda.jpg,0
https://twitter.com/jxxku/zjfxb.css,0
https://cdn.shopify.com/peach-collector.min.js/bmrlvqdx,1
https://microsoft.com/DynamicAnalytics.js/cohiufpn/bjbw,1
https://cdn.shopify.com/rwpxba/tkqjevdu/tkza/oyeeb?id=yzbrs&theme=dqddx,0
https://google.com/hwpvw/sfjcbxn/ssijc/pkcbglgt,0
https://amazon.com/zjod/mydbpp/tkagz.ico?lang=2of75,0
https://instagram.com/uubwejo/biyr/umr/fcfpak.js,0
https://cloudflare.com/exmdq/ygtn/elhqf/epq.css,0
https://microsoft.com/z.gif?/trrbhvny/slzhd,1
https://wikipedia.org/wbklypb/tgviuqme/fnzmnhrq/stkior.png,0
https://wikipedia.org/ysvbhf/nme.png,0
https://google.com/jkb/qhxnqfdo,0
https://adobe.com/ymrzp/zrfczt/lhzxadji/uugywd.css,0
https://wikipedia.org/beeg/hzhe/bbrfwfgw/gqusnnb,0
https://wikipedia.org/counter?id=,1
https://facebook.com/exc/xmjjzqhr/ybnxjn.woff2?page=6sw3o,0
https://facebook.com/wzuz/yfjjofey/ibyycx/kesqymxv.css,0
https://facebook.com/cppjpjby/lahwroyd/fdhasi.svg,0
https://google.com/vzluujz/prqixzo,0
https://twitter.com/zsafh/ymzxw/boka/progwm?theme=1vua5&theme=yp6xn,0
https://amazon.com/vmfne/hhv/zttx/yrzng.jpg,0
https://youtube.com_rpc/log?/oeyy/lhae,1
https://instagram.com/jlb/ojsnpbz/nsp/cramttw.ico?view=cywps,0
https://twitter.com/gb-tracker-client-3.min.js/xbrekf,1
https://cdn.shopify.com/rollbar.js,1
https://microsoft.com/atrk.js/ukixb,1
https://facebook.com/tfzteqbb/qsnextbz/ohjf/dae?page=3kly0,0
https://adobe.com/nvfoingj/mbwkdv.svg,0
https://apple.com/ouh/yzfenl/hrqyyjg/lwtm.js,0
https://instagram.com/degog/jlh/xyr/vkmn.png,0
https://amazon.com/xda/vrfjuh.ico,0
https://linkedin.com/poemewg/vcwp/dkdgeg/qteatci.png,0
https://cdn.shopify.com/ltmjhm/vgafo/lng/unvczchg.js,0
https://facebook.com/stwc/code.js/mfrkhiy/zyy,1
https://.php?ping=/lzlsfe/adbooc/ozsf?cid312=vpsyli&ref=788=sjiwry&sessionid039=bhoswi,1
https://twitter.com/adobeanalytics.js/tzerobo,1
https://amazon.com/ltko/guwxpz/nlmoenaj/ijhi.svg,0
https://netflix.com/qapcore.js/hssjk,1
https://facebook.com/vvoe/wtjuxji/ggjdelyx/wbuysjl,0
https://microsoft.com/iMAWebCookie.js,1
https://facebook.com/wa_tracker.js/jbs,1
https://microsoft.com/xar/hzqvdnht.svg?id=fimac,0
https://youtube.com/smg_tracking/js/onthe.io.js,1
https://-tracking-pixel./mylt/totos/uluw?sessionid664=ixaqqt&affiliate513=vbofyj,1
https://instagram.com/wpykdhce?lang=x3bll,0
https://google.com/ent_counter?,1
https://twitter.com/kcliadky/hqz/xtoqe.png,0
https://google.com/agre/tnl.js,0
https://cloudflare.com/ebnbjq/wngcqkyh/lnrw.jpg,0
https://cdn.shopify.com/sensor.modern.ncl.min.js,1
https://amazon.com/ulhby.ico,0
https://microsoft.com/kngcp/wfgutvw/tfm/nsk,0
https://cloudflare.com/zlzb.ico?q=iq32t,0
https://cloudflare.com/gsqgdod/aayke/aovex/bnngzhj.ico,0
https://amazon.com/xrqp/hsafinfn.woff2?q=x3fpq,0
https://facebook.com/ga-tracking.min.js/rczk/gsvafts,1
https://wikipedia.org/zyvt/igmhunb/wsyqybs.svg,0
https://apple.com/udb/zygjchrr.woff2?page=b2y67&id=34ohi,0
https://amazon.com/ImpressionsEvent.js,1
https://wikipedia.org/track/pageviews/*/fujxa/krac,1
https://instagram.com/wrkgrz.js,0
https://google.com/dvhgite/nbvz/kkry/dkr.js?theme=ewgjr,0
https://amazon.com/yucfzpsm/prb.jpg?lang=ytp0g&view=5xtvc,0
https://amazon.com/ckk.js,0
https://youtube.com/taboola.js,1
https://reddit.com/wcuyuui.css,0
https://linkedin.com/fmnm/kjpqaptc/wyck/birvgg.ico,0
https://amazon.com/eflwhs/nuuz.ico?q=oc2jc,0
https://instagram.com/ymqgnd/epmukks/ysccmcr/iwk.ico?view=j53n5&q=0mx4b,0
https://facebook.com/xirfajov/unadgqz/elqyf/yeo.png?theme=5rjit&lang=qv2cu,0
https://twitter.com/cqb/zittpjg/dsc.jpg,0
https://reddit.com/zzhot.jpg,0
https://amazon.com/tracker.gif?/bkvhy/odezmmq,1
https://.v4.analytics./wyiocbi/bxawq?affiliate577=widkko,1
https://apple.com/fkhoftz.ico,0
https://facebook.com/qcemppeo/whorxofn/awpn/uccy.js?view=xl8xp&view=8c9q2,0
https://instagram.com/rm-gtm-google-analytics-for-wordpress/js/gtm-player.js,1
https://twitter.com/eluminate?/wvetluy,1
https://.php?stats=/bmbzpi/cfm?utm_149=qmgghi,1
https://wikipedia.org/stats?object/joo,1
https://microsoft.com/bqqty/reglbr.ico,0
https://facebook.com/zite/oeqn/zknjpj?view=jehlp&view=xxjff,0
https://netflix.com/kzdf/lyo/yaomwb/eckosot.svg,0
https://twitter.com/pohdvw/ktfsqcba.svg,0
https://microsoft.com/atatus.js/zquw/ijnmxcm,1
https://facebook.com/get_geoip?/szunrip/ujbazhs,1
https://instagram.com/wuod.jpg?view=jh9kh&q=5damr,0
https://twitter.com/ulhqmxil/djief.ico?lang=gp7zc&view=suow1,0
https://amazon.com/qmlyb/xyoydru/lfizv/qqiay,0
https://amazon.com/pkrko/aghykt/ibolnqgs.png?q=w4e00,0
https://netflix.com/rfs/vmwcrwjg/peoumyqc.svg,0
https://cloudflare.com/pkokntrm/ntsu/rji?q=m203e,0
https://wikipedia.org/rfrihp/ajjzuujl/yejnh,0
https://amazon.com/HitCounter.,1
https://cloudflare.com/adbhsaef/wepnhp.jpg?lang=3d6o8,0
https://google.com/yuzovs/aluw/ejdtt/uvjjdn.js,0
https://instagram.com/ovzzimew/qzunbyil/yvntne.js,0
https://instagram.com/bugcounter.php?,1
https://adobe.com/zzml/ckasc/mmo/myic.css,0
https://twitter.com/fhx,0
https://amazon.com/mssso/rppa/rgly/iwzn,0
https://?[AQB]&ndh=1&t=/bkonk/pkgkht?sessionid375=chkqnt&affiliate948=zdkwbt,1
https://apple.com/fgajoqjk/hxg/xau.woff2,0
https://twitter.com/qhqltf/cauyh/cthvl/rjwaeem.woff2,0
https://?logType=trackEvent&/ysyus/idw/ksamauth?utm_664=lbxzer&campaign913=nomgfn,1
https://adobe.com/logImpressions?,1
https://twitter.com/kwasl.css,0
https://adobe.com/qukiedej.css,0
https://adobe.com/mpf/akfvcg.png,0
https://google.com/xfquc/nvdyltn.woff2,0
https://apple.com/cnstats.js/xynb/vvfikbhp,1
https://amazon.com/gsadybee/mekw/tdqonuyd.woff2,0
https://google.com/php-stats.phpjs.php?/tci/mjhhtkm,1
https://twitter.com/vwv/plyxevy,0
https://adobe.com://analytics.*/page_entry,1
https://-didomi.js/hve?utm_670=kqmodq&campaign418=smoejn&sessionid021=fhmteo,1
https://cloudflare.com/mpvvngw/vny/yrjnwarr/orhoi.woff2?id=7qe9c&lang=5qfb5,0
https://youtube.com/bnb/fjmlmz.js,0
https://youtube.com/rum/events/gxbuldwu/hobwlk,1
https://cdn.shopify.com/xgemius.js,1
https://twitter.com/bpb.jpg,0
https://microsoft.com/gs-analytics.js/doel,1
https://instagram.com/AppMeasurementCustom.min.js/putcyrls,1
https://twitter.com/gatrack.js/vtlhro/gky,1
https://reddit.com/hmkdaes/pbxtf/efagwd,0
https://reddit.com/trbo.js/def,1
https://google.com/vath.jpg,0
https://apple.com/ukgxb/dpdm/lid.jpg,0
https://google.com/bhgl/fzll/moitwv/hoovdybt,0
https://wikipedia.org/pushly-sdk.min.js,1
https://linkedin.com/prmwbd/frutpva/hdtkh.png,0
https://reddit.com/logview_new.js,1
https://microsoft.com/ddflhicx,0
https://linkedin.com/zlmnkahv/lui/ozczwt,0
https://reddit.com/njjl/nvmn.ico,0
https://amazon.com/tking/ajax_track_stats?/eyw,1
https://netflix.com/wfjtwcb.svg,0
https://linkedin.com/fiv.png?lang=5oz5o&view=mpqu4,0
https://linkedin.com/tctbmig/cwhv/boxymbjj/excag.js,0
https://cdn.shopify.com/ohqvebm/qdvi/dcikddxe.css?q=piyec,0
https://linkedin.com/pajxibh/dbnliag/azmmmm/jntyre,0
https://wikipedia.org/tvmqbnm/tazdjxfr/qiwzpn.jpg?q=hvtm8&lang=6xtdv,0
https://instagram.com/lzghrhss.svg,0
https://facebook.com/fpqcycqg.css?page=1x1ku,0
https://linkedin.com/pflmbez.js,0
https://amazon.com/hds/rrdy/lohyz.woff2,0
https://reddit.com/hlmf/oofekm/vxncdp.css,0
https://reddit.com/cglkqds/ndd/fuv,0
https://linkedin.com/tskfg/qzqcirfe/tenc/sirrcz.js,0
https://cloudflare.com/at.gif?,1
https://linkedin.com/nmfr/dnusaxz/tpxayac/givhcv.png,0
https://google.com/xpdkk/amnef.ico,0
https://-didomi.js/yqkvtmq/mmtgiqa/quwzso?ref=680=spqxtx,1
https://google.com/rt_tag.ofs.js/acsdwj/fbtdxzbt,1
https://cdn.shopify.com/nadmb.js,0
https://instagram.com/bkfp/pfmbigl.woff2,0
https://linkedin.com/youtubeVideoAnalytic.js/hsnzts/zrwgp,1
https://microsoft.com/ptjavr/dwgybml.jpg,0
https://youtube.com/server.php?request=track&output=/bgwfnc/ygipvu,1
https://microsoft.com/asntpj/hoglp/dhuraqcp.css,0
https://google.com/tracker.ga./qkcjga,1
https://netflix.com/flowzsg.png,0
https://google.com/gaCustom.js/sayzrp/cdmrtxsl,1
https://apple.com/dsisl/ezkxdiqb/ezmvf/tmnffmrg.woff2?q=80a4t,0
https://linkedin.com/keuiuw/lqjholbr/uelbgd/ofvbeai.jpg,0
https://reddit.com/dzv/uejk.css?view=mt8n4,0
https://facebook.com/logging/log.do,1
https://apple.com://gtm.*.js?st=,1
https://?logType=impression&/lcvxcfd/tvujinvq/qllzthpt?cid734=vzblak&sessionid550=ippgwm,1
https://linkedin.com/irj/ecpr/rkf.css?id=0hlkt&page=lac6e,0
https://instagram.com/fggee.js,0
https://cdn.shopify.com/uopot/npqqful.woff2,0
https://linkedin.com/bloomreach.js,1
https://facebook.com/ydtfb/iktjfpo?theme=7dsl5&theme=sd8lz,0
https://netflix.com/retargeting-pixels.php,1
https://google.com/ehxrs/homrvs/nek.css,0
https://linkedin.com/jbth/brhi.css,0
https://instagram.com/weld/oos/bkaei.jpg?lang=vvslv&q=7qvc4,0
https://facebook.com/ciq/wcjpg/zohmrv/vao.svg,0
https://wikipedia.org/yyeb/howq/goe.jpg,0
https://youtube.com/log_e.php?id=,1
https://wikipedia.org/xlvpe/pmepxx,0
https://google.com/linkpulse.js/fefyhmb,1
https://youtube.com/devflmfe/bvbo/dxdzakm.ico,0
https://google.com/qaoqiqf/fixsglx/jenzrge.js,0
https://apple.com/ihc/nfoy/dir/luh.ico?view=36pk5&theme=qxi4j,0
https://cdn.shopify.com/zerck.jpg,0
https://cdn.shopify.com/pbcqgm/zbiq/elyoemaq,0
https://?event=performancelogger:/xrbhxv?affiliate288=wtwfbq&campaign163=oknshr&affiliate634=yqulgl,1
https://cdn.shopify.com/nebuyii.css?page=qir46&theme=ttc5i,0
https://microsoft.com/tvuu.woff2,0
https://amazon.com/vdnlacn/gpxom/qbc.png?lang=k63z7,0
https://microsoft.com/clb/hlaigsy/hxd.css?lang=x2u29,0
https://amazon.com/api_adlog.php?/bkoby/ufhydp,1
https://facebook.com/pghbb/nrpzvipu/ugilgqga/rumyp.css,0
https://facebook.com/zuxpw?page=w0jv3&lang=jco7d,0
https://wikipedia.org/wtvytq/vyyutku/embrye.svg?lang=1wptb,0
https://microsoft.com/eit/ihekixsz/bbfbttg.png,0
https://cdn.shopify.com/sjonv/omrhv/eklg,0
https://netflix.com/kyxpsx/cflhgjuq/wrck/sfyfdxm.jpg,0
https://microsoft.com/mbtdouj/nbuxbwe/obsm/oateq?q=616m2,0
https://amazon.com/qrxd/uiv/ddj/hfygyh.js?view=shgwl&view=ut31p,0
https://cdn.shopify.com/outbrainAd.,1
https://apple.com/ga-links.js/ozraxhwk,1
https://wikipedia.org/pnonbcbt/usugxalc/hmrjk.png,0
https://linkedin.com/etchgmg/pdzdgw/mdkwjda,0
https://reddit.com/vsm/avxvvmnq/khwi/shrn,0
https://microsoft.com/mgyw/dwosw/pxpnifqy,0
https://twitter.com/publitas-stats.js,1
https://facebook.com/lorazkc/fiyvyx.js,0
https://wikipedia.org/xplc/ivik.svg,0
https://apple.com/wutime-adblocktracker/*/qdoyd/geujw,1
https://wikipedia.org/ryza.jpg?q=47izi,0
https://youtube.com/nm/itracking?/tskp,1
https://amazon.com/lrbwcld/gltou/sdzew.jpg,0
https://cloudflare.com/ytwge/sdq/kks/ybkatng,0
https://netflix.com/cesmgnn.jpg,0
https://apple.com/vsjidzzw/ylv,0
https://twitter.com/slwnr/lajh/prjszqg/ccsslozg.woff2,0
https://cloudflare.com/sxlnbdy/manjsotb,0
https://apple.com/zlexqwjz.woff2,0
https://youtube.com/zsxxyr?lang=2xfqm&page=y38vi,0
https://netflix.com/sxhx,0
https://facebook.com/mswtrg/hzn/spi.svg,0
https://microsoft.com/qyf/mkjsxakx.png?theme=coctn,0
https://_view_pixel&$image/akcy/ylyhyxc?cid324=vgcuan,1
https://google.com/jbzbz/ldj.svg?theme=jqh6p,0
https://cloudflare.com/zcqxg/nrppl.png,0
https://cdn.shopify.com/vjh/wdemjur/btyj/nheorxq.woff2,0
https://wikipedia.org/akam/11/*/ebqrv/kynkdjc,1
https://twitter.com/tongji.js/ohejqtj/cbdpwwto,1
https://youtube.com/groas/mssfu/uvcli.js,0
https://instagram.com/hsc/trk/*,1
https://netflix.com/logger.dll/*/vdfed,1
https://adobe.com/trackVisit/*,1
https://cloudflare.com/wsryl/gzxqagyy/anw/zfvo.png,0
https://instagram.com/mhqp.woff2,0
https://wikipedia.org/qapcore.js/plakzsu/swwhu,1
https://apple.com/fzdmqx/cahkygw/xmwkgx/hwlzc.woff2?id=4l3y0&theme=c9sqb,0
https://adobe.com/icunzmgq/veyykyj/gbin?view=2tf21&view=1murr,0
https://google.com.svc/?tracking_id=/upczr,1
https://linkedin.com/eih/wgjrybl/fhn/lkwzo.png?id=wj98w,0
https://instagram.com/ktttr/oafko/habgx.js,0
https://apple.com/ucxmq/xlhatpcd?view=6fd96&id=xjupz,0
https://instagram.com/kypm.jpg,0
https://_trackWebtrekkEvents./ellyuj/zolxkczf?sessionid336=mjuzmm&sessionid144=wjfzey&sessionid662=zacyjf,1
https://reddit.com/woyessy/mrur/usw/axlvwo,0
https://reddit.com/lxpsrcvs.jpg,0
https://microsoft.com/sgfbh.jpg?view=mbzdq&theme=udnw4,0
https://wikipedia.org/fbru/higrwy?view=7zj8h,0
https://facebook.com/kkdtuldz/hqwargp/mnzr/ksspeils.ico,0
https://adobe.com/qqodtxo/uvmveu/rbxtpvl.js,0
https://google.com/analytics/searches?,1
https://netflix.com/sslz/axctuz/yso.js?page=3iwkn&theme=fmw6e,0
https://amazon.com/zsn/ajbfco.js,0
https://cloudflare.com/tracking_unitary/*/yqf,1
https://google.com/bstat.js/hiv,1
https://google.com/whxwyfu.png,0
https://youtube.com/esvqy/ayh/ybqrycq.woff2,0
https://adobe.com/s_trans.gif?/phzrfnpl,1
https://cloudflare.com/tnwy.woff2,0
https://wikipedia.org/event?eventType=/pbnun/bblk,1
https://adobe.com/px.gif?/nqp,1
https://linkedin.com/triggertag.js/rilgv,1
https://facebook.com/ujq/hseq/czwdy/bxlma.js,0
https://microsoft.com/sxgpriz/jerd/gbtfwu,0
https://wikipedia.org/Counter.ashx?,1
https://_stat.php?referer=/the/tvu?utm_075=cbfzge&sessionid688=utyofu&campaign075=dlvyni,1
https://cloudflare.com/ktnc/dbclznhg/qpbjcw.js,0
https://facebook.com/dtm_cm.js,1
https://cdn.shopify.com/sbruh,0
https://google.com/analytics/embed/*/favegrc/duzsa,1
https://apple.com/bluekai.js/ikbwnmk,1
https://youtube.com/nerz/etijvkzq,0
https://reddit.com/djz.woff2,0
https://reddit.com/roamsf.jpg,0
https://reddit.com/stats?ev=/pbzw/jiezuoka,1
https://twitter.com/iutm/licapl/zakcyg/ennqkrml.png,0
https://cloudflare.com/ewfyt/ieqgu,0
https://google.com/collect/view?/bnidw,1
https://adobe.com/avddmhv/ugdvefve/zgssgb,0
https://facebook.com/confiant.js/cllhuh/fgu,1
https://microsoft.com/vseru/frixmxo/fppunu/dceiik?id=dtzwq&lang=pwfao,0
https://twitter.com/qcnpvv/myr/yego,0
https://wikipedia.org/czzecgnw.jpg,0
https://google.com/yejqhscu.jpg,0
https://twitter.com/guqljzw/bervjfhm.woff2,0
https://linkedin.com/xiumbrtk.svg?q=97iqz&q=enrc3,0
https://microsoft.com/rbllk/cirt/wnb/vpq.ico?lang=lawk0&view=61smn,0
https://microsoft.com/padjwtwf/xqmonjaj/ckan/fvltmu.css,0
https://facebook.com/sgiwkxc/hcludky.jpg?page=jct05&page=uefx1,0
https://wikipedia.org/stats/api/event/vecnt/qar,1
https://netflix.com/lgqafk/hervkdo/urvhgx/uabiipxr.ico,0
https://google.com/fmxvr/qihwx/lfb.jpg,0
https://apple.com/vpe/zsgq/xlcgd.svg,0
https://cloudflare.com/new-relic.min.js,1
https://linkedin.com/hvocms.svg,0
https://cloudflare.com/wxhawkeye.js,1
https://wikipedia.org/action/analytics/qeihtgxf/wpbye,1
https://adobe.com/wny.woff2,0
https://reddit.com/mfxx/fjo/jrtiqj.svg,0
https://amazon.com/swlapi/stats|/yhmatcn/vxrdpz,1
https://amazon.com/xinhua_webdig.js/iak/eehr,1
https://youtube.com/spcnrk,0
https://cloudflare.com/oto/qaofku/rxzzi/dxwhg.png,0
https://wikipedia.org/dtdoypg/akhblmab/rfu.png,0
https://facebook.com/fe_logger?/rtaeqqit/mpqrrzr,1
https://instagram.com/qbwwhg/cwteil/vtwlmw/jdb.svg?page=fplj1,0
https://apple.com/sbd/mgjwlca/vaomzn,0
https://amazon.com/ysiytjk/nalwtgc/gehuyjd/oeeutw.ico,0
https://google.com/qcec.svg,0
https://google.com/storefront.google-analytics-4.min.js/wqw,1
https://adobe.com/qottdrf/zxnpgj.svg,0
https://google.com/jvhndicz/vcgchvgz/dlhcrzei/lahzowx?q=mo499&lang=091u9,0
https://cdn.shopify.com/rwtag.js/ydt,1
https://twitter.com/page-addviews?,1
https://apple.com/pv_count.php,1
https://reddit.com/pinterest-pixels.js/swhtrvb/ikob,1
https://apple.com/qrhtdm/mdldc/sdx.woff2?view=uh4xi&theme=a6gch,0
https://instagram.com/i2a.js,1
https://adobe.com/ayevnnad/twymt/eup/rasjfz.woff2,0
https://instagram.com/tgc/jyiq/jbljbol/bgagvw.svg?id=nzg2u,0
https://reddit.com/kdxw/bfr/bhqzbd.woff2,0
https://amazon.com/mnt/imp?,1
https://wikipedia.org/google_analytics4.js,1
https://cdn.shopify.com/rveythio/czjcxcf/xir/lexmlceq.jpg,0
https://google.com/biuh/qsrl/zgjybiyt/zwxcwfe.ico,0
https://netflix.com/qosxbed.css,0
https://google.com/google/analytics.js/hyvva,1
https://facebook.com/px/client/main.min.js/cwzpciie/rxbadw,1
https://amazon.com/tvzat/zsqdj/lhdryzab.svg,0
https://wikipedia.org/event-tracking/*$domain=~github.com,1
https://wikipedia.org/wqh/ijmyc/mcmcf/fjexh,0
https://amazon.com/fkrxg.ico,0
https://youtube.com/swlapi/stats|,1
https://google.com/opentag/*/mamgr,1
https://adobe.com/eczz/zobgmac.png,0
https://cdn.shopify.com/snt/eax/whwgl/byxs,0
https://facebook.com/nalbnc/bhacy/dazzda?page=u94aj,0
https://.php?tracking=/xjib/myticd/vpxgdrs?affiliate275=okxfch&campaign002=ptqocl&ref=524=klwuyy,1
https://microsoft.com/rpn.jpg,0
https://_social_tracking.js/epshw/cskd/wcq?utm_250=fkvilk,1
https://reddit.com/oimigtlu/mfit/jvdsfx.woff2,0
https://microsoft.com/uqoo/jhmcpv/jfpk.js,0
https://wikipedia.org/track.srv./lsuaigi/zex,1
https://twitter.com/tracking/ipify,1
https://google.com/gnzmq/kgr/wth/ldiuqb.js,0
https://-tracking-pixel./twnsl/tvzwi?utm_605=nclymi,1
https://linkedin.com/zdbkmudu/cap.jpg,0
https://reddit.com/oyvc/oobehhsy/wpzxln,0
https://?action=impression&/almgsmho/tzd/zyamo?sessionid792=fgodso&utm_418=wutuqn,1
https://_webanalytics./yyjutm/bhqmal/vhqa?cid715=nuykud&utm_595=eyzcnd,1
https://twitter.com/pixelcounter.$domain=~pixelcounter.co.uk|~pixelcounter.com|~pixelcounter.dev|~pixelcounter.org|~pixelcounters.co.uk|~pixelcounters.uk/trke/xdnfeo,1
https://twitter.com/hioct/qowgfcwi.woff2,0
https://apple.com/report_ga_events/*,1
https://twitter.com/log.jsp?/xwjuxej,1
https://twitter.com/pageviews.php?type=/jlwwwcdy/knpz,1
https://cdn.shopify.com/cmug/rcxal.png,0
https://instagram.com/jfdu/ufwyspru/wvhb.jpg,0
https://linkedin.com/eswqx/fdgaow.css,0
https://cdn.shopify.com/ufwmns.js,0
https://apple.com/tc_analytics.js,1
https://cloudflare.com/qvfgwlng/gusfvw/yfqchtqk/wzdxbqf.js,0
https://cloudflare.com/iay/rqvks/qvfreyo?page=cawpn,0
https://cdn.shopify.com/logPerf?/flbxz/gikjyrf,1
https://wikipedia.org/iejjuygr/kbdiqf/ftq/vbv.css?id=rva52&lang=sm37y,0
https://instagram.com/ork/qqkl/uddx/hniht.jpg,0
https://youtube.com/performance/metrics,1
https://cdn.shopify.com/ymi.png,0
https://cdn.shopify.com/yhey/mowfduel.svg?lang=v8biq,0
https://cloudflare.com/kgg/wlfrcbqf.woff2,0
https://cloudflare.com/hfvat/utqqd/vvpgtcjk.woff2,0
https://.beacon.min.js/emns?campaign824=kjbodh,1
https://reddit.com/ozvsbdr/zffcddp/buo,0
https://instagram.com/pxl.cgi?/kzwfe,1
https://?pageviews=$third-party/dfimskw/uhgez?sessionid543=teuako,1
https://youtube.com/stats/bezoek_count.php,1
https://google.com/mrflbg/iomekgng/kibtrtr/xvlo.jpg?lang=wtl7r,0
https://adobe.com/oapot/bvqwsz.png,0
https://reddit.com/vifiqt/ixh/oxe,0
https://reddit.com/bgvltoa/hsx/tgkging/xzklwqx.jpg,0
https://cloudflare.com/trade/in.php?*&ref=,1
https://cdn.shopify.com/nunpiori/cyx/lxkjohi.svg,0
https://instagram.com/ouibounce.min.js/ptixoyam,1
https://adobe.com/log/pageview/qcaij,1
https://cloudflare.com/api/log-visit,1
https://facebook.com/GoogleAnalytics?utmac=/pbw/xmztiz,1
https://youtube.com/sync?visitor_id=/eqbsxmbc,1
https://?logType=impression&/llobhhv/anpyvdt?ref=906=iphjjf&affiliate444=wtcapz,1
https://apple.com/ygjh/leymck/bigk.js,0
https://youtube.com/ysfcpu/gnzwvn/xtlvja.png,0
https://facebook.com/pmz/ftbbkkg/bad/fddxle.woff2?theme=ibp6w&q=2yku4,0
https://facebook.com/zkas.woff2,0
https://amazon.com/lstepf/kmo/ccmpelmj/vznr,0
https://netflix.com/llb/ujw/nwwhjmvn.css?page=ccl8d&view=5ebn9,0
https://adobe.com/cgi-bin/ctn?/ksnjz,1
https://adobe.com/efngv/lyn/ipqumzqa/rbjssvk.svg,0
https://cdn.shopify.com/dpjabgxt/huogbvkc/vczswfi,0
https://wikipedia.org/hbyhz?theme=pwbqs,0
https://google.com/ofon?id=ci9fq&id=6p3kg,0
https://apple.com/vqndju/ybczijm.png?theme=nwrqi,0
https://amazon.com/ujs/ixysi.png,0
https://twitter.com/wp-json/iawp/*/qxfjsxn,1
https://youtube.com/nsyskb/fgzreewj/zzcfhz.ico,0
https://.php?stats=/ryxx/bjau/nkp?ref=354=tizmlo,1
https://netflix.com/yarkjbkd/sflz/rbyb/drmj?q=zkuip&id=uzold,0
https://google.com/cnstats.js,1
https://wikipedia.org/tvfosfxf/pycn/bmxxknl/pbgo.png?lang=1p4l9&view=eyt1r,0
https://microsoft.com/nurvm/diabzh.svg,0
https://linkedin.com/oya/aujg/oeuiwia/aywlx.png,0
https://cloudflare.com/nkiv/plff/lpqz.svg,0
https://netflix.com/visitor.min.js/yvrq,1
https://youtube.com/cqjvp,0
https://amazon.com/tbsinxn/nysxxxdj.jpg,0
https://netflix.com/roi_tracker.js/xbttkua,1
https://youtube.com/zkhh/dyujzqm.css?theme=t2hiy&theme=bpya8,0
https://amazon.com/bk-coretag.js/ypiqgnjl,1
https://apple.com/qakhftyv/ofvjzi.png,0
https://google.com/zfa.css?theme=jfc7w,0
https://microsoft.com/ouxw/hgla/ckv.css?lang=rexb7&view=i5crx,0
https://&hitType=pageview&/hxtxj?ref=012=yqxxyw&affiliate442=dllxnr&campaign150=ugmzgq,1
https://facebook.com/dub/dmpnrso/jowgfwh/glkwnh,0
https://microsoft.com/vuzr/mccvzze/eudrzsch.ico,0
https://cloudflare.com/olbecgyr.ico?view=pq7bv&theme=s5o2o,0
https://google.com/ntofrhj/whafoih/wodcrmmd.ico?theme=6gnpq&view=pd4fd,0
https://microsoft.com/hsyqlrip,0
https://cloudflare.com/dvhao/chcxk/kcldbn/ztly.ico?lang=89zb6&lang=sjk9w,0
https://adobe.com/fzebywvi/mwfssotl/yyljgbnz,0
https://.php?logType=/jiaqvv/zadzwy?campaign500=nfnogh&sessionid420=vfqmlx,1
https://amazon.com/fp/es.js/lxcrr,1
https://cloudflare.com/boost-sd-analytic.js,1
https://wikipedia.org/nwo,0
https://twitter.com/pv.gif?,1
https://wikipedia.org/elqcfg.js/ougbs,1
https://amazon.com/zdwzeci/omn.woff2,0
https://twitter.com/hawkeye.js/fur,1
https://.php?action_name=/rkeiet/stbgjlv/roq?ref=952=wtoibh&ref=422=pojhki&sessionid811=kpuczy,1
https://apple.com/VisitorAPI.js/sqeung,1
https://adobe.com/nozjwpho/wmjkhqb/qfkaq,0
https://youtube.com/hfuvlz.png,0
https://netflix.com/xfksy/sovjd/uczmb/nuhr?id=vb7hf,0
https://microsoft.com/adv/juybfycb.png,0
https://twitter.com/zlpkqno/zqfv/zmnzey/odzikinn.png,0
https://netflix.com/swp/tqwqve/nsuh.svg,0
https://apple.com/seuabjft/zbjatjm/eepqvd/vng.js,0
https://cdn.shopify.com/vojpfws.ico?theme=xfxl3&view=k9wpj,0
https://reddit.com/zje/bwaoplbw/jwjondu,0
https://cdn.shopify.com/trackingTools./ivmziznj/pzto,1
https://microsoft.com/gem/gsa/xzk/owsm.jpg,0
https://netflix.com/adobe/VideoHeartbeat./tgbzolpo/sifqygt,1
https://?pageviews=$third-party/nucyzzum/qgmmn?sessionid456=siuxdx&cid376=lnmool&utm_269=afhprm,1
https://_trackWebtrekkEvents./ttgswmko?affiliate021=bwzcto&ref=021=bpwqpm&ref=827=eaktbs,1
https://cdn.shopify.com/znemzhbc,0
https://apple.com/ga_event_tracking.js/wuvrz,1
https://reddit.com/__ssobj/rum?/cqslnhhz,1
https://apple.com/vgivpgd/kkcba/vzxt.js,0
https://linkedin.com/fzmg/dtjyngqd/befii.png,0
https://.php?logType=/mifsg/ftokbkam?affiliate177=ovpvcw,1
https://linkedin.com/ayv/tuzzz/tpudylrq/dfsvpw.jpg,0
https://linkedin.com/weu/opxxb/pwixu,0
https://adobe.com/js/ga_event_/wfj,1
https://reddit.com/njs.gif?/aocj,1
https://cdn.shopify.com/r/collect?/ynd/kvjfw,1
https://youtube.com/jsgjbfvd/ofn,0
https://adobe.com/akuhwbrb/qazpyh/caiayism/ucjjml.png?page=ev13o&q=kc0lb,0
https://cloudflare.com/vadyxpsv/kkd.svg,0
https://netflix.com/geoip/detect?/oifuvp/xch,1
https://&refer=http$script/qbkmec/obepjz/ljyx?campaign660=bryrhe&cid999=iceykc,1
https://facebook.com/jhr/hwofxwkz.svg?view=8dtkt,0
https://cloudflare.com/pvmax.js/nuuxcw,1
https://facebook.com/pivquthj.woff2,0
https://netflix.com/stats_img.png?/fusntc/pgxexnz,1
https://.gatracking.js/onfyx?ref=280=chkmcr&affiliate889=ntklid&utm_169=ubzvpw,1
https://netflix.com/analytics/dist/analytics.min.js/dehizz/lie,1
https://microsoft.com/eqm/yswfi/kiwjbznq/qcnhk.css?page=6u7pd,0
https://google.com/qkrycoh/odkftnfe.woff2?page=g0zry,0
https://amazon.com/events/page-viewed,1
https://microsoft.com/sck/fwgrn.css,0
https://facebook.com/cwTRACK.js/vnxlvv,1
https://apple.com/jtxlgwem/mneqjzuv/vflrtl/tjid,0
https://microsoft.com/cms/stats/*/bijy/ecyd,1
https://cdn.shopify.com/lgpmj/weaeyu/apndfr/jaf.woff2,0
https://cdn.shopify.com/ptl/nfte/nkf.js,0
https://wikipedia.org/phsqni/dfet/duiufdyd/slfe,0
https://facebook.com/evqvaq/xhpgpt/pcmwf/gmoeqjz?id=2h6ii&id=yqxt6,0
https://instagram.com/owgyvcn.ico,0
https://wikipedia.org/autotrack.carbon.js/cqhmfyz,1
https://linkedin.com/yszaxg/bjhgrrd.jpg,0
https://cloudflare.com/gajs/analytics.js/fjafxavu/ejzaav,1
https://cloudflare.com/gckxdjdy.png?theme=6btwv&id=begvq,0
https://amazon.com/printpixel.js/gxvugji/kfdpjw,1
https://apple.com/mvng/jki/fplqxouy/qtclm.woff2?page=6p7h6,0
https://wikipedia.org/gexje/qxzeskl/fyh.jpg,0
https://facebook.com/oax?q=ioye3,0
https://amazon.com/wgbogxb/ufh.js?view=w3uoe,0
https://apple.com/roitrack.js/cqaq/glhpgf,1
https://google.com/imorwqt/fwijts/rxb/wtvz.jpg,0
https://amazon.com/ard.png?,1
https://facebook.com/psstove/mtz/nexyj,0
https://cdn.shopify.com/abukt/vntz/uqvhna.ico,0
https://adobe.com/eoshhk/hzcio.ico,0
https://facebook.com/khhbcpkf/ofistqst/ysprivt.jpg,0
https://twitter.com/zzer/qlc.ico,0
https://microsoft.com/qel.js,0
https://amazon.com/sranalytics.js/lwas/llmbq,1
https://?log=stats-/gkgf/cmh?cid492=briamz,1
https://google.com/knaco.jpg,0
https://microsoft.com/vvmhfja?id=z2c62&page=h5as6,0
https://twitter.com/gjfq.js,0
https://google.com/eayk/oruu.woff2,0
https://twitter.com/ibpjuojh,0
https://adobe.com/qol.png,0
https://google.com/wmxge,0
https://youtube.com/fetjl/cpaqz?lang=am8h9,0
https://cloudflare.com/wzw.svg,0
https://cloudflare.com/site_tracking.js,1
https://google.com/rljwhg/urddgcjc/guhg,0
https://amazon.com/uzvf.ico,0
https://cdn.shopify.com/jdruhqw/mtjmyhtw?theme=ns420,0
https://.pageview-props.js/chc?affiliate629=peiwko&ref=278=vybvqz,1
https://twitter.com/iakry.jpg,0
https://google.com/bul/wkugc/tzeig.woff2,0
https://microsoft.com/tzjyoqm/zvfyl/qquht.jpg,0
https://&t=pageview&/fxh/jlfkyl?utm_998=ifiaib&sessionid181=qbloxw,1
https://microsoft.com/tqqfz/ihqsx/ofhwvejs/nlhnahi.ico,0
https://google.com/xkuuptw/eovdgrr/jpaz/tmaqnxy.ico,0
https://adobe.com/ffqfo/bocuy/pjxze/exlxuuje,0
https://wikipedia.org/ixu/zgins/ngnway/bwcuzaf?view=nk270&id=x4yvl,0
https://google.com/ivoipfh/etsch/wzv/lpyqb.svg,0
https://apple.com/syypqxgj/wmjq/mrc/xzwuwbpx,0
https://amazon.com/ibctk/ozut.png,0
https://facebook.com/cjvk/ybbx/rycbau/zumuqh,0
https://twitter.com/brightTag-min.js,1
https://microsoft.com/ipsc/wrcy.ico,0
https://cdn.shopify.com/lpzd/pqlmlaeu/vsss?q=q8lpq&lang=qg5ux,0
https://linkedin.com/ioph/hkkxap,0
https://microsoft.com/wlltg/ptsgcse/sslwygn/bdxp.css,0
https://wikipedia.org/ivmqvag/hbuybp/lrkofriq,0
https://youtube.com/flkq/svh.woff2,0
https://google.com/onmqrbto/ckxr/fuju,0
https://cdn.shopify.com/counter.aspx?,1
https://instagram.com/lzjqlquc/rvrbqlkh/leu.svg,0
https://netflix.com/generate_204?$image/vfangpfk,1
https://apple.com/spacer.gif?/lkhosqit,1
https://google.com/cdnlxcxk.ico,0
https://amazon.com/geanhjz/ohpnbhm/apvrve.png?view=tc017,0
https://adobe.com/criteo.$domain=~criteo.blotout.io|~criteo.github.io|~criteo.investorroom.com/gealy/amle,1
https://cdn.shopify.com/iterable/track/views/*/pafh/ftcmzowr,1
https://amazon.com/sgtn.svg,0
https://google.com/HitTracking.,1
https://cloudflare.com/rest/high/api/cogitoergosum/gyk,1
https://amazon.com/kodlkuo/hvjdtnh/mnpcdnvm/vnqqcgd.jpg?id=bu4cr,0
https://apple.com/dogu/qizvh/dnaris/ebjs.woff2,0
https://netflix.com/com.snowplowanalytics.snowplow/*$domain=~7plus.com.au/hzh,1
https://youtube.com/amp-access/cta?/xeiqech/utqyso,1
https://cloudflare.com/mtc/owsfb/zqf/zqrdy.js,0
https://linkedin.com/c_track.php?,1
https://google.com/track/aggregate?/ctmau/qqqqgoj,1
https://wikipedia.org/mizebq/rbarlsi/srxwkj.png,0
https://youtube.com/yad_sortab_cetlog.js,1
https://reddit.com/gaaxwm/tsgr.png?view=yac6e&theme=upuu4,0
https://.php?notrack=/infj/tkmfyho?cid076=lzovtw,1
https://cdn.shopify.com/gaFunction?/ftec,1
https://microsoft.com/odoz/alftta/iaxi.css,0
https://wikipedia.org/acctag.js/azscu/cok,1
https://cloudflare.com/track/identity?/hetpbhzx,1
https://amazon.com/wemnr/qmbkxgx/smj/uafcg.css?view=5a8y8,0
https://instagram.com/ga-script.js/hjuirsvy/qenymrp,1
https://amazon.com/perfmetrics.js/tyk,1
https://apple.com/meyh/gvnsqdhx/ygybckot/ziqiof.css,0
https://netflix.com/metrics/init?/ogowq/vrsoaivb,1
https://instagram.com/trk.*/open?$image/gaqnb,1
https://reddit.com/wmzlx/oal.png,0
https://youtube.com/uuxnjm/xant.woff2?theme=5cb26&id=yxf4x,0
https://instagram.com/vniw.jpg,0
https://wikipedia.org/dqddh/iwdtfply,0
https://youtube.com/stat?SiteID=/yzpv/fhiagwif,1
https://amazon.com/otlfto?view=j8hk4&lang=6ymxi,0
https://amazon.com/logview?referrer=/docgdpgd,1
https://?pageviews=$third-party/aeeztzjr/zxmy/bkz?sessionid876=sqxixl&cid773=lscqrk&sessionid429=yewuxa,1
https://google.com/bgkau/ranen/hdjtu/isuvvn?theme=e49j5,0
https://apple.com/hfhndqbf/nacvcpv.svg?theme=v5grl,0
https://_trackWebtrekkEvents./tse/kblkiuei?sessionid166=egowmw,1
https://youtube.com/ykngfb.js?theme=9pvya&view=ijjxb,0
https://linkedin.com/cyb.jpg?theme=rq5tj,0
https://cloudflare.com/mms.*/pv?/wujmpjhz/xqgrnxn,1
https://twitter.com/wlpvg.png,0
https://adobe.com/qmrx/jqdnjakd/obt/nngifx.js,0
https://cloudflare.com/log?tag=/imbsdpqo,1
https://_chartbeat.js/znvih/ytwdc/zxqpsgis?cid003=kwecwf&cid766=fvxjke&cid262=gzngja,1
https://microsoft.com/logger.dll/*/gxgqkmo/qwitosc,1
https://google.com/ujyfdol.svg,0
https://adobe.com/ykxsuykx/rqwo/msawzbhm/qkylj.svg,0
https://google.com/dreuoiar,0
https://netflix.com/footerpixel.gif?,1
https://facebook.com/ibxu/bisc/ycxedjr/jnyhtsn.ico,0
https://instagram.com/sbtvv/mab/ssijxqxl/lbm.woff2,0
https://facebook.com/__wsm.gif,1
https://microsoft.com/vblewvt/fua/gjd/mby.png?page=n1q1c,0
https://wikipedia.org/zqodho/xoobnum/hawuqojl,0
https://youtube.com/aampgim/yuwv.css,0
https://instagram.com/pvjttd/ymzfnf/luepfoy.svg,0
https://linkedin.com/ecap.min.js/ugvnnb,1
https://amazon.com/gsogn.js,0
https://youtube.com/rmthczvd/xdga/stvswrtv/ceo.woff2?theme=mzfq6&page=n4ymo,0
https://cdn.shopify.com/qlitics.js/iyb/ghwar,1
https://wikipedia.org/visitor_info.js/hdaqho/fktor,1
https://reddit.com/qjdpevez/zfcw/recuvf/kkvvbe,0
https://.php?logType=/ypvj?sessionid344=qhpmmv&affiliate343=mhundb&cid782=xovqvv,1
https://wikipedia.org/cqdsudg/kkeazei.jpg?id=30i7t,0
https://google.com/dcwgxrmo/ynidhmo/cggats/xhglkep.ico,0
https://twitter.com/dficynip.js,0
https://adobe.com/odre/vhbrua/luvx.js,0
https://reddit.com/netmining.js/xrqxsug,1
https://wikipedia.org/ga_local.js/eszxh,1
https://apple.com/?record&key=/nwjkzue/fdtxibj,1
https://adobe.com/spto.png?lang=xl0mn&q=8mug1,0
https://_beacon?/qofqqod/gchsx/duxleaff?utm_915=jwrfwt&sessionid448=jgytwb&affiliate479=vsltmc,1
https://microsoft.com/logger/?referer=/yvwv/dtmhig,1
https://&EventType=Impression&/iapkrnv/vrkm?cid453=vrklhv&sessionid696=vscxkx&affiliate754=phoapu,1
https://adobe.com/cnt_js.php?/bcxmd/mfq,1
https://apple.com/streamsense.min.js/fmgcur/veheez,1
https://reddit.com/_vercel/insights/script.js/vujroano,1
https://twitter.com/otypn/ehjqrvo.css,0
https://instagram.com/ripqxopg/cmodbwte/zwhgr?theme=ykkd6,0
https://cdn.shopify.com/iogdw/ghguilq/jnclmklb/yas.png,0
https://facebook.com/h.gif?,1
https://netflix.com/xrew/uus/riqa.ico,0
https://instagram.com/pegfuyb/eyrpn/gkqscr/dkjexx,0
https://_webanalytics./iqlpmmiy/ian?utm_418=omwluo&ref=077=bklmmj,1
https://reddit.com/bunsen/events/*,1
https://apple.com/umre/yodem.png,0
https://microsoft.com/ljm.jpg,0
https://_view_pixel&$image/hunx/cski?affiliate838=nzvcxt,1
https://wikipedia.org/cul/agtlcu/hrljcl/wrupwgl.png,0
https://reddit.com/rghscmd/cjyrgvl.woff2,0
https://youtube.com/ajax/analytics/*/dqq/vuiv,1
https://amazon.com/_/api/v2/analytics/?,1
https://.stats?action=/boxpil?campaign497=umndsr&utm_097=tdvzdz,1
https://google.com/jyad/xjtzpw.svg,0
https://reddit.com/gsmxjw/xlsr/vcjm.jpg?lang=qi9hc,0
https://wikipedia.org/hrqwlsu/zqhdp,0
https://cloudflare.com/lhwakplb/uzmqe/fbgxestp.css,0
https://facebook.com/pffko.ico?id=7e1mc,0
https://instagram.com/pcxw/xhut/snygobr/acfm.png,0
https://facebook.com/livezilla/server.php?request=track&/lpwgxznr/rqq,1
https://wikipedia.org/opichxz/wjfs/mjzpiprz/hpd.png?lang=qgeoc&theme=8elkf,0
https://facebook.com/collect/?dp=/dfkqghhg,1
https://_imp?Log=/rjsad/ivepg?cid246=sdquws,1
https://linkedin.com/svynos.png,0
https://instagram.com/pymi/yzll/rbglooi/glwwcc,0
https://google.com/api/internal/pixel?,1
https://_logHuman=/spy/xcmbyhnh?affiliate073=letyrw&affiliate194=qncbvj&campaign900=nepuru,1
https://facebook.com/imgsfsn/akce/bqemq.css,0
https://netflix.com/iterable/track/views/*,1
https://cloudflare.com/ursomy/xly,0
https://google.com/nai.css,0
https://google.com/gxhhi/bposqo/huyodfl.css,0
https://netflix.com/ukhfvs/vcbey/cjqzs.svg?page=bejmx,0
https://instagram.com/external-tracking.min.js/xgsozh/ffnxndl,1
https://netflix.com/article/count?/dppqj,1
https://linkedin.com/wlv/qsnwcmy.jpg,0
https://apple.com/oa-tracking?/azlux/muwjawl,1
https://facebook.com/wfnifzut/hshtfqi/rpucytwu,0
https://youtube.com/qnveupn/iecf/chp/jfknlw.svg?q=cy4k2&id=xj3wg,0
https://netflix.com/dsajwub.png,0
https://netflix.com/ftyl/jpozwioh/hdoexmi/eqxtbgu,0
https://cloudflare.com/pdby,0
https://reddit.com/ngriot/xcmtrnha/gqr/uzn?view=azixl&q=rb9ku,0
https://netflix.com/ljyszgp/gzkguusl/xhnqbfkg/gge.svg,0
https://reddit.com/jroufd/fuksb/nxt/dcbl?view=1hvc5,0
https://cloudflare.com/cnstats/cntg.php/anpprtq/gvpxo,1
https://cloudflare.com/qfzf,0
https://netflix.com/uzcs/fbejvoqp,0
https://linkedin.com/djjo/nmtml/uuhf,0
https://youtube.com/xvlvn,0
https://cdn.shopify.com/pixel.fingerprint./lfieot/lxzfaoj,1
https://cloudflare.com/eckxiqmb/tecdb/dprnkp?lang=62zp6,0
https://youtube.com/fp/ls_fp./kgznxnk/kuqazv,1
https://apple.com/rpe,0
https://amazon.com/efwkjvz/kroako/yvikf/humgqv.woff2?page=tz8m3&lang=bgjqa,0
https://cloudflare.com/fe_logger?,1
https://linkedin.com/GlancePresenceVisitor_/ywkoe,1
https://linkedin.com/dwanalytics-/ikrkrhnw/nhkcf,1
https://facebook.com://collector.*/event,1
https://facebook.com/ozhkumzb/fps.woff2?page=9n4sd&page=u6698,0
https://youtube.com/ljezok,0
https://twitter.com/bjoami/ntdfw/hsr/ebp.ico,0
https://cdn.shopify.com/epbn/vpdidi/bzcc/svo.js?q=n6a4n&id=wwglc,0
https://cloudflare.com/pxnwva/kslb/yczxqr.png,0
https://apple.com/collect.php?tid=,1
https://instagram.com/vpjad.png,0
https://instagram.com/yykjeq/hhzqr/imygpms.js,0
https://reddit.com/sqxj/jiilrpg/fkdwugvs?view=46eat&lang=pbphb,0
https://cdn.shopify.com/atapixel.js/kqnxq/lwz,1
https://linkedin.com/fahtbxxg/hmrtd.js,0
https://facebook.com/wnlpft.svg?theme=4jwb0,0
https://.v4.analytics./wrqvj/uzuvthet?affiliate957=tpewbl,1
https://amazon.com/jscounter.js/idykzj,1
https://instagram.com/ziuzceza/wdawr/kgrfjiea,0
https://linkedin.com://analytics.*/pageview//xpdhw,1
https://facebook.com/zscor/arkhg.woff2?view=id3r2,0
https://instagram.com/xhro.png,0
https://reddit.com/jyew?page=a1vvb,0
https://apple.com/wp-rocket/assets/js/lcp-beacon.,1
https://netflix.com/track?_event=/zwxmcp,1
https://reddit.com/jquery.analytics.js,1
https://microsoft.com/wxhawkeye.js,1
https://wikipedia.org/bdwjmio/efxay/owb/ucxbwon.ico,0
https://?type=pageview&/jbryf/oyqq/ctlnow?cid088=bhqdhc,1
https://facebook.com/Web_JS_Stats.js,1
https://adobe.com/fmqc.svg,0
https://linkedin.com/tlh,0
https://amazon.com/talpa-analytics-pro/*/tdwlb,1
https://apple.com/ueoqsk/fwrqiai.svg?page=40y01&id=fs78v,0
https://microsoft.com/igsp/ftbrxmol/gswxg.svg,0
https://cdn.shopify.com/pcrhlp/wuviybeq/hlxxbplc/zjjz.woff2,0
https://wikipedia.org/tracking/log.php?/enqngcfe,1
https://reddit.com/ttaeiiuy/iaznrivn/xltl/lnbm?q=b5dde&theme=iek3l,0
https://youtube.com/fvgkdabc/sbjgdr/pwty/ghqqdaf.png?view=lr3r0&lang=cqu1i,0
https://microsoft.com/ssfj/xbtjgha/fgzor/swd.css,0
https://youtube.com/beacon/affiliates/tekj/nwisrtm,1
https://wikipedia.org/bzea.ico,0
https://netflix.com/rlb.js,0
https://twitter.com/flying-analytics/*/yhafj/yxjnmqly,1
https://instagram.com/dcztoq/egosf.svg,0
https://twitter.com/wwpdp.css,0
https://apple.com/uxau/mbb?id=t8l8o,0
https://google.com/ubva.css,0
https://linkedin.com/dfekq/qzksq/hcvvqy.jpg,0
https://microsoft.com/akam/11/*/dqeyls/xcmr,1
https://google.com/hbj.css,0
https://twitter.com/clickdimensions-2.js,1
https://cloudflare.com/art/stats/*/srvhn/isgxtzs,1
https://google.com/openpixel.js/djvrnp,1
https://cloudflare.com/track-visit?/xdw/xjr,1
https://microsoft.com/tku/gzov/qztffa.jpg,0
https://amazon.com/segmentio.js,1
https://cloudflare.com/hnefr/oytdyxi.svg,0
https://linkedin.com/dpwlka.woff2,0
https://cdn.shopify.com/PageHit.ashx,1
https://reddit.com/chzxgg/spav/zmpza/omklne.js,0
https://cdn.shopify.com/0c.gif?/tlxv/aisgfcjh,1
https://facebook.com/fgdrq/mod.css,0
https://adobe.com/pqg/bli.png?lang=p4166,0
https://cloudflare.com/xhfj/cuyjbw,0
https://facebook.com/jsstat.cgi?/xlawnvc/ilbxuor,1
https://cloudflare.com/vcynoiv.css,0
https://adobe.com/znvjsp/gejzbii/juniwb.svg,0
https://adobe.com/cv/conversion.js/mmg,1
https://netflix.com/hoatho/gkneio/lejee/prjoiq.css,0
https://netflix.com://tracking.*/beacon//yrag/qcop,1
https://twitter.com/cwvjqmfv.svg,0
https://reddit.com/hftgyp/wxsuo?id=xrj7x,0
https://google.com/aegd,0
https://instagram.com/fhifrzx/jqob/migcdgsc,0
https://reddit.com/zgrz/kecvmh/nwf/sgaqhb.ico,0
https://google.com/analytics/dist/analytics.min.js,1
https://microsoft.com/scmapt/dlgoixqb?page=5i9ou,0
https://facebook.com/log/views/*/sxpc,1
https://microsoft.com/fhrs/kpaxhdz/rja.woff2,0
https://adobe.com/cgejk/iwbvz/qzgyi.svg,0
https://linkedin.com/webstat.js,1
https://cloudflare.com/jcwaskm/pcn/hil,0
https://reddit.com/gzbdw/gyqovx/wwretum.woff2,0
https://reddit.com/fizi/emnqi/pjogv?view=h1fki,0
https://facebook.com/fingerprint2.js/fhududrh,1
https://facebook.com/imgcount.cgi?/jzyceto/fkpgi,1
https://cloudflare.com/brandAnalytics.js/hvvaanh,1
https://instagram.com/ngvttjq/pncxny/cumgp/fqwphh,0
https://twitter.com/rltfruv,0
https://apple.com/oaedylfo/nyuom/wzo.ico,0
https://reddit.com/fazhbvs/zioljsbw,0
https://amazon.com/guyuqky/xbin,0
https://cloudflare.com/propagate_cookie.php/btg,1
https://cdn.shopify.com/pofu/igfmdtd/xher.svg,0
https://google.com/cxvbs.js,0
https://youtube.com/xnfen/bnlrntfg/grxbqkf/ugxlzzw.png?page=c9wpd&page=00092,0
https://apple.com/zjfg.png?view=ucstb,0
https://amazon.com/edAnalyticsWrapper.js/twdvbhsc,1
https://amazon.com/sscehjy/mpcbeqb/vhmbi?theme=cytqq,0
https://reddit.com/fwiez/sgkdns/vmcoer,0
https://instagram.com/lhixp.woff2,0
https://youtube.com/logviewedpage?/maegywx/mlevgf,1
https://linkedin.com/zgkr/wehq/kgioiwd.js,0
https://amazon.com/hitlog.php?/dxwm,1
https://reddit.com/piqz.woff2?theme=2eec0,0
https://twitter.com/vwabuh/gidmsw.js?theme=8l4yy&page=7toov,0
https://wikipedia.org/htvfb/rtrjvi.woff2,0
https://twitter.com/rgea.min.js/quwx/bqi,1
https://apple.com/kybgnmfs/iqhfnlns/dhut.woff2,0
https://cdn.shopify.com/plwwwn/sjjgrpub.js,0
https://cdn.shopify.com/ovg/jqale.ico,0
https://amazon.com/ynhhn/eohaolj,0
https://amazon.com/dceaeuab/qde/ogijce/lhlw.woff2?lang=v9j00&view=yrlcv,0
https://cdn.shopify.com/link_track.js,1
https://twitter.com/eut.svg,0
https://apple.com/wju,0
https://.php?p=stats&/mdyq/ieqlxo?sessionid883=rntkqh,1
https://adobe.com/emfgcxsj/xogccgiz/qsruwp?view=vzj6p,0
https://instagram.com/strak.php?t=/hlfg/otwcgs,1
https://google.com/dowasez/rcx.css,0
https://amazon.com/kwsatdur.woff2,0
https://facebook.com/lpyku/qptmncc/rpk.js,0
https://adobe.com/dtf,0
https://?event=log&/vvvkybls/cnahm?campaign284=kecoaz,1
https://netflix.com/kfu/spi/yvr.ico,0
https://apple.com/uahzit.png,0
https://google.com/jqmubnu.ico,0
https://instagram.com/PageTracker.js/abemhiys,1
https://cloudflare.com/xnvx/gmpkdd/guani/qff.js,0
https://_event_tracking?/dto/tjxrgb?cid252=rcvpqf&cid634=cvevyp&cid324=dfnkap,1
https://youtube.com/acounter.php?/maro/tueqaxn,1
https://amazon.com/ktuwc?page=85kxc&view=1kgjc,0
https://twitter.com/onuvcvf,0
https://netflix.com/dspixel.js,1
https://google.com/eeulw/pmrkeu/chdwv.js?page=0qcn9,0
https://twitter.com/pagestat?/vqrewi/idbafxl,1
https://linkedin.com/fzavf/byi.css?lang=9ufuc,0
https://youtube.com/owvneuh.css,0
https://reddit.com/analytics-dotcom/*/ikrxxcfy/susa,1
https://wikipedia.org/rlhxif/yufdaewe/fhbenqbj/bvcce.png,0
https://facebook.com/ctjnyi/pckv,0
https://adobe.com/ebfmqqew/gxdelnq.woff2,0
https://cloudflare.com/ixhmzd/ryq/wjefik/pgo.svg,0
https://amazon.com/uju/vetf/hgly,0
https://netflix.com/ftzmxekp/jus/rfl/mwewfyaa.svg?theme=3u8vv,0
https://cloudflare.com/amp/pingback?/idimzjw/hwq,1
https://facebook.com/its/owzlcix/irewjdkd/pvua?page=l5f44&page=bu14n,0
https://apple.com/jkdgvx/ozqqdth.css,0
https://amazon.com/okow/pnbszgc.ico?lang=c7krp,0
https://cdn.shopify.com/vtbveo/tpqm/liog/drj.ico,0
https://facebook.com/rrweb-record.min.js/qhhjp,1
https://twitter.com/athqrbde/rdjff/vukyza/tpvg?lang=sdk2b&theme=ho9hn,0
https://adobe.com/hghra.png,0
https://.php?action_name=/datfj?ref=339=xodjyb,1
https://cloudflare.com/lmpyrha/rgqkvu/wbdl?view=eu6en&theme=h07s7,0
https://apple.com/eungnuv/tjyvh,0
https://cdn.shopify.com/oczler.ico?view=9ds9n,0
https://instagram.com/tracking/freewheel/*/wyxiga/wgxsp,1
https://amazon.com/grjwgwrj/prmzmdr.js,0
https://&t=pageview&/ahcos/oxihtvdt/kvftuwfk?utm_700=jpqwpc,1
https://amazon.com/tzwcxmdk/pucg/yucwwql.png,0
https://amazon.com/utm.gif?,1
https://facebook.com/wp-statistics-tracker.min.js/pcpngokf,1
https://google.com/showcounter.js/kjdi,1
https://reddit.com/nsmo/qghqcpjb.css,0
https://google.com/ybpdfiba.svg?theme=2m4bb,0
https://netflix.com/c.wrating.com/*/njrpw/rqnekbxu,1
https://adobe.com/fkastt/biyazgx/ilwxjrpk.js,0
https://reddit.com/bnrqokml.js?q=7fp4i&view=e7skp,0
https://reddit.com/pumwg/cwrjf.woff2,0
https://adobe.com/piNctTracking.js,1
https://apple.com/appinsightor.min.js/twk,1
https://reddit.com/events/capture?,1
https://reddit.com/nnm/ntoybcy/jgns/gaqgo.svg,0
https://reddit.com/mft/adljakig.js?view=5qedn&q=wnu5z,0
https://microsoft.com/tcakubab/tapceu/dgulqwjy,0
https://wikipedia.org/vnlavby/qesyqgj/tysqknjv/bzkg,0
https://apple.com/urqyca/yfi/wbqsyu/bfijs,0
https://instagram.com/gpg/qgm,0
https://cdn.shopify.com/sdk/impressions,1
https://linkedin.com/ioxqnnj.js,0
https://youtube.com/zgnxd.png?view=dqyao,0
https://wikipedia.org/matomo-tracking.js/wzozh/pssqqlvf,1
https://cloudflare.com/giicm/pjgkjrw.png?id=bifmc,0
https://wikipedia.org/analytics.*/track/jvejlp/ysodvqpf,1
https://reddit.com/eyy?q=6eqyv,0
https://twitter.com/sqpg.css,0
https://microsoft.com/dpgno,0
https://twitter.com/ftstugm/qrockae/jqpabtcc.ico,0
https://instagram.com/pec/dgpz?theme=vrntr,0
https://apple.com/qwyhgrhs.jpg,0
https://amazon.com/ypfn/vvhj/wod/tofb.css,0
https://twitter.com/tawol/udosxah/pzclvn/ormwmag.css?q=vhhgv&theme=k0h3t,0
https://netflix.com/pushly-sdk.min.js/wuynm/cbmzjdh,1
https://netflix.com/stats.*/tracker./kmrl,1
https://amazon.com/akmv/dxb/mtawtojd,0
https://facebook.com/hot/rdm?view=89ouh,0
https://adobe.com/huhml/midkei/gazfiwwd,0
https://netflix.com/pubstats.$domain=~pub.dev|~pubstats.dev/gmej,1
https://cdn.shopify.com/matomo_video_tracking.js,1
https://linkedin.com/cygr/nqxi/yczo/dqbyg.woff2,0
https://adobe.com/nzfvmtg/viteo/onfwwvw/rqhvu.js,0
https://&ev=PageView&/hjfx/wka/ekcxesg?utm_307=dnihmv&utm_735=rkskth&cid229=lldetw,1
https://youtube.com/hlbkalvw/bfdikhr/oqda,0
https://instagram.com/tagmanager/pptm.js/ojjpikk/muiawib,1
https://linkedin.com/rxvvtnt/wkakd/wpuaoxee.css,0
https://reddit.com/wlz.css,0
https://amazon.com/hiwfagz/lljflgpy.svg,0
https://apple.com/stats?blog_/ozs/alzukanw,1
https://netflix.com/ymp.js,0
https://youtube.com/xpgzqa,0
https://reddit.com/ubyxx/dyhfz.css,0
https://_trackWebtrekkEvents./ezhlcy/vzrvmbzy?affiliate990=phtlye&campaign196=uvourx,1
https://microsoft.com/mpesvbd/uwznnbru.ico,0
https://facebook.com/global/tracker.js,1
https://microsoft.com.com/track?v=/kerp,1
https://wikipedia.org/dklnqfm/hqgmfe/fgg/mzne.ico,0
https://cdn.shopify.com/OtAutoBlock.js,1
https://cloudflare.com/nbtwhbef/bfofo,0
https://netflix.com/svs.gif?,1
https://apple.com/rvnrepa?id=z9orx&lang=mo8yy,0
https://reddit.com/bxaje/vsjdxx/vnmnp.png,0
https://microsoft.com/thmbvkm?theme=s5viu,0
https://&pagegroup=*&url=$script/ozctqvp?affiliate149=qrxvtx,1
https://apple.com/observations/capture?/dvwoi/hajrb,1
https://instagram.com/bqxtpz/wwjuyxow.woff2,0
https://cdn.shopify.com/fbevents.min.js,1
https://facebook.com/ifgfy/ouu.svg,0
https://cloudflare.com/eyo.css?view=lfdzw&q=benbz,0
https://google.com/traffictrade/*,1
https://instagram.com/pmwbva.svg?view=3lj5p,0
https://apple.com/bf.gif?ac=/sdl/dhy,1
https://cdn.shopify.com/cache/analytics.js/zgtkh/tds,1
https://amazon.com/video/tracking.js/ppbzvxs/bblayi,1
https://microsoft.com/appinsightor.min.js/oiqu,1
https://cdn.shopify.com/aahnndsi/vsy/afcf/njcrlh.ico,0
https://youtube.com/ovq/nklaxs/xuswhvth/klzt.woff2,0
https://?log=player_*&stats_tkn=/rjvknz?campaign563=ugdkog&utm_864=sepatk&sessionid085=zvnwpo,1
https://adobe.com/hvts/afptofij,0
https://apple.com/count.do?$domain=~its.busan.go.kr,1
https://apple.com/analytics/abtest/*/vncmbg/vix,1
https://netflix.com/linktracking.js/hmeofve/rrpqncl,1
https://reddit.com/hkjifk/ohrqa/umv/xcublh.js?theme=ighzi&view=zu3bx,0
https://amazon.com/acctag.js,1
https://twitter.com/webstats/track.php?/eqj,1
https://microsoft.com/ga_event_tracking.js,1
https://wikipedia.org/bahlz/nxtowev/johxnrk/skehrnv.js,0
https://microsoft.com/global/analytics/*,1
https://facebook.com/jaeputzo/pxzs.svg?view=94upq&theme=4sw1v,0
https://instagram.com/jpbduni.svg,0
https://reddit.com/cv_pixel.js,1
https://microsoft.com/aepotah/nyyoolhw/ulmt,0
https://wikipedia.org/nsegx/exqtcx?lang=19ss1&view=bm4l9,0
https://amazon.com/in.gif?url=,1
https://cloudflare.com/hhvj/otoejqmk.woff2?theme=4ck8w,0
https://twitter.com/zos/ljq.svg?page=rzkbx,0
https://microsoft.com/yajvwp/kktegoyo/dzfxxuqq/mrxacqao.css,0
https://cloudflare.com/fps/check.php/uhqr,1
https://facebook.com/fte.png,0
https://facebook.com/bhqj/ozeomv/gag.png?id=9od8l,0
https://.php?p=stats&/nmzbdveq/pitf/dpy?sessionid353=vaqwsh&campaign981=xxunhp&cid387=bukpss,1
https://netflix.com/PvCountUp.action,1
https://youtube.com/yxkase/isbeh/cfpsvpt/ofqf,0
https://linkedin.com/pqswegeb/hlkeb/wwrbxe,0
https://instagram.com/clickdimensions-2.js/kucv/lbfybr,1
https://microsoft.com/nsbf/lhy/urzhzfxp.jpg,0
https://linkedin.com/teliddkx/zpst/vevev.jpg,0
https://google.com/chxzexx,0
https://microsoft.com/syrlzhzj/hhicjtkj/hqxzfq/nfwnw.css,0
https://wikipedia.org/eburaydx/lvdaztk/fblg/eeu.ico,0
https://cloudflare.com/shopify_stats.js/gul/pel,1
https://youtube.com/zqppqheu/ivpf/dkktz,0
https://microsoft.com/hfyvoblp.svg?view=s1j5a,0
https://youtube.com/articleOmnitureTracking.js,1
https://adobe.com/wfaliakz,0
https://adobe.com/linkinformer.js,1
https://microsoft.com/statsupdater.aspx/mybgrlxe/asozv,1
https://twitter.com/zee.svg,0
https://wikipedia.org/trlbs.css,0
https://adobe.com/adf-tm-base-min.js/skab/cwkavg,1
https://microsoft.com/blvc/loeuaut.png,0
https://facebook.com/jkpodwgd/jcwuhuf/pwtqf/fqwjqzaw.woff2,0
https://youtube.com/ifrrd/uqvpef/sreixyf/cuwcrpgi,0
https://adobe.com/log/impression/*/xfvvc/jaxosws,1
https://cloudflare.com/trackingCode-,1
https://linkedin.com/beacon/event/*/quznbq/oczq,1
https://youtube.com/cjpx/ydp/sbyepx.svg,0
https://youtube.com/sdg.jpg,0
https://netflix.com/swfmpxw/isf/mftsni,0
https://instagram.com/analytics_tracker.js/ijausw/uiklcqco,1
https://cloudflare.com/nxqacsi/sqvxz,0
https://facebook.com/wlexpert_tracker.js/dnlvbrc,1
https://youtube.com/nlogger.js/boi/hvan,1
https://microsoft.com/suwwi.woff2?view=wvdxp&q=mz7h7,0
https://cloudflare.com/ktv/dgfrzg.png,0
https://google.com/inline-pixel.js,1
https://netflix.com/bfglb/okmnmh/hscm/glt.png,0
https://linkedin.com/fqcg/rjdx/kqr?q=snd4j&q=csfef,0
https://cdn.shopify.com/plugins/pageviews-counter/*/zwecrtux/gksoikd,1
https://netflix.com/t?referer=/icy,1
https://facebook.com/trz/aija/pwew/lbs?page=v4eu4&q=9p673,0
https://cdn.shopify.com/cnt/start.php?/vxrh/ygobhpe,1
https://cdn.shopify.com/wzcrtr/bndteviq/feiapo.png,0
https://adobe.com/ihlebvet/ehxd.css,0
https://cdn.shopify.com/xbkh/fux/jiyu.woff2,0
https://linkedin.com/zteb/npsddhi/exfojiia.js?theme=u70df,0
https://apple.com/nmatlacq/fluewed/bidekrs/zsxorzxx.svg,0
https://apple.com/fzwghgl/vvnfna/qvoxyiph.ico,0
https://adobe.com/kwctoy/gtkv/fcqeiu.js,0
https://netflix.com/whisper?event=/jyjyhb,1
https://adobe.com/gmu/dglwj,0
https://cdn.shopify.com/req/vdyb/awsreeqa?lang=qvn8b,0
https://instagram.com/iMAWebCookie.js/puhbud/mlcyblb,1
https://linkedin.com/vxwfljyj/ltujo/vtcqib/aldu.ico,0
https://amazon.com/lvmirugr.js,0
https://google.com/xgrq/cpor/yjndqdaf.jpg?id=v5ibo&page=phyh2,0
https://instagram.com/gjwmp/vlhqdc/ybdhfgai.css,0
https://youtube.com/uvnt/eto.png,0
https://wikipedia.org/eva/jqibte.png,0
https://cloudflare.com/zpzb.woff2,0
https://wikipedia.org.de/l.gif?,1
https://facebook.com/awylxrs/vray/dkvyn/cgxrqj.svg,0
https://instagram.com/lozy/xlryv.woff2,0
https://google.com/appGoogleTagManager-/pblibasn/qllkq,1
https://wikipedia.org/zah/montsm/hbzhlo.png,0
https://microsoft.com/giycgvz/wyzqliz/wvux.png?page=wlw4v&page=fezux,0
https://microsoft.com/nwkz/txrk/bfgfvvj/ebacuq.png,0
https://adobe.com/kasxrlw/bjki/ivjhjyxz/fxfp.css,0
https://cloudflare.com/runsdd.ico,0
https://youtube.com/mn-collector.php/kbpxn/xwqztb,1
https://apple.com/visitortrack?,1
https://reddit.com/v4/analytics/*$~xmlhttprequest/wmrdwwr/vsoqsf,1
https://adobe.com/log-moltron-interaction?,1
https://linkedin.com/yen/gxjwosqr/awcnte.jpg?page=yxg4m,0
https://microsoft.com/hsysms/vkudxac/jjgi,0
https://twitter.com/web-api/log/*/hrc,1
https://google.com/uypst/jhhznm.png,0
https://netflix.com/pbutyv/gfyralg/ehpnkek.css,0
https://facebook.com/klw/bdibodu/ytwti.svg,0
https://instagram.com/ildl.js,0
https://facebook.com/logger.ashx?/zhb,1
https://linkedin.com/AppMeasurement_Module_ActivityMap.min.js/vjqs,1
https://wikipedia.org/exzvznq.jpg,0
https://microsoft.com/xmpff/qxkne/nddu/taimvp,0
https://cloudflare.com/prod/ping?,1
https://amazon.com/wdxtrm/eyuan/itfhjk.ico?view=yk3b9,0
https://reddit.com/usbcgmnr/akpsyes.woff2?id=jxaal&page=evkgs,0
https://google.com/ozhrcqxl/jcnqxri.jpg,0
https://apple.com/qbkmzc/rinwduxm/xzp/jmp.js,0
https://google.com/dzyp,0
https://facebook.com/wyww/vgkei/ebwevgr.js?page=yhmpr,0
https://adobe.com/jwcorhh,0
https://google.com/utm-tracking.js/ehhbx,1
https://apple.com/ijf/yzlj/axf/rxktzxw.js,0
https://adobe.com/jskzhyjh/floi.js,0
https://adobe.com/nnbjkbm/ngadww.svg,0
https://cdn.shopify.com/estat.js/ekjg/aye,1
https://google.com/shvt/jqsd.ico,0
https://wikipedia.org/dpistat/updater.php,1
https://facebook.com/tiara/tracker/*/shzcs/sxyw,1
https://apple.com/eqrmkk/lifijqw.svg,0
https://.php?action_name=/kzvwseij/mec?ref=329=vqyysy&campaign740=tzjuog,1
https://wikipedia.org/smetrics.*/b/ss/*/bwprg/vnukl,1
https://google.com/pcg/hluv.png,0
https://google.com/tfqokrh/dhtrpmd/ajfw/yho,0
https://_chartbeat.js/irpadlqi/oqfbnwk?utm_624=beutie&sessionid188=qkxkuo,1
https://twitter.com/zqj/vjogytl/vspa/ndvbdqc,0
https://amazon.com/vdnlfnh/ngfkywe/kzedqj,0
https://twitter.com/aybp/prrnmhng/vntg/imhxdhg.woff2?id=mtfw4&lang=9wcer,0
https://instagram.com/xddqn/rdkvvpzg.woff2,0
https://wikipedia.org/vvbmkflz.jpg,0
https://apple.com/hdmklvn/qtevkaa/xdddlxk.ico?page=198zr&view=3o3cn,0
https://netflix.com/ViewCounter/*/wbyg/zgrvk,1
https://facebook.com/astdu/mcxe.jpg?lang=jwy4d,0
https://apple.com/crhhkv/bjbqscz/ttmsrz.jpg,0
https://twitter.com/oca/tlc.css,0
https://cloudflare.com/qgfrpswp,0
https://adobe.com/stats.php?*http/rzamngi/bmsqmtnz,1
https://wikipedia.org/krmh/aglh/xse.woff2,0
https://adobe.com/xdomj.js,0
https://linkedin.com/plugins/visitors-traffic-/nrsh/mayrjh,1
https://netflix.com/collectsysteminfo?/yjkf/ozwpt,1
https://youtube.com/kntg/wfiqe/exjz.png?id=4r6qa,0
https://twitter.com/preparecookies?callback=$domain=~mirapodo.de|~mytoys.de|~yomonda.de/dwoi/hrm,1
https://microsoft.com/loggingService.js/knage/nhrknwh,1
https://instagram.com/api/pixel?,1
https://netflix.com/qizk/rftmisaa/ttej.ico?theme=x8tca,0
https://instagram.com/sst8.js/nwzjk/ldaeo,1
https://cdn.shopify.com/dottj.png,0
https://facebook.com/nksrymwq/buen.woff2,0
https://cdn.shopify.com/wbyae/ibslmmgp/gwdq.woff2,0
https://microsoft.com/jsv/yndaykl.ico,0
https://adobe.com/tal/sceway.svg,0
https://twitter.com/knayw/snytd/bosayh/huxnx,0
https://adobe.com/zzvau.ico?lang=vahae&page=shzf4,0
https://youtube.com/tuvrjl.ico?theme=bzeks,0
https://apple.com/analytics/embed/*/zobeiqm/wufea,1
https://.php?p=stats&/unihbqj?sessionid048=tunwsh&cid960=nhzgwe,1
https://amazon.com/vkhmht.png,0
https://apple.com/pucn/amllm/dgakesdk/zetq.js,0
https://microsoft.com/track_page_view?/qoa/jovtxw,1
https://cloudflare.com/analytics-event-adapter.js,1
https://google.com/bfsefwh.woff2,0
https://cloudflare.com/rncq/eympick/cylslilp?id=w5jzi&page=vrzyu,0
https://wikipedia.org/api-analytics./mvpqmo,1
https://adobe.com/gytrjj.ico,0
https://wikipedia.org/stats/?rt=,1
https://microsoft.com/HitTracker/*,1
https://reddit.com/logactions.gif?/jflakyo/mvfhjma,1
https://cloudflare.com/dnx-event-collector/*/obiwrg,1
https://amazon.com/TealeafSDKConfig.js/qgu/wwfldhb,1
https://youtube.com/uaxnknuw/vxf/pwqvz.jpg,0
https://twitter.com/yos.png,0
https://youtube.com/ajcm.ico,0
https://apple.com/bpiai/gbhetplh/hpmabza.svg?view=89wgr,0
https://microsoft.com/toplytics.js/wvstlomp/jkpxwhp,1
https://netflix.com/tsi/pfvat/czhg/tpgnoje.ico,0
https://amazon.com/jpxg.jpg,0
https://facebook.com/c.wrating.com/*/khmtj,1
https://wikipedia.org/zrszsfy/feca?theme=1utya&theme=hl2je,0
https://linkedin.com/htdocs/js/admiral/init.js,1
https://twitter.com/sfosiu/bqaqwxu/xlydwfm.css,0
https://linkedin.com/drrix/lwzxhe?q=f4t7c,0
https://google.com/rlvitxy.css,0
https://apple.com/qgcvi/dyt/qxo.woff2?lang=tvxfe,0
https://cdn.shopify.com/eqjgaugi?theme=m4sgn&view=qsw5l,0
https://facebook.com/ujx/nmq/efxss,0
https://youtube.com/sirjsdzq/dumsnkx.png?id=nojst,0
https://apple.com/lnjmau/poam/ydomnmt.js,0
https://cloudflare.com/pnnw/wah/mejq/dny.ico,0
https://wikipedia.org/gkjz/hpronu/wnurvp,0
https://cdn.shopify.com/sr.gif?/sqasyhk/mpvs,1
https://cdn.shopify.com/iterable/track/views/*/wwao,1
https://adobe.com/wwqxbq?id=d95df,0
https://cdn.shopify.com/new-relic.min.js/ivriq/emujdn,1
https://apple.com/_stat/log_/wxlbtg/jxysr,1
https://facebook.com/csi?v=3&s=,1
https://_beacon?/zyihlrp/aphcvis/ptou?ref=031=zpiwhq&utm_579=turnec&utm_341=kjhuee,1
https://reddit.com/cggmgjbb/gtzyhyxs,0
https://netflix.com/qlxb/bzb/yxwkkqcn/svwml,0
https://netflix.com/analytics/pageview/xtr/dsrshup,1
https://linkedin.com/ykt/bbykuc.js,0
https://wikipedia.org/uwtltx/jqmyl/uwoswij.svg?id=ihsc6,0
https://cloudflare.com/wqb.png,0
https://linkedin.com/getlog.gif/faxhh/vth,1
https://amazon.com/ga.php?$image/kyc,1
https://linkedin.com/hgrqmvr.png,0
https://linkedin.com/xauz/eedxj.woff2,0
https://netflix.com/qtdtn/fqiyujpl/mlosnrho/nxon.woff2?lang=pn629&id=tx8nk,0
https://wikipedia.org/ffjtnr/czzedsex?lang=hiyrt,0
https://instagram.com/astrack.js,1
https://facebook.com/rafw/epfzej/dxxfcvm/hmsmyze?id=ppbl3,0
https://wikipedia.org/ymbgt/kig/kavn.svg,0
https://twitter.com/RecordAnalytic?/nwfu/wjxqt,1
https://_stat_counter.php?/qvxr/jvxna?affiliate273=qvcsaa&affiliate782=gjejto,1
https://adobe.com/rum.min.js/ilyakx,1
https://cloudflare.com/beacon/user-data/mklpljff,1
https://instagram.com/fpc/cookie_js.php/tdks,1
https://amazon.com/zixz/dhyev/udeaqpr/dqofttbh.svg,0
https://linkedin.com/vixclq.ico,0
https://?event=log&/vct/cjkv?sessionid722=irltns,1
https://youtube.com/rxdcqh/hprpby.png,0
https://cdn.shopify.com/error/js/log?,1
https://linkedin.com/rzjkmue/kzyln/ikjnolcb/jzfrg,0
https://apple.com/lmfxxgtl/widufdmg,0
https://wikipedia.org/wzjez/khyfk.png,0
https://twitter.com/collect?callback=/bqqtuiq,1
https://&l=dataLayer&cx=c/yoc?utm_772=moroka&affiliate477=bmyvju&sessionid082=wzktud,1
https://netflix.com/tfvjf/nryi/hxkilc/dqwrpn,0
https://adobe.com/qhzariq/nvcqozth/uxxjql/wtofiko.js?id=ojdto,0
https://cloudflare.com/cpbvm/dhugswb/dae/qyuup,0
https://facebook.com/qydih.woff2,0
https://youtube.com/rxrneda/lic/paobbpvq.svg,0
https://netflix.com/ukvvtq/rgme/rfdx/igajfsg,0
https://twitter.com/dirpaxde,0
https://twitter.com/ruq/jlayyjz.ico,0
https://reddit.com/obryga/bimbwvzp/ulvfxycl/hyuapfm.js,0
https://?event=log&/orkzn/tdgdjl/bvuv?ref=598=nilati&cid454=ldtneo,1
https://microsoft.com/bue/rkgq/fvhd.svg,0
https://wikipedia.org/__ssobj/rum?/yqiw,1
https://apple.com/rwtag.gif?,1
https://reddit.com/hzlowxcb/yobjiqjw/mbukjcl/okonguam.css?id=dnhcy&view=cjv9v,0
https://amazon.com/ijvqj/rntvh/ggbtovk,0
https://netflix.com/iqc/mrl/lpukjp/dqzuoq.jpg,0
https://wikipedia.org/mww.woff2,0
https://google.com/Quantcast/cmp_v2.js,1
https://microsoft.com/sjnzase/tixr/dguybu.svg?theme=mmrfm&view=ua2b7,0
https://apple.com/elfqgnpc/neb/fjstdqts.woff2?page=zd1lj,0
https://netflix.com/meummhzp.js,0
https://instagram.com/vzkwig.png,0
https://amazon.com/postcounter.php?/fehmr,1
https://.eloqua.js/losryu/gwc/fgtmnles?cid711=zjesil&ref=425=mmilhu&campaign046=voqfei,1
https://microsoft.com/thpwa,0
https://netflix.com/cuo?id=7lbyr&page=k5294,0
https://apple.com/uidlxepb.js?view=wqidu,0
https://cloudflare.com.jp/pv?/zrdbjoog,1
https://linkedin.com/escc/kybgnd/ahoq/wuqsj.ico,0
https://youtube.com/ribvpch/nte,0
https://instagram.com/peezfdc/yknwhi/jnoy/vrea,0
https://cdn.shopify.com/oiti.svg,0
https://wikipedia.org/qbm/noyocvhx/xgd/cnwc,0
https://adobe.com/csp_204?,1
https://cloudflare.com/jqtyvw.js,0
https://amazon.com/wqzfp/oxzj/cgh/tbyrt,0
https://linkedin.com/cdbwnur.ico,0
https://twitter.com/bxmhrh,0
https://youtube.com/keen-tracking-/bsghtl,1
https://apple.com/lfi.woff2?q=n9t9s&page=w5dmk,0
https://twitter.com/wqwzhj,0
https://apple.com/bsytnl/ecwdbw/oxllg/lmgihzad.js,0
https://wikipedia.org/wucuie/gwyz/treqq.ico?page=hfhw0,0
https://apple.com/rum?ddsource=/wmyt/ijwcijxy,1
https://youtube.com/analytics-efukt./menphszn/mgykyrf,1
https://facebook.com/rtbrdbt/azglk/qrxk.css,0
https://google.com/tracking_pixel/wmngm/hfrbewa,1
https://facebook.com/yqkjtrku?theme=bmc1x&q=qroan,0
https://reddit.com/magpie.js/gxccwnex/shwtrwgk,1
https://adobe.com/analytics/visit.jsp,1
https://google.com/event/trigger?/vmzm/dsx,1
https://adobe.com/tiara/tracker/*/gflvil/snvzlcu,1
https://reddit.com/svvsb/lwh/tqo/kftbe,0
https://adobe.com/realtimeapi/impression?/rybtzc,1
https://apple.com/t.gif?,1
https://youtube.com/jyahqh/qttigay/ongnillz.svg,0
https://youtube.com/qajbktq/dlukozoa/fcpsywy,0
https://apple.com/xamvmxcf/aubh/mcttq.ico,0
https://cdn.shopify.com/coopcommerce-pixel.js/samwv,1
https://cloudflare.com/waf/exkcmwe/idsgmp.jpg?q=mcph7&lang=oi7ru,0
https://facebook.com/evercookie.js/vur/qisgeqvk,1
https://twitter.com/lentkwm.css,0
https://_event_tracking?/zrawwt/bpfd/eovarp?affiliate073=bodisu&affiliate513=amvhdg,1
https://wikipedia.org/xlpmuwn/cxmw,0
https://google.com/ocr,0
https://linkedin.com/analytics-library.js,1
https://youtube.com/tracking_pixel,1
https://netflix.com/counter_1.php/fapzvvvz/wmccwdea,1
https://reddit.com/imny.png,0
https://?logType=trackEvent&/llzy?ref=079=tkmioq&affiliate151=wojqgq&cid255=wfedkw,1
https://twitter.com/tvot/nbtje/ewlzm/wvcslt,0
https://microsoft.com/AppMeasurement.min.js/wzx,1
https://apple.com/quhefk/uonuq,0
https://linkedin.com/wnlxa.jpg,0
https://wikipedia.org/gmalgxl/libs/wpdke.jpg,0
https://adobe.com/ba_tracking.js/nsgz/jqmb,1
https://linkedin.com/pulc/qfq/ohllxca/ywihpdy,0
https://twitter.com/zkjulot,0
https://netflix.com/mbxrhu/mvnuuio/spnp/qzqisu.js,0
https://google.com/hits/logger?,1
https://apple.com/kgwewbk/bmcgt/wfp/wgoyx.js?lang=a12xe,0
https://cdn.shopify.com/qzolwhgu/yjt/woqnmizn/kvqr,0
https://reddit.com/pka/wfrhhtds,0
https://netflix.com/rgqxkefn/wiqjzakc/wmw?page=ov5qj,0
https://instagram.com/ga_tracklinks.js/nehss/ryglc,1
https://facebook.com/viewerimpressions?/ypxhsuow/udw,1
https://microsoft.com/idp/prjufqc/btmvy/trz,0
https://instagram.com/xiti.js,1
https://instagram.com/uqxrz/zuqs/rgqkqb.svg,0
https://cdn.shopify.com/mudiss.ico,0
https://wikipedia.org/kkukh/tujfbqbr,0
https://twitter.com/hirsmrs.svg,0
https://adobe.com/ahoy/visits,1
https://?log=xhl-widgets-events&/iyj?cid858=bcbcqm&utm_761=qluoyg&campaign011=akmymj,1
https://amazon.com/videojs-analytics.js/suyobf,1
https://reddit.com/lxt.ico,0
https://cdn.shopify.com/track-pixel./catywmzf,1
https://reddit.com/mixpanel-init.js/zgrsywym,1
https://adobe.com/adtracking.asmx/oxguec/hxdoqn,1
https://instagram.com/view_stats.js.php,1
https://cdn.shopify.com/esvzdnwg/mzu/icvr.css,0
https://netflix.com/ffmr/jjbochh/eij/rqgg.jpg,0
https://cdn.shopify.com/eybncad/uitvkmbj/emcl,0
https://microsoft.com/iigljrm/hnceusx/hxc/sjsxh,0
https://facebook.com/njbzy/rgsymd/hisdbfze.jpg,0
https://linkedin.com/ybd/ehrk/ixavopze.svg?id=pf9c9&q=0gndn,0
https://google.com/google_tag/*/qfn/lipi,1
https://twitter.com/fnji/ogudsb.css?lang=jaf3w,0
https://netflix.com/bcu/uhdikx/zuimpnsc/oefx.css?id=5exlo&id=lzffy,0
https://google.com/yqm/lhei/esqtlpil,0
https://cloudflare.com/awstats.js/fxrsqaqe,1
https://linkedin.com/ga_social.js/hptgbjb,1
https://amazon.com/mrbikjes.js,0
https://cloudflare.com/masclig/gkkgd/npx,0
https://cdn.shopify.com/eyfxgpr/zqfv.svg?q=do7h9&page=tj945,0
https://cdn.shopify.com/udtrgi/pxnnzbbt?theme=pp6pp,0
https://wikipedia.org/piwikapi.js/trpztklu/mlail,1
https://google.com/qrfmi/azfr.png?lang=ugvu8,0
https://instagram.com/count.fcg?,1
https://?type=pageview&/pahbnpa/szf/lqor?ref=481=pxhrzz,1
https://microsoft.com/lagohcnb/yrctta/gsrbc.css,0
https://?log=xhl-widgets-events&/qnozxujc?affiliate843=uyzjcb,1
https://netflix.com/inb/bcwfkj/fkcg?q=zhtnd&id=drqzv,0
https://adobe.com/metricool.js,1
https://wikipedia.org/vtrack.aspx/crrjfesu/goarmt,1
https://youtube.com/ctem.svg?page=jqrvq&page=pwvpv,0
https://microsoft.com/piNctTracking.js/tmxyskjm/cmdgzum,1
https://_imp?Log=/wjbt?utm_883=qkgmwk&sessionid694=jxdxdy&cid854=mdneqe,1
https://youtube.com/vozazqjy/bdqufykw/rbstumw.css,0
https://instagram.com/kojzclu/ahkf/kmzy?lang=f7sjo,0
https://apple.com/sensor/statistic?/wiqqeb,1
https://netflix.com/tzvrnkbd/cghft/dbxnjbd/dcjdqi.css?theme=fjayk&q=4fcug,0
https://twitter.com/ulyas/wxd/fmbe.woff2?lang=jf7y9&lang=t2qcn,0
https://apple.com/hvi/osst,0
https://google.com/RecordAnalytic?/ycrqeoa/hon,1
https://.EventTracking./uykpx?cid105=oamses&affiliate270=yfvgud&utm_632=ynpdhk,1
https://cloudflare.com/dispatch.fcgi?/hldh/tgqpe,1
https://wikipedia.org/aocxpalz/xrv/xcu.js?q=1tz33&view=9pe2n,0
https://google.com/onbyez.ico,0
https://google.com/jvlj/aspu/rnlxv/vnnxhh.css,0
https://linkedin.com/pqri/uixwfoya.js,0
https://adobe.com/xuxh.woff2,0
https://twitter.com/kqrdae/aab.woff2,0
https://twitter.com/evt.gif?,1
https://youtube.com/kalvrxke/umajo/wzj/ewfq.woff2,0
https://cloudflare.com/svgt.ico,0
https://adobe.com/sfdh/csxoa/xrgnve.jpg,0
https://cdn.shopify.com/track_visit?/wpen/xmfesurr,1
https://linkedin.com/ccksjim/sokhumk/vty/wwhfsygh.svg,0
https://instagram.com/sry/tnw/xtwfbq/cvkbe?page=m8yeh,0
https://google.com/arkfaek/jbzeki.png?page=mm3jp&id=ge96l,0
https://cloudflare.com/json?mbox=/uunle,1
https://adobe.com/ygrbuoxn/oowot.css?lang=2eq6s&view=yxc97,0
https://facebook.com/lkjwsjj/dsxx/bsed.svg?view=7cyh7,0
https://?log=xhl-widgets-events&/evcrhgx?cid446=wrkdca,1
https://apple.com/jsy/vaw/qspgffn.ico,0
https://cloudflare.com/statstracker./qixmb,1
https://instagram.com/mgpczody/rwwdrup.woff2,0
https://facebook.com/rfaw/sgepffo/iwwuhl.css,0
https://wikipedia.org/buspogwk.ico?lang=b5gkj,0
https://cloudflare.com/o_tealium.js/bgws/eoac,1
https://wikipedia.org/.well-known/shopify/monorail/law/clsiue,1
https://adobe.com/qqzc/hrputti/qtiwikit/mar.svg,0
https://youtube.com/Events/Impression?,1
"https://twitter.com/cdn-cgi/apps/body/*$script,~third-party/ayns",1
https://twitter.com/jlluwure/fgh/dnffd/hkkmh.css,0
https://-adobeDatalayer_bridge.js/kjvqomk/zcc/ldbcqyh?utm_749=oukked&campaign407=lxyual,1
https://reddit.com/seotracking-v3.js/dnx/pyiqlun,1
https://wikipedia.org/wjotlip/phut/vzhz/fno.js?theme=pokli,0
https://cdn.shopify.com/ipdp/dydflgk/dpn/zxn.png,0
https://twitter.com/tmzgcikj/kicdy.woff2,0
https://wikipedia.org/clicktale.js,1
https://cdn.shopify.com/omniture?/qfypyvig/rxz,1
https://apple.com/hufpqhx/srnig.ico,0
https://wikipedia.org/vdqvugq.jpg,0
https://twitter.com/vgizaxe.woff2,0
https://google.com/sgkl/jqza/vqwr/vdmc.svg?lang=ov7pd&q=2j44o,0
https://twitter.com/lvd/bvxyzq/nvezjonv.woff2,0
https://adobe.com/wp-monero-miner.min.js/jsyz/bsqvyye,1
https://cloudflare.com/umizysq.jpg?id=ifn8s&id=oipoc,0
https://linkedin.com/reiw.css?theme=7rv4r&q=snfz1,0
https://cloudflare.com/zrb.png,0
https://apple.com/uxr.jpg?id=8zdao&lang=j1yl0,0
https://apple.com/epwxtd/btwlti/cymht.ico,0
https://apple.com/ivdz/vpazypvm.js?page=clof0,0
https://facebook.com/upt/wraaprs/uukhqcl.jpg,0
https://instagram.com/tkgt.ico?q=9er6j,0
https://amazon.com/tracking/cookies?/wcb/bxbmstp,1
https://_stat_counter.php?/znghqrn/wrkfxji/yjabt?affiliate815=jcfuql&campaign778=yeloce,1
https://cdn.shopify.com/lztao/stxrhgk/prmb.svg,0
https://apple.com/hjihvk/bcm/tmhof.jpg,0
https://apple.com/kfqougfc/xkthf.woff2,0
https://instagram.com/whkx/urhroyh.js,0
https://microsoft.com/rrhfpa/dplgizb/rqcrok/nawib.css,0
https://apple.com/glkqrq/zma/khy.woff2,0
https://google.com/rkiiy/sixuydt/ljwrvmhj.png?view=ls9ry&q=3leg8,0
https://apple.com/count.fgi?/jlqlwtiy,1
https://microsoft.com/oavjvnd/lvfq.js,0
https://microsoft.com/rt_tag.ofs.js/acuw/yishmvez,1
https://instagram.com/crkamw/ywvrhela/wiwcgpjc?lang=ftzqx&view=3d1c9,0
https://netflix.com/mlhuazz/ocka/muqw,0
https://twitter.com/fpcookie?/uiengt,1
https://cloudflare.com/medialaanUniversalTracker.js/qkucha/dli,1
https://amazon.com/pzc.css,0
https://wikipedia.org/imp_img.php?,1
https://amazon.com/ilowq.svg,0
https://youtube.com/LoggingAgent?,1
https://linkedin.com/atrk.gif?,1
https://cloudflare.com/wvllkl/olhrqj.ico,0
https://twitter.com/ivaroi/ehxynkaq.woff2,0
https://wikipedia.org/gaCustom.js,1
https://instagram.com/xdwqk/acsugk/cooyrdt?page=44twa&view=sqcw0,0
https://amazon.com/dyidw/cbwuknxc/guovg.jpg?q=xu5vm,0
https://microsoft.com/bddzp/jsayoyh.jpg,0
https://apple.com/prcihl/xozwisvp.svg,0
https://youtube.com/sixw/xtgheh/ejftqsnz?q=awoj5&page=fzdzh,0
https://facebook.com/viewcount/record-page-view?/lge/myepzurs,1
https://youtube.com/snowplow/*$script/vxhjhgc/zut,1
https://netflix.com/eiqcbd/yalccgge/obufswq/kcavl.css?theme=8n2cm,0
https://instagram.com/xekwzhj/cbj/vivrydup/kse.jpg,0
https://adobe.com/yrybuakd/khcsy/egprkwwz?lang=et4ne,0
https://google.com/kcdrrikh/tbjt/bjg.woff2,0
https://twitter.com/kbz/hui/qlx/vkkspd.png,0
https://apple.com/tszp/ipqxlzc/iky/smgxu,0
https://instagram.com/meujfu/sru,0
https://netflix.com/cnggnvgm/hvqusfn/qiclt.ico,0
https://facebook.com/b/s/beacon,1
https://linkedin.com/iwaslw/unmben.css,0
https://twitter.com/track_proxy?/jlbpbkbv,1
https://youtube.com/vnqbbv/evz/qammjq.css,0
https://instagram.com/cqrrnq.svg,0
https://apple.com/sensor.modern.ncl.min.js,1
https://cdn.shopify.com/kwtmpnv/jpiq/ciaqr/epau.ico,0
https://instagram.com/ysrqnw/riefxdil.svg,0
https://facebook.com/hhof/ldqe?q=78v20,0
https://?action=statsjs&/lkte/vmkyuqk/hiyhjmwu?affiliate014=nizgqt,1
https://cloudflare.com/csn/wddnxftv/bbjkjz/opk.ico?id=k1ri0&lang=mhfg3,0
https://youtube.com/RecordAnalytic?/rjhft/azvjbd,1
https://cloudflare.com/gwxbh/cohugliq/ykqkcd.svg,0
https://twitter.com/amp-skimlinks-,1
https://youtube.com/base/es5/bundle.js/ecepnp/dveh,1
https://google.com/drwebstat.js/vws,1
https://microsoft.com/counter.cgi?,1
https://&action=js_stats/ydwwgl?campaign296=wsikzg&affiliate619=uwawck&ref=226=zjwnah,1
https://wikipedia.org/shw.ico?page=k6sxe&lang=u1idf,0
https://cdn.shopify.com/ckubevba/wkn,0
https://facebook.com/ystat.js/pyp/ubbg,1
https://microsoft.com/hqppka/ltwdfbht/dul,0
https://google.com/asamkfl?q=219nw&q=gy3q8,0
https://apple.com/b.banners.impress./qtsrabl/keqoosfv,1
https://adobe.com/ceu/mfz.svg,0
https://adobe.com/showhits.php?/tjhe/ebqlcw,1
https://cloudflare.com/invni,0
https://microsoft.com/lnijbp/sdai.ico,0
https://linkedin.com/qrfgka/oghddymi/prdlflln.jpg,0
https://wikipedia.org/dfre/gxizca/gqcqxqv,0
https://reddit.com/bpo/qclasewt,0
https://adobe.com/srxydt/hmyn/jioovsb,0
https://adobe.com/gmyafl/bqpfgrwu?view=q2s9l&lang=m7hdr,0
https://amazon.com/pixall.min.js,1
https://apple.com/fbevents.js/nrffn,1
https://cdn.shopify.com/nhiofbz/xlznpg/rmfum/uearhi.svg?theme=sn05h&view=hw38k,0
https://microsoft.com/elstn.jpg,0
https://reddit.com/apbl/xhmxlf/gmo/wdkpopo.js?q=noi7a&view=csdy6,0
https://youtube.com/wfzz/kaba/pga,0
https://adobe.com/omni-tracking.min.js,1
https://cloudflare.com/lxuoflz/tdsxblw/kcuuqscb/vyec,0
https://cloudflare.com://track.*/collect/nugt/lizblj,1
https://amazon.com/oowcyo/ojrulhnk/zfiyorbu,0
https://netflix.com/rstnfxe/yabadfg.ico?theme=z1j0u,0
https://twitter.com/pmsa/uwjaao/oom/jwx.jpg,0
https://cloudflare.com/api/v2/jsonlogger/cxztmik/yff,1
https://reddit.com/pdp.gif?/ijpjmws/myddbm,1
https://microsoft.com/geoLocationData/v1/*,1
https://cdn.shopify.com/idkrxx/iwcl/ykbt/mumjyux,0
https://google.com/xxrzkf.woff2?view=jte3q,0
https://google.com/rykl,0
https://wikipedia.org/ufnzuip/mds/yewyud/xfnskr.css,0
https://reddit.com/mcount.cgi?,1
https://cloudflare.com/qdbzce/zhqwdp/ersvp/woarrj.svg,0
https://facebook.com/rt_track.js/aszkqcxp/jhvdyl,1
https://facebook.com/gmephdq/ajf.jpg,0
https://google.com/fnz/chwoj/hgb,0
https://youtube.com/daaak/gcixf/emd.ico,0
https://youtube.com/czpo/ghydsusw/xxw/jbsf.woff2,0
https://wikipedia.org/pkbcpmwj,0
https://netflix.com/idltyi,0
https://instagram.com/anvd.png,0
https://reddit.com/srugenf?id=2kbzz&theme=v5ac5,0
https://reddit.com/rtd/ymiqt/ktvhaiq,0
https://reddit.com/_/api/v2/analytics/?/vgaop/lxwob,1
https://netflix.com/jgxmcxip/xhdc/hoaljvl,0
https://youtube.com/npv.css?theme=x88jc,0
https://twitter.com/wkc/mhxhsvu/iasty/tltswka.svg,0
https://microsoft.com/egkwvqo/zirka/qiscj.js,0
https://youtube.com/cvexcxpe/aretrxn/rtgnztr/rfegv.svg,0
https://instagram.com/swa_t.gif?,1
https://google.com/vurmqf.css?page=en0ge&view=d8map,0
https://amazon.com/spymonitor.js/fxczewxb,1
https://facebook.com/sqmz/nspv/oggzuah/xqbd,0
https://netflix.com/fdwrmk/tyvzzpo/odg/dppldxlg.ico?id=kylkl,0
https://apple.com/appinsightor.min.js/jivyar/axde,1
https://apple.com/hoypq/kjecuklf,0
https://youtube.com/zjh/psxat.jpg,0
https://twitter.com.com/counter?,1
https://apple.com/hesmu.ico?q=scoce,0
https://netflix.com/ayzocq.css,0
https://twitter.com/track?*&event=/chmpy,1
https://linkedin.com/TeaLeafCfg.js/stw,1
https://instagram.com/cohl,0
https://instagram.com/okyso/rioyw,0
https://cdn.shopify.com/boomerang.js/bitxlhk,1
https://.php?action=browse&/wfhdufun?ref=904=yivfux&sessionid192=eorwtz,1
https://linkedin.com/analytics/amp/*,1
https://reddit.com/qrmlhlo/ngdd/bkqii,0
https://apple.com/vxprh/lqg.svg,0
https://adobe.com/iffg/cdybi/vcssdqi/mlf.js,0
https://cdn.shopify.com/mkc.js,0
https://.EventTracking./zsycly/phq/xtol?cid443=dsrxbh,1
https://cloudflare.com/wxvgv/eupfd,0
https://google.com/bqa/yqlgyrz/ggj.ico,0
https://facebook.com/jvzvre/ybrp/lkc/mqtj.jpg,0
https://-adobeDatalayer_bridge.js/vnc/buj?cid275=kvpsvb,1
https://adobe.com/qasue/asfvdyu?theme=rqzvx,0
https://amazon.com/stat.htm?$domain=~192.168.0.1|~192.168.1.1/ihnahlgr,1
https://twitter.com/sitecatalist.js,1
https://instagram.com/wwfrca.woff2?lang=jcgy4,0
https://apple.com/zws/tzsoxqlv/smytp.png,0
https://facebook.com/konvlfp/rzjty/xow,0
https://twitter.com/fvquks/aeqvaegb.woff2,0
https://wikipedia.org/vboedjra/ohmc.css,0
https://amazon.com/jqge/qbyu.css?q=i8hhz&lang=zrizf,0
https://microsoft.com/ekuxyhc/shr.jpg,0
https://wikipedia.org/rnrzyhl/pjj/dvgwhxk/pjof.ico?q=g2g1e&page=hlbdn,0
https://adobe.com/tpsqhnpn/nay/yoz,0
https://apple.com/ga-script.js,1
https://apple.com/stats/pv.php?/wkqvtcce/xbcgllmm,1
https://google.com/bgspye/crpvjpji.ico?page=z1691,0
https://netflix.com/njncs/jthhnsf/cuts,0
https://reddit.com/vgxfnxs/eziucxxo/zqlukw?theme=b99pv&theme=1tqmq,0
https://facebook.com/ers?page=6ykgt&theme=hw8x8,0
https://microsoft.com/flying-analytics/*/aikmu/wlhedr,1
https://instagram.com/ewzm,0
https://apple.com/sjhqnytm/uepky.woff2,0
https://?action=statsjs&/iqikex/vpouve?cid446=jlmugg&ref=384=wfrlxh&affiliate327=tckawg,1
https://google.com/rsku,0
https://instagram.com/hit-counter./dar/pptr,1
https://apple.com/mpxpo.woff2?q=bv8p8&page=tyl8y,0
https://twitter.com/scripts/track_visit.php?/tmro/lnwpx,1
https://youtube.com/ptzkx/yizgu/hcsj,0
https://facebook.com/trackjs.$domain=~trackjs.com/fdbee,1
https://youtube.com/eta/guid?/mcbex/ovqys,1
https://wikipedia.org/stat?event=/orikdlsa/ikc,1
https://facebook.com/b.rnc?/xnx/yvlcmynd,1
https://apple.com/wpu/oythinll/ibnfrbkx/fuizhca.css?id=bbsmz&view=us4z7,0
https://twitter.com/tracker.ga./nxubksnw/kexbmknh,1
https://youtube.com/pdmgfgf/rpujjqkv.ico,0
https://adobe.com/oxwgqt/mzzg.css?view=zhm89,0
https://cdn.shopify.com/sessioncam.js/plwanmyx,1
https://cloudflare.com/vrjm/azobk/swlcwnmv/bgkjcz.jpg,0
https://linkedin.com/s-pcjs.php/ljujyvfx/ojhf,1
https://cloudflare.com/eicqh/foc.js,0
https://amazon.com/click?track=,1
https://linkedin.com/adobe-analytics-$domain=~business.adobe.com/sno/jjat,1
https://&ev=PageView&/crh?affiliate468=iwesvx&affiliate350=rhawnx&sessionid254=lnnglp,1
https://google.com/bivfpmd/bkljzl/ufxy.css,0
https://twitter.com/dwh/qrdgs.svg,0
https://linkedin.com/mjfkpzh?view=8mksj,0
https://cdn.shopify.com/cfdbzsh/bqkt/oeecfndr/bgvxae.png?view=8a5xl&theme=6mtqv,0
https://twitter.com/pinterest-pixels.js/jeameu,1
https://linkedin.com/zxwbvp/raa/svkz.png?view=29mky,0
https://microsoft.com/gak?theme=9r11l&view=avuc9,0
https://linkedin.com/tr/pageview/*/jllwalxx/eyywz,1
https://facebook.com/views_tracking/*,1
https://cdn.shopify.com/tracking/networktrackingservlet/ogzdt,1
https://instagram.com/sfsgfcle.png,0
https://instagram.com/mtvi_reporting.js,1
https://reddit.com/pixeltrack.php,1
https://-geoIP.js/moe/zbkku?sessionid858=gpifxe&campaign712=xpzdsa&sessionid959=xtmeqe,1
https://netflix.com/dlvapb/ksp.woff2,0
https://linkedin.com/djdfi/llhods?lang=eyy99&q=6fvag,0
https://google.com/bzneb/tzlunkb/pujxu/ypsdy.ico,0
https://google.com/ucount.php?/pbvnuwd/enitl,1
https://amazon.com/jmxwwnik/bkjsnrf.css?lang=n42gu&page=9gjmc,0
https://adobe.com/xfqs/noooe/ilqfmhkq.ico,0
https://cdn.shopify.com/afa/vucffdfl/evjevaa/dpdmed.css,0
https://wikipedia.org/ogvsfawk.ico,0
https://twitter.com/gqsaudz/saf.css,0
https://microsoft.com/visit-tag?,1
https://linkedin.com/egtc/cxfui.css,0
https://?log=stats-/xfo/irsum?cid539=xsyayc&sessionid140=itjzbl&affiliate259=vahjuw,1
https://amazon.com/TealeafSDK.js,1
https://google.com/gnlzp/ycv/mulf.ico?lang=f4k0y,0
https://microsoft.com/aoquhu.js,0
https://linkedin.com/yiqolq/pawi/exqkpq/ksfcykdj.js,0
https://linkedin.com/log/counter?,1
https://twitter.com/qzrmoq/btdcj/gfk/nfulwly.ico,0
https://_c.gif?c=/jecxioy?affiliate545=lycajd&affiliate571=lnqhwk,1
https://apple.com/rjolcdv/usso/ggwsba/jwauisnh,0
https://amazon.com/mswvi/xmyrwhok/wyjly/hsh.svg,0
https://instagram.com/twgc.svg,0
https://linkedin.com/coz/ccuzfipj/rzrxca,0
https://adobe.com/rltt/zshfktb/jshxna/shn.png,0
https://reddit.com/xcznbp/mylgcif?page=iuc09&id=a7aff,0
https://linkedin.com/dfoozuv.jpg,0
https://apple.com/knnp/mzwius/ufvgp.jpg,0
https://reddit.com/vilzlv.svg?page=5bxhe,0
https://adobe.com/sfCounter/*/trojf/ypfeul,1
https://wikipedia.org/lwkr,0
https://.gatracking.js/zzrjjye/pucpfxw?sessionid595=vymwcc&cid518=gwdsqs,1
https://google.com/submission/pageview/ebon/echpfhvs,1
https://google.com/rgea.min.js/gaibkef,1
https://twitter.com/mmlex/myqaknxx/jpeiwhu.ico,0
https://linkedin.com/tory/tacbeah/pvqjsm/qqcng.svg,0
https://youtube.com/ihix/dqp/tveybip.css,0
https://google.com/event/tracking/rtdvcdye/iqpdnmkz,1
https://google.com/cfxhibum?view=tskz7,0
https://amazon.com/alog.min.js/frfeixg,1
https://cloudflare.com/eqecagb/jvxqe/gwlio?view=2sxq2,0
https://google.com/webdig.js/gbixznbv,1
https://adobe.com/jsnvbnh,0
https://netflix.com/fjyl/qldwbely/ofjyngl/plsamqsz?q=a8633&theme=i1y10,0
https://reddit.com/t/event.js?,1
https://netflix.com/hpphw/auocgg/yfvg.css,0
https://facebook.com/sshagslq/pta/ykvc/dcn.jpg,0
https://twitter.com/dci/qnqje/evlaqzi.svg,0
https://facebook.com/rmaa,0
https://?log_performance_metrics/ibzq?cid961=bqplme,1
https://cdn.shopify.com/collect/pv?/ijmgpptp,1
https://reddit.com/ajax-link-tracker.js,1
https://google.com/qvzhfble/tctn/zas,0
https://cdn.shopify.com/ovmlsia/jaup/gufz.png,0
https://instagram.com/assets/performance_timing-/vdfcp,1
https://twitter.com/kwsyhsp/xawsxhtd/uve.png,0
https://apple.com/ubk.js,0
https://wikipedia.org/fp2.min.js$domain=~spweb.auction.co.kr|~spweb.gmarket.co.kr,1
https://cloudflare.com/cutmj/fyney/sft/grqo?theme=7smku,0
https://cdn.shopify.com/postlog?/bdz/lxc,1
https://youtube.com://analytics-cdn./xtpuaeuo/gkjwq,1
https://youtube.com/mafj/gebh?id=4ykgb,0
https://instagram.com/loganalyticsevent?/qem/rkbt,1
https://wikipedia.org/gc?refurl=,1
https://adobe.com/hctrd/mbhqtg/jcuhycrg/cxlp.woff2,0
https://wikipedia.org/anggdn.jpg,0
https://wikipedia.org/esn,0
https://twitter.com/sic,0
https://amazon.com/affiliatetracking.js/qthta/ilxfyim,1
https://cloudflare.com/vqdexp/gqnbrah/mkwzmwdt/yfzbn.jpg?lang=e0vv2&view=kfinl,0
https://google.com/ctiiinv.woff2,0
https://youtube.com/xbpkg/gsvvalj/svs.png,0
https://amazon.com/log_beacon.js,1
https://cdn.shopify.com/ubfyokzp?id=ndkjd&view=jf68j,0
https://twitter.com/fxenmy/ylaugxg/ifo/nuvef.svg?page=iwysl,0
https://youtube.com/fvprriwx/xgajkz,0
https://amazon.com/esz/zcd/kpjagps/ymcvyzx.png?page=56pz5,0
https://cdn.shopify.com/analytics/layer,1
https://netflix.com/kaga/loid.woff2,0
https://netflix.com/zlqvw/mjmhzl/kvuz/zlbjuj.js?id=foa1c,0
https://_webanalytics./srch?affiliate200=tcpqbq,1
https://cdn.shopify.com/pwedg/piur.svg?theme=4pggq,0
https://apple.com/misites/*/hcse/exs,1
https://twitter.com/jjz/vdxpj,0
https://facebook.com/quzntcut/pqdd/xxgsajrp/gzclk.woff2,0
https://amazon.com/zais/hhorkm.svg,0
https://wikipedia.org/cvvudvc/pomojr/kelzyvr.ico,0
https://google.com/jqape/noxqpqs/uwdzix/pxvkfev,0
https://netflix.com/vcypw.jpg,0
https://reddit.com/tau.css?lang=fhqjj,0
https://facebook.com/counter2.gif?/pkdzfi,1
https://apple.com/mnvnk/jlmrv/mbvabcmn.png?q=jy9to,0
https://linkedin.com/fgwalz/dpk/euyblvp/yssbmj.css,0
https://twitter.com/icw.png?id=z8mi5,0
https://amazon.com/ghxdmht/twbonvkh/jaixgkb/yinct?q=elk2s,0
https://adobe.com/stats.cgi$image/apg/mhsvqzd,1
https://wikipedia.org/qusx.ico,0
https://netflix.com/uhmk/jmk/btktt/tnueq.ico?lang=ab0kx&lang=ng2ps,0
https://reddit.com/xpqhzf/gsdjeo/fornnhxl,0
https://youtube.com/euyrt/kwn/lmww.js,0
https://youtube.com/omni-tracking.min.js/jdh/jnyr,1
https://microsoft.com/nuycpkf/yuswxnpw.png,0
https://facebook.com/evfoyarv/kdy.jpg,0
https://facebook.com/yhemzm/gcnu/vwthafu.woff2,0
https://facebook.com/gru.ico,0
https://facebook.com/ayvxcnz/janbwnwc/uwchdzn/krsvygzm.css,0
https://amazon.com/stats?style$~xmlhttprequest/kft,1
https://.skimlinks.js/rqu?sessionid276=jljrze&cid890=krthze&cid787=xuumfa,1
https://facebook.com/kvsymf/lyvh/uoule,0
https://adobe.com/ehfmud,0
https://twitter.com/codesters-analytics.,1
https://adobe.com/taktl/fpdb/noqzre/vssisf.js,0
https://cdn.shopify.com/matomo-tracking.js,1
https://apple.com/yyhmmmg.ico?q=ihle0&view=7c9pt,0
https://instagram.com/dqlyjdoq/xfgzdk/adcvqlbd/svelacr?lang=wlhjy&id=752q2,0
https://facebook.com/vfjf/plyldl/bbojv.svg,0
https://apple.com/wglhzd/pog.svg?q=flt5e&q=bdr1f,0
https://reddit.com/buxvf/pzwrdf/rcbxyiq/vyo.jpg?page=96kga&q=2q297,0
https://google.com/zekfab/qbcan,0
https://microsoft.com/xpouvy/ikrgsx.svg,0
https://.php?logRefer=/uczx?affiliate354=zvgegx&cid777=jwwbje&affiliate430=vmihwh,1
https://netflix.com/wchwry.css,0
https://google.com/vlrv/pgx,0
https://reddit.com/plow.lite.js,1
https://facebook.com/zwr.js?id=qv2o1,0
https://linkedin.com/cpc.woff2?view=4qfmt&id=o7vgt,0
https://cdn.shopify.com/zdzyi/xxfpwh/otkq/xtby.jpg,0
https://apple.com/kiibyli,0
https://adobe.com/statistics/pixel/*/jrgsn/uhjnze,1
https://&EventType=DataDealImpression&/siu?sessionid593=xamuau,1
https://apple.com/amp-access/set/*/krxea/cxfvfgd,1
"https://$csp=child-src 'none'; frame-src *; worker-src 'none',domain=thepiratebay.org|vidoza.net/tvowifx/orstymu/evdl?affiliate128=caoyoo&affiliate224=ofwsbt",1
https://adobe.com/esy/eakxvqz/seifh.png,0
https://wikipedia.org/_ga?send&,1
https://amazon.com/rzl/kxdihyoz.js?view=i0h48,0
https://wikipedia.org/vwhunpql/mnbnqdhf.woff2,0
https://facebook.com/onestat.js,1
https://microsoft.com/znshrzrg,0
https://adobe.com/zapypa/iuwh,0
https://amazon.com/gicy/nxiy.svg,0
https://youtube.com/logImpressions?/dzlr/olit,1
https://apple.com/logging/logjs,1
https://?action=tracking_script/znaxasnw?sessionid860=tnoxjm&sessionid694=vpolwe,1
https://wikipedia.org/track.php?domain=/trelau,1
https://reddit.com/rvomtohf/yfaalz/pgakhnk.ico?q=yl5nd,0
https://netflix.com/wp-content/plugins/wp-click-track/js/ajax.js,1
https://netflix.com/ydv/wfxvc.js?id=1i6mk,0
https://reddit.com/counter5.min.js/hlp/wst,1
https://youtube.com/gmakipl/drqm/dnbaeh.js?view=vesyg,0
https://amazon.com/eij/gnmoay.woff2,0
https://apple.com/bkfqsvq,0
https://adobe.com/dlyhq/wcuv/jujshj/tqz.js,0
https://google.com/mbbzrix.woff2,0
https://instagram.com/laqzclnx.png,0
https://amazon.com/kmmiu.woff2,0
https://twitter.com/qyjecada/pjdghyqa/zgxkgj.css,0
https://wikipedia.org/sdxn.woff2,0
https://reddit.com/payik/zrxcigne/yljdcg.jpg,0
https://wikipedia.org/hztjr,0
https://wikipedia.org/umt.gif?/wxhtxjzu/quvbnaly,1
https://cloudflare.com/cvxozcg/jjzqtezt,0
https://linkedin.com/api/v1/reportData/*,1
https://apple.com/bineos.min.js/jdckt/bumpvn,1
https://linkedin.com/cnfkqln/crdfhyqw.woff2,0
https://adobe.com/gvbljynm/lmhplk/blmixk,0
https://instagram.com/teuzxvsd/kemu/emmtnrt.jpg,0
https://twitter.com/gvqqho.png?view=v8yu1,0
https://linkedin.com/sfe/kvqluay?q=i0zzb&page=j5nhk,0
https://netflix.com/jtwl.js?view=x4gku&id=71f9t,0
https://cloudflare.com/analyticstrack.js/wmucobsb,1
https://apple.com/sdwj/yulesfd/ziwoh?lang=ppfye&theme=ej5hn,0
https://cdn.shopify.com/cgi-bin/count/*,1
https://_stat.php?referer=/fufiq/vhqrqe/yoggaah?affiliate267=fikjwv&cid460=diiyqm,1
https://twitter.com/wzegejm.css,0
https://amazon.com/bgdfps/lwua,0
https://facebook.com/ncnd/doul/nqgxjl/njxtme,0
https://youtube.com/daeox/anpr/hwhtwn/bdg?q=9qbcx&id=ctm58,0
https://instagram.com/rkipidg/dnqgc/weouxkrp,0
https://google.com/TrackClick./emstecd/uyzaqtfj,1
https://reddit.com/vtczuyn/tytnn/ychgv.css,0
https://cloudflare.com/jwop/nevdp/vvm.ico,0
https://adobe.com/UniqueUserVisit?,1
https://netflix.com/reja.css,0
https://instagram.com/cfmrpw/ozyx/vgfsam/wxrb.js,0
https://amazon.com/eqi/czwycug.ico?id=set48&view=a4o4u,0
"https://wikipedia.org/c?siteID=$image,script",1
https://reddit.com/qmuo?view=11cgr,0
https://linkedin.com/uxuw/jjcsnii/vajz?q=sdr71&view=pp8gz,0
https://.php?p=stats&/yszctkfd/grdkz/vkttgb?affiliate547=stdfax&cid095=ebornh,1
https://facebook.com/DNSCheck.js,1
https://youtube.com/iqvdasdp.ico,0
https://cloudflare.com/gwqo.png,0
https://.php?action_name=/yoc?sessionid642=deohqa,1
https://netflix.com/pfkzadm/mmswuse/umbdaq/uyjnkkn?theme=o08r4&view=9v4ek,0
https://wikipedia.org/ekyjzka/yhmk/yzpcboqb.ico,0
https://instagram.com/mytqhf.js?theme=kz58m,0
https://cloudflare.com/fczguwio/woqcdfbd/ytbuilut.js,0
https://twitter.com/api/drpStats/ivfvb,1
https://google.com/knbpag/iciezexy.css,0
https://adobe.com/tktr/wiwdjqdv/ewsavq/fkh.js?page=qro3h,0
https://youtube.com/epiyxcia/grgnp/aty.css,0
https://reddit.com/aytoeavk/yzj.ico?theme=8wb5z&page=bbccu,0
https://reddit.com/cdn_cookie_service.html/dgib,1
https://cloudflare.com/zskrcm/jnpfgd/jft/pgeb?page=cn54u&lang=p7v6j,0
https://microsoft.com/imobxb/wgqhknv/fbc?theme=9r95u&theme=5zodg,0
https://facebook.com/idi/wdgiwg.js?theme=6i9np&view=hnews,0
https://microsoft.com/ifdxd.woff2?id=6znk4&page=bxrwy,0
https://netflix.com/wafe/uhlwjhpm,0
https://instagram.com/uekneecp.woff2,0
https://facebook.com/php-stats.phpjs.php?,1
https://apple.com/szpjcndb/iubfcxlf/zuiuio.png,0
https://amazon.com/gwzda/jvu/xpiagjzu/legb.ico,0
https://facebook.com/ehncdxqz/jilngr/tskdhuj/mvuhonb.css,0
https://youtube.com/nicjd/aby/jgksxyfv/oqu.js,0
https://reddit.com/khrmcsz/ubip/iyor/vtk.svg,0
https://cloudflare.com/wcount.php?,1
https://amazon.com/skwucisg/csaryw/kjwgknki/htc,0
https://apple.com/zyq/bfgcy/bdbjh/muxluo,0
https://microsoft.com/log?event=/avn,1
https://facebook.com/kosqmk/fzcg/jzzcf/ogii.ico,0
https://cloudflare.com/cgi-bin/online/uos.cgi?,1
https://linkedin.com/wp-json/iawp/*/prvf,1
https://youtube.com/newrelic-browser.js/chmgs/ltzb,1
https://youtube.com/monetate.js,1
https://cdn.shopify.com/fdgkuol.woff2?q=qltem&lang=phuw6,0
https://twitter.com/xopzu/yqyaljn/amh.css?q=t76uo&theme=i0lxk,0
https://apple.com/web-pixel-shopify-custom-pixel@/yyqt/orys,1
https://linkedin.com/jxl/bilxacky,0
https://apple.com/qdmjy/ontbuy.js?theme=g1cwh&page=xpqc6,0
https://microsoft.com/bxh/edjy,0
https://google.com/oiuuu/zjp.css,0
https://apple.com/upy/nyzwaq/mvjt.js?id=lu8e1&page=9s1e8,0
https://apple.com/newrelic.min.js/klvdgyl/zkzlbxi,1
https://wikipedia.org/bagvkbfv/rtxycbza,0
https://cloudflare.com/aql/ddwu/ylmmxu.js?lang=2ewlo,0
https://microsoft.com/menia/cla/tkjaxk/kls.css,0
https://adobe.com/inuml/kyqmbdi,0
https://cloudflare.com/uycpxh/kes/hojozsz?page=cct1i&page=ut522,0
https://reddit.com/bepynpuj/nywujah/hkzoxqd/kkwh.svg,0
https://netflix.com/joomla-visites.php/bidvx,1
https://apple.com/quhbfk.js,0
https://microsoft.com/xgyq/dtie/xarfqzu.jpg,0
https://linkedin.com/lcltewr.png?id=avjc8&theme=2t4pk,0
https://adobe.com/cmp3.js/fzye/utimol,1
https://microsoft.com/ubqji/wbokx,0
https://reddit.com/ueybyf/qgkkm/mrubjw/vaplgm?view=lzcc8&q=26nby,0
https://twitter.com/usaooy/sovx/regluam/mhkukv,0
https://facebook.com/smuwvijg.js,0
https://wikipedia.org/xhxgxotn/thxqg/ynrok/empply,0
https://twitter.com/xeaejqu/bmsyz/iik/wmyksk,0
https://netflix.com/idaxtacm.jpg?q=l5rx4&page=7g1hy,0
https://youtube.com/veh/qve/ynglvfyf.woff2,0
https://netflix.com/bpmtdf/ylp/utahooj.woff2?page=hdqgf&q=kg6v4,0
https://microsoft.com/jdq.woff2,0
https://linkedin.com/jhnnu/ijyc/zaqmzjwn,0
https://cloudflare.com/aff_land?referrer,1
https://microsoft.com/ogy/jtsv/tvev/ivrr.woff2,0
https://linkedin.com/counter/stat.php/lpasqlhb/yrm,1
https://twitter.com/fdwnt/eqxgxh/xbiutje.js,0
https://cloudflare.com/ppn/fngfmo.woff2,0
https://linkedin.com/wkqc/wpobyee/qslihcdo?view=nxdnv&id=es5bi,0
https://facebook.com/cnt_js.php?,1
https://adobe.com/itmet/ehzxch/niaclnr.ico,0
https://amazon.com/cgi-bin/count/*/uqk,1
https://wikipedia.org/jqgpuy.woff2,0
https://youtube.com/amfaskec/qttvga/nswvfe,0
https://google.com/nwzdqx.svg,0
https://adobe.com/clqcrzi/jazkpgwq.css,0
https://youtube.com/referrer.php?*http/jawtcqlh,1
https://wikipedia.org/tiynoqj/qgs/wkcqwsu.ico,0
https://apple.com/zjrtfi/zao/pvfsixus,0
https://cloudflare.com/wp-coin-hive-util.js/byaevooe/leufgt,1
https://cloudflare.com/matomo-tracking.js/qdh/yfxok,1
https://cdn.shopify.com/wxhbsm/tkmxf/wrnhddu.css,0
https://linkedin.com/api/bfb_write_log,1
https://microsoft.com/isckso/ijekc/bnhagbnh.jpg?theme=oamlz,0
https://linkedin.com/vbrm/eekbq/hjagih/jwdo.js,0
https://amazon.com/cfdtrihx,0
https://youtube.com/qxnssc/obhw.js,0
https://apple.com/libs/tracker.js/dxhfi/xvmyx,1
https://wikipedia.org/ekfibgz/aomp/qqr/kii.ico,0
https://google.com/xdwu/hsvk/uqtuxfv/aqakjtm,0
https://reddit.com/tag?tags=,1
https://cdn.shopify.com/hmuhnmum/khi/zzzbej,0
https://?event=log&/wgqtek/dweaxd/djl?affiliate805=gyasza&utm_157=aawlys,1
https://twitter.com/xpj.png,0
https://cloudflare.com/nfvdu.ico,0
https://adobe.com/collect?event=/rrf,1
https://.eloqua.js/gpasig/aci?sessionid560=lukoso&sessionid878=naigze&ref=282=ilnspp,1
https://cdn.shopify.com/plugins/pageviews-counter/*,1
https://apple.com/sgr.ico?view=f5b5e,0
https://youtube.com/ga_no_cookie.php/dqtksbou/vyjkh,1
https://cloudflare.com/esqovgzq.jpg,0
https://apple.com/ls.gif?/tobg,1
https://twitter.com/count.do?$domain=~its.busan.go.kr/kjp,1
https://twitter.com/stx/ktbqgyeh/uxotv/telv.ico,0
https://reddit.com/pixall.min.js,1
https://google.com/weblog.php?,1
https://linkedin.com/pvlauzh/pzdqttj/xagswqxk.woff2,0
https://instagram.com/ykpy/yhhvixvv/tujvu.css,0
https://reddit.com/xsimpr/rrkxuaoj/xpvos/php,0
https://facebook.com/gaaddons-/wiyubpui,1
https://google.com/teva/mlquv.woff2,0
https://facebook.com/esdogqg,0
https://netflix.com/Visitor.aspx?,1
https://.php?tracking=/qbx/flkarp/kiqgo?ref=401=plpvjp&cid101=idvdof,1
https://adobe.com/glakydfq/ydpmd?view=9dflo,0
https://.skimlinks.js/jnmfhvfn/rduy?ref=051=feuths&affiliate524=uwghcr&sessionid672=ipmkpm,1
https://adobe.com/fukx/rctsyeiw/aatcwo.js,0
https://apple.com/xcxjaeh/ynsmgz.js?page=ymbxl&lang=j4o5b,0
https://youtube.com/skfrhb/jvnqbqum.css,0
https://apple.com/htdocs/js/admiral/init.js,1
https://twitter.com/gtm-listeners.js/oyzjdtu,1
https://adobe.com/ytggtqx/shnpbsb/nru/pyiyju?view=w8yb0&theme=x7so8,0
https://netflix.com/ccerez/cwtzvkyp/hzwfvmm.css,0
https://apple.com/webstat.js,1
https://reddit.com/xxos/qiscgro.js,0
https://youtube.com/ftyoc,0
https://?log=xhl-widgets-events&/vgtul/cyrvcn?sessionid582=jwnapk,1
https://cloudflare.com/script.tagged-events.outbound-links.js/vydswd/gidssbak,1
https://twitter.com/mothi/nlkkktm/unymzc.svg,0
https://apple.com/hhyfns/isbucbr/sksunf/msqglzbi.svg?q=fgppp&q=omp8v,0
https://google.com/tjnrhph/xso/gsg?page=065wc,0
https://netflix.com/adb1.gif?,1
https://netflix.com/bjhjikes/lslqgwo,0
https://amazon.com/web-api/log/*/axnf/whxouvkh,1
https://reddit.com/dryxzu/eslanjx/xjler/rkxbwltv,0
https://netflix.com/vzite,0
https://instagram.com/impression/track?/miejzg/swp,1
https://adobe.com/obnb/khviicxg/teqe?q=u7uqm&lang=t6d3g,0
https://youtube.com/edmonds.js/xfxuhpmx,1
https://cdn.shopify.com/vxmncdkb.js,0
https://.EventTracking./lky/ocwov/uiy?sessionid909=ryhltj,1
https://microsoft.com/trans_pixel.asp,1
https://twitter.com/zgq/npuunyg/penjkmfi,0
https://youtube.com/stat.js?/civgxdx/vayk,1
https://amazon.com/ofwtqiz/qnuvfw,0
https://amazon.com/transparent1x1.gif/kgwyztn/ueua,1
https://adobe.com/fbbpnsyd/akxggdln.svg,0
https://instagram.com/neustar.beacon.js,1
https://netflix.com/tiwg/cuoj/ycppablm/hpohmew,0
https://netflix.com/iywzxx/fqwbg.woff2?view=5vkxr&q=u6nhy,0
https://twitter.com/vumjqd,0
https://cdn.shopify.com/stats/log.pl/jbni/znfhsg,1
https://reddit.com/mixapjq/svp.woff2,0
https://adobe.com/uxztejb.js,0
https://cdn.shopify.com/events/pixelEvent/jwyqj,1
https://wikipedia.org/iznzpe/xsffkqh/vnzypdoz.ico,0
https://apple.com/bnnhj,0
https://reddit.com/wcubvxpu?lang=f38ar,0
https://facebook.com/jphsbhxu/upgyrrzp/slnrmwbw/pmnrvvu.css,0
https://instagram.com/dlal/uylbi/kkgbty.jpg,0
https://facebook.com/gaTags.js/xgicb,1
https://instagram.com/bzzw/yonouk,0
https://apple.com/uhfo/ldg/knpqnb.css,0
https://netflix.com/cvujztsf/nnyff/ervl.js?id=u9g1q,0
https://amazon.com/metrics/onload/zpow,1
https://instagram.com/ga-tracking.min.js/urorfjgp,1
https://cloudflare.com/tfuenwip/fruy/xnpw/onus.js,0
https://google.com/blank.gif?*%,1
https://cloudflare.com/muq/bunzx.jpg?lang=x8pjw&theme=kcj7g,0
https://wikipedia.org/figjbd.png,0
https://linkedin.com/track/hit.gif/azql/nre,1
https://cdn.shopify.com/pzytvue.js,0
https://reddit.com/googletag.js,1
https://netflix.com/qqakg/cdjeh/rqft,0
https://facebook.com/dbmhfp/uedh/kaut.png?id=tsmi2&lang=b7rhp,0
https://twitter.com/bnlz/okqxlito/wlomcfje?id=fsnzt,0
https://linkedin.com/goAnalytics.js/ecfdmui/qydyhlb,1
https://&t=pageview&/lqvggjx?ref=152=xlgqwt,1
https://microsoft.com/piriveb,0
https://linkedin.com/__ssobj/sync?$image,1
https://cdn.shopify.com/fzefk.svg?lang=g5ufw,0
https://instagram.com/tiztoxcp/vugsf/gstgl/ghw.css,0
https://apple.com/iawjqpqo/czxk.ico?page=ws2fy,0
https://adobe.com/pagelogger/connector.php?/ahm,1
https://facebook.com/vdzkvvgn/uzbvjwee/qwznnm.js?page=nmi5i&page=blu0m,0
https://google.com/skwqm/xnoggogc/kscrwd/bsow,0
https://cdn.shopify.com/tmh/hrop/xkkua/ljxws,0
https://facebook.com/ksihoy/lppiej.woff2?id=jkgzm&q=0uz1e,0
https://facebook.com/vtiplnvx/zzweezxh/vfvdci.css,0
https://twitter.com/dcs.gif?/yguoa/elofv,1
https://reddit.com/js_log_error.js,1
https://cloudflare.com/dsem.woff2,0
https://microsoft.com/blomml/epa/poxhz?theme=25jsy&page=df54d,0
https://cdn.shopify.com/ping?h=,1
https://twitter.com/xhdtyh,0
https://cloudflare.com/dhyszxt/oqttf/pnerdbxm.css,0
https://reddit.com/htaumo/vrhl/aloskxg.svg,0
https://_imp?Log=/dlwtoigy/icukgr?affiliate292=bcedyf,1
https://netflix.com/cnmzuop/odrjo/hvejr.woff2,0
https://linkedin.com/jaeastpc.jpg,0
https://cloudflare.com/oa-tracking?,1
https://.skimlinks.js/mylb/ucbnn?utm_782=ctebri&cid385=bhqqqc&sessionid940=kngyfr,1
https://amazon.com/tmajhjyf.ico,0
https://reddit.com/nepytx,0
https://google.com/qesx.woff2?lang=eqn8e&theme=kv0i8,0
https://google.com/khfxuvwy/dqmnyr.png,0
https://google.com/vhjcn/ogr/gavvey.svg,0
https://cloudflare.com/guktez/crxpgo/pqqbrwsy,0
https://netflix.com/atwgglrl/shtqp/voqin/bdezvh.png,0
https://facebook.com/fwu.jpg,0
https://linkedin.com/zzyke/fikro.ico,0
https://adobe.com/auotnfvn/xqkossh/abwtyr.svg,0
https://google.com/api/v1/stat?/odvqtez,1
https://linkedin.com/__ssobj/sync?$image,1
https://youtube.com/player/stats.php?,1
https://cdn.shopify.com/hig,0
https://twitter.com/pixel/sbs?/vzrpyud/rikm,1
https://apple.com/nruwtuo?id=12xpv&id=t3z46,0
https://cdn.shopify.com/spymonitor.js,1
https://cloudflare.com/kqdjy.png,0
https://cdn.shopify.com/qvkbp/pznzd.css,0
https://amazon.com/qle/yegufel/fuo.ico,0
https://youtube.com/snekf/xgvfek.ico,0
https://wikipedia.org/cls_report?,1
https://adobe.com/outbrain.js/ogxpf,1
https://linkedin.com/szirkiu.ico,0
https://netflix.com/sbrhpw,0
https://twitter.com/fbd/snxxurz.jpg,0
https://adobe.com/getclicky.js,1
https://instagram.com/mxufqg/jmfem/lfkmnco.js,0
https://wikipedia.org/lxt/zwebe.css,0
https://reddit.com/pmjsi.svg,0
https://instagram.com/trackit.pl?,1
https://reddit.com/events/view?/jqscmp,1
"https://&http_referer=$script,xmlhttprequest,domain=~biletomat.pl|~facebook.com|~jobscore.com/imacnwg/tpht?ref=047=yundvf",1
https://adobe.com/iov/tze/apstp/aeet.svg,0
https://linkedin.com/xqmbb/jeo.css?page=w3yee,0
https://amazon.com/botth/ummokady/eekfk?theme=1lo55&view=grxt3,0
https://microsoft.com/xcmjlcx/vaokldk.ico?theme=xwbv2,0
https://wikipedia.org/jgmeiyi,0
https://linkedin.com/ajsm/rzrxus.css,0
https://linkedin.com/gtm-suite.js/zcmqf,1
https://cdn.shopify.com/vctf.css?page=l98ct,0
https://cloudflare.com/bulsnx.jpg,0
https://wikipedia.org/e_stat?g_id=/sxgyzo/pzm,1
https://instagram.com/mrbhyx/zydlyk/qrchucgy.svg,0
https://wikipedia.org/load_analytics.php,1
https://wikipedia.org/rom/brjhkg.ico?view=o9ojq,0
https://adobe.com/analytics-prod.js/czakgmak,1
https://microsoft.com/mzgbftks.woff2,0
https://apple.com/zdrpb/coxigsfx.png?page=0zcje&q=8mlyx,0
https://cloudflare.com/mym/clnhied/rll.jpg,0
https://netflix.com/keyvoqm.png?theme=dq489&page=ti5oa,0
https://amazon.com/propagate_cookie.php/xudhhre/dysghmxb,1
https://microsoft.com/ooku.svg,0
https://facebook.com/collector?report=/lfhqaa/ykgkai,1
https://reddit.com/smartpixel-1.js,1
https://youtube.com/jawdqgpx/eiuxllk/ngxtecq.ico,0
https://netflix.com/hmrmaeas/wemzax.png,0
https://twitter.com/dqpy/gat/zsf.ico?lang=tieh9,0
https://linkedin.com/izo/dtv/ezad.svg,0
https://netflix.com/jwogc/sgl/uowc,0
https://cdn.shopify.com/yudwv/bld/szc,0
https://apple.com/fnhvmv/xfzh/ekvtncd/xrzefbp.svg?theme=14xen,0
https://?local_ga_js=/xkzovam/xymby?cid324=haokwh&utm_281=jgroyf&campaign323=xkwvda,1
https://?action=log_promo_impression/htsgecz?cid652=zopmlh,1
https://google.com/yjeyoiex/lzvqr/skiw/ngqe.woff2,0
https://.php?stats=/ggjj/aagcjz?campaign421=uofoxa&cid476=ziiymu&sessionid637=voegtl,1
https://facebook.com/pmlssfwo/jlcbniu/cih.css?view=px6tz&q=2n23c,0
https://instagram.com/qpuwcj/kukydj?view=pudht&lang=oqb41,0
https://linkedin.com/wreport.js/mqkjc/suft,1
https://cloudflare.com/rzudxkk/ytvqcx/gecifyqu.svg,0
https://facebook.com/srj,0
https://cloudflare.com/dejmhkcb.js,0
https://instagram.com/gcdav.jpg,0
https://adobe.com/ntj/fomq/sfkufb.woff2,0
https://adobe.com/bimbqaac/tmut.jpg,0
https://netflix.com/cgdaxyms/iacahw/rcsbzii/sxnsl,0
https://wikipedia.org/eycuumq/xxgupd/reeun.jpg?view=4420s&q=810bh,0
https://netflix.com/lzsphfnf,0
https://twitter.com/emnmcczq/zuzgpm/dsustkg,0
https://reddit.com/nkwtp/gijrspdb/olhqu/cyd.png,0
https://wikipedia.org/wikhy/uwpdsynu/rbr.css?id=le4ld,0
https://microsoft.com/rtjgsm/vcfsdsc/yyl,0
https://&l=dataLayer&cx=c/fngwo/mqpydv?utm_569=yqsmzx&ref=991=ydprht&cid554=nvnopq,1
https://netflix.com/fxehy.woff2,0
https://netflix.com/ysvwai/gbzpffua/gre.woff2?q=57933&id=gzz56,0
https://netflix.com/abiagec/exvsm?id=pweo4&lang=6n558,0
https://microsoft.com/linkinformer.js,1
https://netflix.com/pepperjam.js/wmmubyn,1
https://amazon.com/hdixl.jpg,0
https://linkedin.com/fwvgzu/powymucj/hzfghu.js?q=tet7v,0
https://linkedin.com/i2yesCounter.js/nmilubg,1
https://netflix.com/stats/ping?/mjtgj/moee,1
https://twitter.com/HeatmapSessionRecording/configs.php/dyvpu,1
https://wikipedia.org/vwFiles/analytics/*/kenfit/krtddhwt,1
https://adobe.com/iwhu,0
https://apple.com/sbrxk.svg,0
https://cdn.shopify.com/hfyd.woff2,0
https://youtube.com/yfxxmyzz/kva,0
https://wikipedia.org/swatag.js,1
https://microsoft.com/reemgabf/ruxwkb/ydlruax/qlukgig.woff2,0
https://amazon.com/dvrhpcsa.svg,0
https://wikipedia.org/grgfvjlh/krurw/zkinhvs.svg,0
https://apple.com/TrafficCookie.js/ajtevs,1
https://google.com/dvyznc/yhix.woff2,0
https://cloudflare.com/bdq/owydta/ify,0
https://youtube.com/ygpxlvj/qisx/itghvd/nkhnkei,0
https://.php?ping=/xqfyhh?cid766=jbqdhv,1
https://_chartbeat.js/idsvp/lcyzimdd/rjh?utm_453=zfbboi&ref=518=dxbkdd&utm_377=tdliap,1
https://wikipedia.org/mjk/qzscv,0
https://adobe.com/hmapxy.js/glz/irqdntq,1
https://cloudflare.com/analyse.js,1
https://-adobeDatalayer_bridge.js/taemdtl/vwekf?affiliate886=iucbvl,1
https://reddit.com/wildfire/i/CIMP.gif?/dgvo/bvxy,1
https://twitter.com/ystat.js,1
https://twitter.com/countertab.js/oxkhfjib,1
https://cdn.shopify.com/lsd/ibghp/pcomid.svg,0
https://apple.com/ywkixjhh/dpjiuwhw.jpg,0
https://-scroll-tracker.js/bdgdk?sessionid559=qswwva&campaign897=agsnej&cid915=rkepet,1
https://netflix.com/screencount?vcid=/wbpa,1
https://twitter.com/olcrfzs.ico?theme=qpyq6,0
https://wikipedia.org/zvqni.ico,0
https://google.com/pktngnyl/bhmt,0
https://microsoft.com/jyi/dunfw.css,0
https://instagram.com/sdk/impressions/tfecj,1
https://google.com/hozqydrs/uobdpq.jpg,0
https://cdn.shopify.com/dtc/cnrshbuq.png,0
https://google.com/axnkchw.jpg,0
https://?log=player_*&stats_tkn=/qgx?cid500=azsqua,1
https://apple.com/qpxfhidq/crfc.js?lang=hfq87,0
https://netflix.com/qnzbqid/lptzshh/ilors.css,0
https://netflix.com/wsoaxam/ylm/xaghgvts/skywp.svg?theme=egspp&view=nusja,0
https://google.com/eeuvzcv/gkfvxapn/fcgztwm/ujijtxk.js,0
https://cloudflare.com/uagy.woff2,0
https://adobe.com/js/dart.js,1
https://wikipedia.org/busting/facebook-tracking/*/cpjh,1
https://reddit.com/gfzh.svg?page=0lw6u&theme=rfk8e,0
https://facebook.com/kmt/afkbcqw/blfzce.woff2?q=j1wfi&lang=9b78r,0
https://twitter.com/pfflpp.jpg,0
https://wikipedia.org/pdmasv.svg?q=rg07y,0
https://google.com/qxmoui.ico?id=cw4i9,0
https://microsoft.com/teal-gcianalytics-/luoz/bgi,1
https://facebook.com/logcollect.js/dzavhp/rpka,1
https://netflix.com/eugnhfr/mgtez.js?page=qt50r,0
https://facebook.com/yxjc/lkbrqv/qsipoixp?id=gtwk5,0
https://netflix.com/analytics-data-collector.js,1
https://google.com/tagAnalyticscnil.php/yusq/ejxhdwnf,1
https://google.com/bmwimtmz.svg,0
https://twitter.com/vkj.js,0
https://reddit.com/SdaAnalytics.js/rqo/llc,1
https://apple.com/xchm/fdx.jpg,0
https://cloudflare.com/acclog.cgi?/rrsjoybf/bbl,1
https://linkedin.com/mzmnd,0
https://cloudflare.com/tasvxdmo/ohg,0
https://youtube.com/dnbisaxi/qxfkdfvj.png?view=891if&lang=mcs7z,0
https://instagram.com/js/_analytics.js,1
https://-adobeDatalayer_bridge.js/inscr/moejghfs/izya?sessionid757=issxgv&sessionid337=odiknc,1
https://.php?action_name=/yitlipkk?sessionid190=wafamu,1
https://facebook.com/analytics/ga.js,1
https://adobe.com/aclclb.woff2,0
https://instagram.com/cafu.js,0
https://amazon.com/fdfj/ltvblxt/smrwojh/noxftpj.js,0
https://adobe.com/analytics-efukt./faebuul,1
https://amazon.com/yvvs/zhhrn/nivcznoa/fwmkfl.ico?page=bof4q&q=9mk71,0
https://cdn.shopify.com/visit.gif?/swdkygii/fspzmo,1
https://youtube.com/rtenrzod/neheb/qvfbu.svg,0
https://amazon.com/vhu/zanbedk/tepn.js,0
https://wikipedia.org/tr/pageview/*/wmrnpis/etrbobs,1
https://wikipedia.org/oqqvxg/nboteuwh.css?view=r1qjc,0
https://google.com/vlinwv.js,0
https://reddit.com/mongoose.fp.js,1
https://cloudflare.com/vmhlon/nism/mkrzsmk/zmvhunvo.js?page=e9v03&id=et663,0
https://adobe.com/lwwsqci/vweedgp,0
https://adobe.com/pixel/view?/ccd,1
https://facebook.com/oovkspk/ynjbdnly/xkcjn.ico,0
https://cloudflare.com/api/click/*?c=/etull/lzot,1
https://cdn.shopify.com/shdsrwgq/cljsbmr/zjarh/rmsgxwf,0
https://netflix.com/cohesion-latest.min.js/gqcoolf,1
https://twitter.com/nem/gzzzw?lang=3hz60,0
https://netflix.com/fok/bzrsnrzm/bjvqfi?lang=5me3e&view=3auek,0
https://reddit.com/gwvnlnu/rmw/ymx/wjnjg.png?lang=uzh1w&id=g5oul,0
https://&hitType=pageview&/nmbkuvn?campaign291=xblgui&ref=409=sfjkyx&ref=580=eprcuo,1
https://reddit.com/gyvommll/cvamol/rmnfgg.js,0
https://.php?logType=/gmpzrj/jdmk/yrig?sessionid411=tewtre&cid094=kuokpg&sessionid772=mvdaba,1
https://amazon.com/hjd/toxh/nmjz.jpg,0
https://linkedin.com/wdoqyynk/dmirqla/bvkgpq/tlwfolhi.woff2?view=3revz,0
https://twitter.com/dmgv.png,0
https://youtube.com/nltal/lsewkvvr/gtati/xttlne.css?view=0tbtu&id=0odvc,0
https://twitter.com/htnlp/lbw.jpg,0
https://linkedin.com/record-impressions?/zxqo/adk,1
https://cloudflare.com/kfykxeap/ezqsizq/gav.svg,0
"https://$csp=child-src 'none'; frame-src *; worker-src 'none',domain=thepiratebay.org|vidoza.net/fls?utm_781=yfomak",1
https://youtube.com/taboola.js/sljsuok,1
https://google.com/vmhebw.jpg,0
https://reddit.com/mioh/wrg/tvtclzc/pmkfhyl.svg,0
https://wikipedia.org/ksn/kdx/ytqj,0
https://reddit.com/event.php?campaign=/vapm,1
https://youtube.com/gxmmohz/mlroz/ioj.svg?lang=p3ibl&id=0erc9,0
https://cdn.shopify.com/tealium-external/utag.js/spncxsdx/tntuenn,1
https://youtube.com/qwzkudg/rigc/zslycjn,0
https://netflix.com/uqmfxd/wdulf/yzjhfeso,0
https://instagram.com/wziqr/obqlkp/dffjfq.png?lang=wtejx&q=whdgs,0
https://cdn.shopify.com/najzwbfx.woff2?view=vyppt,0
https://youtube.com/stats-js.cgi?,1
https://microsoft.com/skusnuo/xopppeo/wkhweuy/brmpkk.woff2?q=8f5tp,0
https://wikipedia.org/crptp/oidb.js,0
https://google.com/omhvekn/wqn.svg,0
https://reddit.com/r/collect?,1
https://apple.com/xtodoink.png,0
https://instagram.com/rpryukjn/bou/uaj,0
https://cdn.shopify.com/vokq/nbpj?page=5tn1z,0
https://amazon.com/rog/xqqhsvk/vjo.svg,0
https://instagram.com/gtytgd/mfidg/ufyqzpo/kxugam.svg,0
https://cdn.shopify.com/visits?aff_,1
https://cdn.shopify.com/geuxsb/ffmhot/jdgud/rkercz.js,0
https://google.com/fvwq,0
https://amazon.com/clicktrack.min.js/unmhsa/rofja,1
https://wikipedia.org/api/pageactivity,1
https://wikipedia.org/better-analytics/js/loader.php/qnpdfgr/wkzbu,1
"https://reddit.com/c?siteID=$image,script",1
https://cdn.shopify.com/rgkluxfw/pvnjxtgw.css,0
https://amazon.com/aqvzesno/uuduztez/yrh/wdyzs.svg?view=89jn2,0
https://-scroll-tracker.js/zxhf?campaign045=qmrmbz&cid822=nmxwmm,1
https://microsoft.com/visitcounter.do/pvlj/ffjsdbv,1
https://facebook.com/edAnalyticsWrapper.js,1
https://cloudflare.com/idgk/dtnuq/fknjsnyd.png,0
https://twitter.com/tdrozk/vnih/gmiep/chwj.jpg?page=nsqrj&theme=7uu72,0
https://netflix.com/vzn/inhr/ftiy/avnj.svg,0
https://google.com/dsfc,0
https://adobe.com/ikkun/aygpwewg.ico?page=xd1yp&page=ynamx,0
https://apple.com/cghtsba/wmzspnv/miknnwcs/vyn.png?lang=yyluk&theme=wfe5f,0
https://reddit.com/get_geoip?/otkmbf/clvttnp,1
https://microsoft.com/mgyawxgw,0
https://adobe.com/khvqvkj/yba/dwchadjm.woff2?page=j25hy&lang=m5os5,0
https://netflix.com/ikqosbsv/ffps/nnetn.jpg,0
https://?log=player-*&stats_tkn=/ictzypfq/fsd/yqldn?sessionid491=elyuha,1
https://facebook.com/hflnkmtl/pxvnfe?view=ms076&lang=b49nm,0
https://instagram.com/ksylse/zxg.ico,0
https://reddit.com/Visitor.aspx?,1
https://twitter.com/hmi/jpkzsoit.jpg?id=w4qb5,0
https://-didomi.js/shkfy?campaign329=ixweau&utm_656=oygbqh,1
https://adobe.com/a8c-analytics.js/odtazxbs,1
https://facebook.com/hnutlfjn.png,0
https://wikipedia.org/vyenlbd/tvgakzv.css,0
https://facebook.com/xhraedu/kzn/lpthh/dazzwxjz.ico,0
https://google.com/omfm.svg,0
https://adobe.com/tracking_pixel/fca/fqszgefk,1
https://youtube.com/gs-analytics-init.js/gjvxp/roz,1
https://reddit.com/xwobl/fyfyyjuk/riuldgqy/jbmgdvp,0
https://adobe.com/email/tracking?/gnuncej,1
https://amazon.com/arf/gojmkl.js,0
https://amazon.com/immfux/djfvjwx.js?page=yfuxb&theme=1g7op,0
https://cloudflare.com/xfoxfmyo/unhbuy/ccu/dbsuxe.ico?id=c72zt,0
https://reddit.com/shopify/track.js/oolol/tmxyr,1
https://youtube.com/RecordHit?/jius,1
https://google.com/rwi/wqpwwj/eqpooztg?lang=y79gm&lang=qna05,0
https://facebook.com/etwldmpt/zgmqih/sbwpf,0
https://adobe.com/cqxnqii/dgrxdoqa/cphjukg.js?q=dxjuo,0
https://instagram.com/zuq/bixiooy/kzi.ico,0
https://adobe.com/cookie_ga.js,1
https://wikipedia.org/onyuagg/jpnyquxt.js?lang=jczpc,0
https://google.com/kjstt/rgfdr,0
https://amazon.com/api/event-rfkj/*/pjyvnpx/vcunmknc,1
https://facebook.com/bpdorrb,0
https://microsoft.com/cxgfe.jpg?theme=n5pqq,0
https://adobe.com/readthedocs-analytics.js,1
https://cdn.shopify.com/anzg/cqco/kstt/jpcncw.ico?page=l47ma&id=042hy,0
https://microsoft.com/kprkjel/qac,0
https://instagram.com/joxtnt,0
https://google.com/bvnfd.woff2,0
https://reddit.com/hlzqhr/hyxl.woff2,0
https://facebook.com/nrii/yohy/ljfcdam/kxxaohzg.ico,0
https://reddit.com/log/error?/wuczgzpm,1
https://adobe.com/vmzv/ttaahl?view=ewj1l,0
https://facebook.com/adstrack.js/vvqo,1
https://amazon.com/agiqj/wnq/qxpmx.css?view=sjh91,0
https://twitter.com/ylpo/qzlzws.woff2?view=7ijmt&id=0kpew,0
https://reddit.com/qzyej/pehsspo/dwuvwx,0
https://netflix.com/cookie.gif?/llk,1
https://facebook.com/imgevent?/eehvlklm,1
https://reddit.com/article_counter.php?/ubwoyryl/ggeawce,1
https://apple.com/vuhykq/itzowz/luoirefd.css,0
https://microsoft.com/dbqmh/quxrhck/ktffvmef/dry,0
https://cdn.shopify.com/stats?object/zbdrmjz/wdywdbw,1
https://twitter.com/cgzyjbue/ecirdedk.svg?q=ujtke,0
https://##.embed-responsive-trendmd/ldowhfp/dkjie/yaut?utm_867=fcqmdw,1
https://cloudflare.com/ovrafq.jpg,0
https://cloudflare.com/elqimg.js/ebmyqyht,1
https://microsoft.com/rtslkef/ipuhg/kcnl.svg,0
https://facebook.com/lseqqvbq,0
https://facebook.com/b/ss/*/JS-,1
https://youtube.com/imleauy/yfg/frnbz/xwkf,0
https://twitter.com/pushlog.php/hvvmmlne/omhffytv,1
https://adobe.com/xopa.js?page=g0ald,0
https://amazon.com/analytics/capture/*,1
https://microsoft.com/utm_cookie.min.js/veqqqbe,1
https://cdn.shopify.com/ltvubnq/izwzxw/xcemzoci.svg,0
https://reddit.com/ccn/utpkzc/irgidom/yfcn.svg?lang=tym3b&page=ur7om,0
https://amazon.com/xeeow/hpysqa/dypfprxe/xumfssd.svg?theme=8wfeh&theme=wtz1z,0
https://facebook.com/fryqq/tggmlslp/cgkx,0
https://amazon.com/bddmwsx.ico?q=pgics&page=1s08q,0
https://adobe.com/in.php?referer=/obt/ijnyskpt,1
https://twitter.com/tzxcqppb.js?view=dmn73&page=5juck,0
https://youtube.com/obig/whwlfssb.jpg,0
https://instagram.com/boomerang-latest.js,1
https://instagram.com/expcount/additional.php,1
https://wikipedia.org/ajax-hits-counter/increment-hits/index.php/kbkbpcxk/tmzvk,1
https://wikipedia.org/stats/transp.bmp/cat/qvdhql,1
https://facebook.com/qmq,0
https://apple.com/xlypc/mjpolxjp/dwycdh/qsm,0
https://google.com/cv_pixel.js,1
https://twitter.com/nagtv/ceaxirnt/svhev?id=1kbkm,0
https://netflix.com/common/ga.js/hysslrrv,1
https://adobe.com/ykqmr/vsve/puqyo/cfup?page=1tnfa&lang=tyz87,0
https://twitter.com/analytics-event-adapter.bundle.min.js,1
https://wikipedia.org/tc_analytics.js,1
https://netflix.com/rom/mkppdum/nnyqqxa/colte.woff2,0
https://twitter.com/iansluet/faqnn,0
https://microsoft.com/wp-coin-hive.js/pzz/zklhlbbk,1
https://facebook.com/vgtsdsay/frtmcs/qlwx.svg?theme=8anqg,0
https://youtube.com/urj/wckxyxh/ajdjru/szwcozfy,0
https://microsoft.com/tracking_unitary/*,1
https://google.com/blca.js,0
https://twitter.com/xccr.js?view=m4ha9,0
https://microsoft.com/zgsdmrr/myuwp,0
https://amazon.com/wpx/rlbvzo/cej/fik.jpg,0
https://wikipedia.org/luewi/nff/qpojaj.ico,0
https://amazon.com/uveokp,0
https://instagram.com/poyf.png,0
https://apple.com/qbmgfue.js,0
https://google.com/boost_stats.php/objnmgvf,1
https://microsoft.com/hfoifpt/wqo/zhzlbz/aewwef.jpg,0
https://cdn.shopify.com/crypta.js/jvnnhh/axlu,1
https://google.com/gajs/analytics.js/omvuw,1
https://cloudflare.com/ghhj/rxmywano/wmna/tey.js,0
https://amazon.com/header-pixels.min.js/pcanu,1
https://amazon.com/gaclicktracking-universal.js/nikmt,1
https://wikipedia.org/xpzzj/ngcshssh.js?view=hib33&view=rn31m,0
https://facebook.com/glmtafky/rxcs/rviol.css,0
https://facebook.com/ecth/ieaahdo/lpvkcrrn/eajzxqo?view=jpeui,0
https://instagram.com/jeo.woff2?q=jvte4&q=zkyoi,0
https://twitter.com/log_amp_item_set?/ntdame,1
https://amazon.com/jestq.css?theme=p1vpv&q=fw7wq,0
https://reddit.com/jks.ico?page=x0ket&id=tcs7r,0
https://instagram.com/eatms.js/ejhegdx/irohnoih,1
https://adobe.com/mendelstats.js/chqwvjmw/augoi,1
https://cloudflare.com/phenomtrack.min.js,1
https://google.com/GoogleAnalystics.js/wyrsdp,1
https://facebook.com/qxxm.png?id=6xdug,0
https://netflix.com/pixeltracker.bundle.js/fcqwills,1
https://reddit.com/qam/gonf/qoyijhw.jpg?theme=pnpxb,0
https://youtube.com/xig/rjkfii/eomyvlgu.svg?lang=cwo9p,0
https://wikipedia.org/zuzvwap,0
https://cloudflare.com/aumeonej/dmu/hvytfgn/abaytyk.ico,0
https://twitter.com/cnx/epupe,0
https://netflix.com/PageTracker?,1
https://microsoft.com/AnalyticsDataLayer.min./vajyuh,1
https://netflix.com/cms.gif?/jzdj/apdu,1
https://instagram.com/unbxdAnalytics.js/xbzvbyx,1
https://facebook.com/dxkx.js?view=lt7mc&lang=tcdi8,0
https://facebook.com/ajfwh/uoghe.css,0
https://cdn.shopify.com/ljzmtu.css,0
https://microsoft.com/yfo/huykx,0
https://cdn.shopify.com/trackingpixel.php,1
https://apple.com/api/cmp_tracker|/kgui,1
https://cloudflare.com/abcziflp.css,0
https://cdn.shopify.com/ouqs/pguypmqh.js,0
https://facebook.com/hwta/labm,0
https://reddit.com/depkccd/newpv/urtevvv,0
https://cdn.shopify.com/dpztecgs/xvj/kldpt/kgqbdprw.svg,0
https://wikipedia.org/lbyb/hfq/egdb.png,0
https://twitter.com/wp-slimstat.js/wgq,1
https://microsoft.com/hmb?id=t8m92,0
https://microsoft.com/qqq/cegbeu/tin?view=69hw0&page=hn34s,0
https://wikipedia.org/ejrhv/iszilvfq/rxzl/srptr.ico,0
https://_beacon?/jzfhz?utm_106=kipwgn,1
https://twitter.com/lxljdrjl/wzwc/uxvnui.js?theme=sojvl,0
https://netflix.com/sitecatalist.js/jthic/gaajakco,1
https://microsoft.com/umg-analytics.min.js,1
https://facebook.com/gsigpw/indsx/dvkvb/pgc?id=bzahi,0
https://microsoft.com/scripts/clickjs.php/uarvgxdi/fpxyq,1
https://instagram.com/ymrtote/skbw,0
https://cloudflare.com/KenticoActivityLogger/Logger.js,1
https://google.com/shrzp/mxqfn.js,0
https://instagram.com/svgp.svg,0
https://linkedin.com/yik/uzun/nmqw,0
https://amazon.com/email/track/*$image/xylyjz,1
https://youtube.com/ping_g.jsp?/tdez,1
https://reddit.com/statscounter/*,1
https://linkedin.com/dudhpulg.svg?theme=7z0xg,0
https://instagram.com/suegqlqf/kur/uotba.js,0
https://apple.com/imsm.svg?theme=zvsbq&page=6g4bq,0
https://amazon.com/pixel.fingerprint.,1
https://cdn.shopify.com/collect/view_count?/lyphqxu/nng,1
https://?local_ga_js=/pqxcbqaa/xqzy/fqd?cid965=uctwdg&utm_524=ehuljx&affiliate805=lbrxvv,1
https://twitter.com/prebid.pro.js/hclku/omng,1
https://twitter.com/smartTag.bundle.js/iqpvw,1
https://adobe.com/dyqhpg.svg,0
https://cloudflare.com/nxizm/pyik.css,0
https://twitter.com/ga-tracking.js,1
https://cdn.shopify.com/ruytyvfz/xycjul/gzshtl/ktauartb.woff2?lang=cq3ly&page=2e0pj,0
https://linkedin.com/dax/macons/rrdzte,0
https://microsoft.com/outLoging.js,1
https://reddit.com/faciliti-tag.min.js/qlqmhahm,1
https://wikipedia.org/ysuzofsh/rbvu/ssgkjkut/yxhmbbqn.woff2,0
https://instagram.com/log?method=/tazshw,1
https://twitter.com/usage/ReportEvent?/rwrnpmbn,1
https://wikipedia.org/tlzzrkg,0
https://amazon.com/xqxqe.png,0
https://?action=impression&/jmipbsl?campaign558=tpzulu,1
https://youtube.com/lzvvoao,0
https://apple.com/iwecrayr/qrlipjma.png?page=gruvn&id=wda88,0
https://apple.com/sjtzjxx/pxlbrxo.jpg,0
https://apple.com/ucmfhvli/efq/adj/tnm?id=8ci3w,0
https://instagram.com/naytev.min.js,1
https://google.com/piwik-$domain=~github.com|~matomo.org|~piwik.org|~piwik.pro|~piwikpro.de/hnkowu/iwit,1
https://amazon.com/xfkviul/pzhzzjxk/bkuhzbk.png?view=y75ad,0
https://apple.com/salog.js/kvcxpcoz,1
https://google.com/log2.php?/msoaz/yvyehoy,1
https://linkedin.com/jquery.audiencetarget.js/wrk/iikvmj,1
https://google.com/LogAmpHit?/mts,1
https://reddit.com/24h-analytics./nkdpolw,1
https://netflix.com/ga_event_tracking.js/vhummcgq/cjuobfia,1
https://cloudflare.com/wildfire/i/CIMP.gif?/bzumrg,1
https://reddit.com/qtut/yuhk/eec/exitn.png?view=9jq9j&lang=eu5tn,0
https://linkedin.com/VisitorIdentification.js,1
https://amazon.com/ymsyod.css,0
https://linkedin.com/transparent1x1.gif/naotnrdu/ylktvsii,1
https://cloudflare.com/elcirktf/ubnjrnw.png,0
https://.gif?Log=/kungchh/uuyzigl/ochhrdh?ref=332=ubmcfr,1
https://cdn.shopify.com/lzl/ntbp/sdzzaogo.jpg?lang=whx1q,0
https://instagram.com/rafi.jpg,0
https://.sharecounter.$third-party/bzn?cid837=sxvkfw&campaign223=aalfnf,1
https://reddit.com/opg/etr/ugcoyfuu.svg,0
https://microsoft.com/rvatl/xvjuib/aebeky/kvnoeiw.svg,0
https://wikipedia.org/phl/nacvpsy/emzztzr/vjtbafy.js,0
https://amazon.com/huwve.png,0
https://microsoft.com/yxnp.ico,0
https://microsoft.com/lbjdu/vpidlf,0
https://amazon.com/qhqktjq/yzufzcjw.css,0
https://?log=xhl-widgets-events&/skukbrw?affiliate527=tunbsr&ref=500=pewbvv,1
https://adobe.com/frhin/brllafe/oavqs,0
https://adobe.com/feau/pdnknc/xnb,0
https://wikipedia.org/bheed.woff2,0
https://linkedin.com/qbjka.woff2,0
https://facebook.com/rdua/jkq.js?id=6r39x&id=z0akz,0
https://adobe.com/jtuad.jpg,0
https://instagram.com/bluekai.min.js/wxcsg/pfnxyq,1
https://linkedin.com/zbnon/qraxw/uiozcnr.svg?page=1u09m&id=hk55a,0
https://facebook.com/cbbulcn/lrx.ico,0
https://reddit.com/xmpjhp/ppf/lqoeshga/ihilyfb,0
https://adobe.com/sfpzlsg.svg,0
https://microsoft.com/qpadtdg/jfv/xmcf/cmnzahb.css?id=x3zo5,0
https://?event=impressions&/cooaapv/miwr?utm_204=eqdkim&cid645=vapzeb&cid556=zdrxmn,1
https://apple.com/peigzyz/wfqbf/ile.svg,0
https://reddit.com/ingfxd/olw.png,0
https://amazon.com/ykqvnlbw/jmjstko/prry/bde.jpg?q=1sh6o&lang=gim80,0
https://amazon.com/wodjpfuf/zfxb/jahd/ujwppaud.css,0
https://linkedin.com/omniunih.js/wjhzp/xkba,1
https://netflix.com/higcwch/fsmdos/tlnps,0
https://linkedin.com/qxr/rqf/sizdhq.svg,0
https://apple.com/oeuousyz/yilqs.js?page=kirs0,0
https://adobe.com/trckUtil.min.js/hbai/dkmtcvc,1
https://twitter.com/app.php/ads/*/kjieab/sxr,1
https://reddit.com/ksebi/ytxhi/dbghnu/ufwuwtxl.woff2,0
https://linkedin.com/tgunekg.woff2,0
https://microsoft.com/qxtckkku/jxjnnaq/uny,0
https://cloudflare.com/zxlfxc.js,0
https://adobe.com/sybypm/arrsr.js,0
https://cloudflare.com/ClickTail.js/dgxiyuvq/vvezkj,1
https://apple.com/lmw/cjorry/fbjz.svg?page=yfebl&lang=anieu,0
https://wikipedia.org/dpyueid/hpkugae/fsjquqoz/yrgkb.svg,0
https://twitter.com://gtm.*.js?st=,1
https://google.com/jufwy/jpzznzuc/llt/ptejlijf,0
https://instagram.com/jurej.jpg,0
https://microsoft.com/sghndxrb/dff/nsrvwx/gfemybn.js,0
https://cdn.shopify.com/dmqflko/tamjt/rhiigx/prhipl.ico,0
https://adobe.com/video_count.php?,1
https://netflix.com/mghnlyxk.ico?page=wzeiu,0
https://instagram.com/ljyvy.woff2,0
https://cloudflare.com/trackit.pl?,1
https://youtube.com/aqshlt.css,0
https://twitter.com/xljfyz/pdcap/zqca/spqlxpfc.woff2,0
https://?type=page&event=/gpjts/bmqeyx?affiliate310=jpnfik&ref=075=rmujki,1
https://twitter.com/tracking.asmx/AddTrack?,1
https://microsoft.com/yzqepsi.svg,0
https://adobe.com/syn/ukz/cuxorrt,0
https://cdn.shopify.com/footerpixel.gif?,1
https://reddit.com/bbft/qwtvwmht,0
https://adobe.com/spmay/xcp/asbiohi.css?page=kkw9o,0
https://facebook.com/log/debug?,1
https://linkedin.com/cxshcr/hrl.css,0
https://netflix.com/fbhfn/uecvw.css,0
https://linkedin.com/ajmuvbk.js,0
https://##.embed-responsive-trendmd/exr/csvge/ypa?utm_642=sjptqk,1
https://microsoft.com/CaptureStat.asmx/objw/wyim,1
https://twitter.com/audience-extraction.js,1
https://apple.com/lwjskz/kvgwdar.ico,0
https://netflix.com/mediametrie.js/sbwtylez/awjgo,1
https://netflix.com/dfpedw/kopaqnoz/jvqmj,0
https://linkedin.com/api/stat?/pmey,1
https://facebook.com/dmfovoe/glfnkc/wkaiq/mbc.png,0
https://facebook.com/misites/*/jelszk/eexm,1
https://microsoft.com/dvvzc/cwaxid/fasvtmb.css,0
https://reddit.com/wp-content/tracker.js/zqcegxi,1
https://-inview-tracker./mwcrzp/ave?ref=317=qpkffa&utm_826=gmwefb,1
https://youtube.com/nboaz/oknnkmc,0
https://cloudflare.com/PageCount.php?,1
https://amazon.com/aakktvjd.png,0
https://netflix.com/jgs_portal_log_bildschirm.php?/bfyed,1
https://facebook.com/sync.gif?partner_/msohkqn,1
https://amazon.com/zkty/rxjgknwp.css,0
https://netflix.com/vmaknonk.png,0
https://apple.com/uyqbt.woff2,0
https://youtube.com/wtrack?event=/wcgvct/nmocfzfx,1
https://cdn.shopify.com/unnyyk/jkeezl,0
https://adobe.com/hdgjzr.js,0
https://.php?notrack=/pgvwoz/kxx/srnrk?utm_687=lmzjzm&ref=425=yfeybi&utm_885=bzrhts,1
https://twitter.com/qucbhnz.svg,0
https://reddit.com/rmlnt.js,0
https://facebook.com/xqrq/udry/xsvn/ddchfe.css?q=tpzfp&page=n0aik,0
https://cdn.shopify.com/svtyt/kwv.svg,0
https://youtube.com/gatag.js/ayj/iky,1
https://cdn.shopify.com/beacon.js,1
https://youtube.com/api/adplogger/*/dhcqfn/qhrf,1
https://google.com/aslfkm/loe/hutgdcje/bkhoko.svg,0
https://?logType=trackEvent&/hyujrrtq/gpjk?cid444=tvdkjy&affiliate370=dduobk&sessionid775=stcaxo,1
https://reddit.com/ntfiiu/uuzydwrk?page=ns3q4&theme=nj0ak,0
https://reddit.com/hitv4.php/drobv,1
https://cloudflare.com/ymbz/jdv/goybzp/gxhrv.css,0
https://youtube.com/oowz.ico,0
https://netflix.com/uoue/ckdcyfo.woff2?lang=5jmpq,0
https://wikipedia.org/lvqlf/luppxb.ico?view=cnzhy&theme=k0xa1,0
https://cloudflare.com/cgi-bin/ctn?,1
https://cdn.shopify.com/ziuatuw/mpv/niygkil/asics.css,0
https://youtube.com/lybnqs,0
https://cloudflare.com/bypwn/ldtuto,0
https://facebook.com/log_stats.php?/luc,1
https://facebook.com/sdha/ftucmpux.png,0
https://reddit.com/rimwzb/jaekeief/oopgsbj,0
https://apple.com/hit_counter/vnszkqa/itv,1
https://microsoft.com/kjr/smtrw/ormsyl/lyrz.js,0
https://?pageviews=$third-party/sqjipwdn?affiliate966=ichaye&affiliate039=tqaqab&sessionid245=quvuii,1
https://twitter.com/gee.js?page=uuc9e,0
https://google.com/utm.gif?,1
https://instagram.com/gatag_v2.js,1
https://cdn.shopify.com/AppMeasurementCustom.min.js/kjre/dyyj,1
https://amazon.com/collect/pv?,1
https://youtube.com/smartTag.bundle.js,1
https://linkedin.com/wutime-adblocktracker/*,1
https://youtube.com/1px.php?/jhlilbw,1
https://google.com/dataunlocker.js,1
https://netflix.com/services/pixel.html?/mmgypxqm/rltfwzq,1
https://apple.com/xggncfkt,0
https://cloudflare.com/rtracker/ofs.rtt.js,1
https://apple.com/whrwgtuh,0
https://wikipedia.org/gtmTracking.js/cvmbi,1
https://cloudflare.com/sgyyi/hhsaj/hqcbw,0
https://netflix.com/nzcel/spcib/oxfoqpi/vmqbshg.woff2,0
https://facebook.com/gtumfq/wtenvqpd.woff2,0
https://netflix.com/w.gif?,1
https://netflix.com/pinger.cgi?,1
https://cdn.shopify.com/hlyl/ocjhlg/jydruvwg?theme=th39w&id=hc1jc,0
https://facebook.com/cegofrre/tmqaweag.css,0
https://reddit.com/qgma?id=x3soi&q=g6tu5,0
https://youtube.com/ruyntv.css?lang=1id9k&view=sf4u1,0
https://amazon.com/lwnecg/mmgjcohp.woff2?q=277p8&theme=b3d60,0
https://google.com/cywascw.css,0
https://wikipedia.org/plugins/catman/*/ndnbdq/hpsad,1
https://facebook.com/krsgc/ypfqxamt/dlzb/aitben.svg?q=pjceb,0
https://linkedin.com/kgyby/pec/wbffarx/mjfzy,0
https://cdn.shopify.com/nrwpl/madcqv/fonqyuzo/tyzajy,0
https://wikipedia.org/site_stats/*/zkhhy/moqfae,1
https://apple.com/daf/uhea/mtp/qbxkhd.woff2?theme=x4a5w,0
https://cloudflare.com/cotflpvt?id=0xk38&id=09ap3,0
https://adobe.com/rho/oijfx/stwdtkr.js,0
https://facebook.com/stats/Logger?/evlqvvb/gjgfo,1
https://facebook.com/vcdopaz/mbu/xrjoa.js?id=b2oni&view=rvu3f,0
https://amazon.com/ixluyjwq/alaqc.js?q=i7qu7,0
https://google.com/jnox/fksc,0
https://cdn.shopify.com/jutav,0
https://twitter.com/stat_page.php/ehwsgmml,1
https://youtube.com/mjjyhdx.jpg,0
https://reddit.com/generate_204?$image/phnmhk/oowgda,1
https://twitter.com/ijpxtpdu/ttpxpjl/vvtj.jpg?q=ewsa2&q=0g3zb,0
https://cloudflare.com/leeb.css,0
https://?logType=trackEvent&/kis?ref=300=wynltk,1
https://twitter.com/bkxfcog/ewchdu.jpg,0
https://facebook.com/fb-tracking.js/ihvetyld,1
https://microsoft.com/phws/ipefcg/iroasb.jpg?page=1hqch,0
https://instagram.com/snsibs/pqmquu.jpg?page=tj2wc&theme=bdc45,0
https://.php?tracking=/njgdbl?cid048=acpaep&utm_887=fmwfbn,1
https://google.com/wczodn/jrd/kntei.jpg?q=d95qs&q=ounpm,0
https://youtube.com/amxvdzbh/giiyxbih/gfbh/loq?view=cq7yp&lang=sqitj,0
https://linkedin.com/analytics/abtest/*/hajbv/deutb,1
https://google.com/phpmyvisites.js/svi,1
https://facebook.com/hxn/aaym,0
https://youtube.com/oiespne/jfzuat.png?id=onc2o&page=wf0rx,0
https://linkedin.com/hbsiec/wpgqdhed/xrdxlen/jsip.woff2,0
https://cdn.shopify.com/adobe/visitor-/hhqbpifm/logck,1
https://instagram.com/elt.gif?/lggftqaj/fmssaoo,1
https://linkedin.com/ted/liy/nzhl.js,0
https://adobe.com/ehf/goxbg/lxkfqv/rtm.png,0
https://cloudflare.com/ImpressionsEvent.js/oix/wruxc,1
https://cloudflare.com/rpc.gif?ac=/mpo,1
https://linkedin.com/nnycrak.js,0
https://-scroll-tracker.js/vhqwfqhw/ktblhqtb/oqd?ref=037=nhcmva&utm_199=zrczmw,1
https://reddit.com/nayvzq/dbsxhl.png,0
https://twitter.com/sfCounter/*/mvjx,1
https://cloudflare.com/tkrfjjdd/vyan/vggdmtb.js?page=v73jo,0
https://microsoft.com/koshpchq.svg,0
https://twitter.com/qtdezj.png?lang=eon4p,0
https://cdn.shopify.com/tmyvzeuj.jpg?id=32bz0,0
https://cloudflare.com/collect_stat.js/ofq,1
https://wikipedia.org/bloomreach.js/amz,1
https://youtube.com/myqq/hftj/qov?page=v6wr6,0
https://twitter.com/yatlqnxt/kppglliz/wrrgimmt/btzki.ico,0
https://reddit.com/ejilxvw/jxwwq/nic.woff2,0
https://youtube.com/innax/eroacff/vzpyfzl/xnmxdea.css,0
https://adobe.com/call.tracker.js,1
https://reddit.com/mwkkhjn/ferduc/gutmug/plub.woff2,0
https://adobe.com/i.php?i=/vzcxqhhx,1
https://apple.com/vqp.svg?q=g0ufy&theme=159rf,0
https://google.com/peqxa/pawr/nzqwl,0
https://wikipedia.org/wstaeep.ico,0
https://instagram.com/StatsPage.php/bke,1
https://netflix.com/lymgp/dwbjmhv.png,0
https://amazon.com/kcujh.woff2,0
https://google.com/google_analytics_gtag.js$script,1
https://&pagegroup=*&url=$script/jqrbuo/abfuoj/hrnx?affiliate688=wbyrmg&campaign264=dfabcs&campaign762=ylscjd,1
https://linkedin.com/xiubeo/utxjvox/pcsmak.png,0
https://linkedin.com/qqxvpc/evjc/jkvgtxm.css,0
https://google.com/hkotngil.ico,0
https://instagram.com/oou/ryhbns/inkjt/vnl.ico,0
https://twitter.com/nez/usktl.woff2,0
https://netflix.com/zvjqcbq/fkqoyqzh/bnmos/kktiti.svg?q=3qqje,0
https://twitter.com/w.gif?/udgew/lnxaasoj,1
https://.php?stats=/cise/wel?cid807=bgggdg,1
https://netflix.com/cvc.woff2?id=rltg5&id=j8nis,0
https://cloudflare.com/beacons?data=/ueejsp,1
https://netflix.com/xpuvaf/bzlkuhmu/ihysmj/lrdl.svg,0
https://twitter.com/vemn/edjvvfzs/psbpe/uwclm.woff2,0
https://netflix.com/bmsggnfq/gzwlqj/ungc,0
https://twitter.com/ojowqmy/vsztr/hung.png?lang=l31am,0
https://netflix.com/suzi/tjxghceq/far.css,0
https://cloudflare.com/_/trace/trace/*,1
https://cdn.shopify.com/uxwqns/hgcra/brbfrus/gldczey.jpg,0
https://google.com/jcdzdyes.css,0
https://linkedin.com/cms/stats/*,1
https://apple.com/cnpctt.svg,0
https://twitter.com/services/pixel.html?,1
https://twitter.com/moq/gvw/ujf/ohc.png,0
https://apple.com/kwddpri/icgnnr.js,0
https://youtube.com/eoqsql/mnsw.woff2,0
https://youtube.com/ubbo/qujghp/thjquk.svg,0
https://instagram.com/log/jserr.php,1
https://amazon.com/metdr/xhgzbmpx/cvohmxk/twf.js?lang=udi52&view=pzcef,0
https://twitter.com/lpkrmpte/oblpjbky.svg,0
https://apple.com/gs.gif?/sbee/zsairw,1
https://apple.com/tqxjihas.ico,0
https://netflix.com/fkcjtiu/cxrbsfrh.png,0
https://twitter.com/ls.gif?/ewdyoan,1
https://twitter.com/dys/qqbjex/svz/jumyly.ico?lang=9prsi&theme=wnyit,0
https://amazon.com/radar/trace?/juf/oicexupu,1
https://linkedin.com/ndad/fvwgrd.css,0
https://-scroll-tracker.js/mwwe/uccbfh?campaign354=niqzje&campaign280=oaosid&ref=192=wbrwmz,1
https://cdn.shopify.com/bakxjjxt.js?view=pyhi7&theme=cnxjh,0
https://apple.com/dxsk.ico?view=y4ghj&theme=z8x7w,0
https://adobe.com/eta/events?/uerlmat/yawsdi,1
https://twitter.com/stats/transp.bmp/inbjhp/wbktpc,1
https://cdn.shopify.com/bvvsqccl/vbvqq/qips.png,0
https://cdn.shopify.com/adlogger.php/fibha/mqap,1
https://twitter.com/grrdbx.css,0
https://twitter.com/svtgfwl/rgicel/swjxas/rtzgstle,0
https://linkedin.com/aff_i?offer_id=/zfvko/dbw,1
https://google.com/phrha/hnxphcra/smcyg/hqtzj,0
https://apple.com/qdm,0
https://&ev=PageView&/tdfesqzt/nhkefxrp?ref=255=ygkuzy&sessionid456=fvumxr,1
https://google.com/stat.htm?$domain=~192.168.0.1|~192.168.1.1/qztvaeum,1
https://wikipedia.org/pujeddg/cwhts/ywicawy.css,0
https://?action=statsjs&/bbyhcb/rzhkxjbo?cid574=ffxhen&ref=689=rjjwsj,1
https://instagram.com/gatrack.js,1
https://apple.com/fyvskloe/tysjzlj/srwgy.png,0
https://twitter.com/jmcuw/oocrqanp/bquta/lvx,0
https://wikipedia.org/evhpoz/myowiqiy/pxkatplq.woff2,0
https://reddit.com/nqcqqb.css,0
https://netflix.com/yvrdzjr/zyieyj/mayxz.css,0
https://youtube.com/hazy/nvndks/ioqq?theme=pouw5&page=adhog,0
https://microsoft.com/ezet/gls/zwt.woff2,0
https://adobe.com/trk/api/*,1
https://microsoft.com/mmnrur,0
https://linkedin.com/put/xydnsft/owzwhvsw/zvu?lang=bgc6a,0
https://youtube.com/client-metrics/?target/xwt,1
https://.stats?action=/khsumqbs/uopq/aogltx?sessionid178=dwprrj,1
https://twitter.com/ungnjcf.ico,0
https://twitter.com/dspixel.js,1
https://reddit.com/cztvvq.woff2,0
https://microsoft.com/omr/sts.woff2,0
https://reddit.com/kixc/qawm.jpg?lang=d5n8t,0
https://netflix.com/oee/ymxmv.css,0
https://reddit.com/pcfmvo/mmoky.js,0
https://youtube.com/weenblev.jpg,0
https://adobe.com/ezojt/yhjdha.ico,0
https://cdn.shopify.com/aluzrm/fpecl/esx.png?page=fm777&page=dnwe9,0
https://adobe.com/czkrtc/vue.js,0
https://youtube.com/cpwmb/yio.css,0
https://netflix.com/yphmkzmn,0
https://amazon.com/ytpb/rral/qgkk/gwps,0
https://amazon.com/i?siteid=,1
https://microsoft.com/exittracker.js/pdjgji/qowjr,1
https://apple.com/hgisg/cppri/zuhilrr/szn.css?view=lj4nk&page=km0np,0
https://facebook.com/qke/wop/tovebnp/hghkpog.png,0
https://instagram.com/api/metrics/collect,1
https://reddit.com/yhi,0
https://linkedin.com/rqwrsssp?lang=ku37x,0
https://cdn.shopify.com/sensorsdata-/rpu/uowpns,1
https://reddit.com/hoczkrc/pxocg,0
https://linkedin.com/atw/nbfkpo.png,0
https://linkedin.com/sdfxd/ztatxjlw.js?page=tzyic&theme=uuaca,0
https://amazon.com/track/visits/?/zdxwlrx,1
https://wikipedia.org/xjeqmkpz.css?view=lglwz,0
https://facebook.com/gzfqeilc/pdpg/uxvi/zoorpzjx.ico?q=d1r1u,0
https://microsoft.com/analytics-client-identification/*,1
https://instagram.com/vhmt/aesd,0
https://adobe.com/hbofvaf/bdz/yfekzufw.css,0
https://facebook.com/white_pixel.gif?/tmv,1
https://.php?ping=/xfufs/qmvrrg/ibdpptu?campaign317=qbbzak&utm_510=wdtydp&utm_524=zcskdg,1
https://twitter.com/qsrekbt/xeyrq/xzxspa/vnlr.css,0
https://amazon.com/stats/pageview,1
https://twitter.com/xud/nmaedzw/rfkcwqkj/rpgwj,0
https://cloudflare.com/collector/pageview,1
https://facebook.com/dlpg/xlwoxf/lmdlin,0
https://instagram.com/lagysszj?lang=krr38&view=94esu,0
https://instagram.com/emzodl/ndnkfpkl/iemk/zbknwdd,0
https://wikipedia.org/afla/akf/wuvzb.woff2?page=cgtgu,0
https://twitter.com/clickdimensions-2.js/dprahzv,1
https://youtube.com/ryxcoeh,0
https://?event=impressions&/fakvn/wlnbctde/rncu?utm_733=tlrmse&campaign409=kkuirz,1
https://reddit.com/hvys/fzypx/mlniz.css,0
https://linkedin.com/collector/hit?,1
https://cdn.shopify.com/uwfqpqpc.css,0
https://apple.com/rfxnz.js,0
https://wikipedia.org/nemmltx/kngrwf/vhjl/dyf.svg,0
https://youtube.com/qqee/crkw/evctj/sqq,0
https://instagram.com/analyticsjs.js/irkmai/ylkd,1
https://instagram.com/ipl/uynrggva.jpg,0
https://instagram.com/dot.asp?/dnb/mdvkdfa,1
https://instagram.com/pjmk/ragyfzos?page=9sbna&view=sqh5r,0
https://microsoft.com/clear.gif?/sie,1
https://microsoft.com/ktmfwkx/fpldz.css,0
https://facebook.com/hmjiag/wwgkyph/rggxipu.js,0
https://youtube.com/ommqettz,0
https://google.com/ogoav/hrjl/vfp,0
https://apple.com/itoeo/geyzzlj/fngktp.png?id=zexin,0
https://facebook.com/opi/cnrdh/jlnk,0
https://facebook.com/visit/record.gif?,1
https://instagram.com/stats/Logger?/fyrjwlmw,1
https://linkedin.com/statblog/pws.php?,1
https://linkedin.com/inu/edzf/yzkvdumb/lrendt?lang=dq4zh,0
https://wikipedia.org/cbjibzm/dlpiscfw/vvc/pihgf.woff2,0
https://facebook.com/gphurbp/mbxu.jpg,0
https://facebook.com/aiths.js?id=xavf3&q=dxk7h,0
https://wikipedia.org/wnang/xlg/wbk/tau,0
https://amazon.com/ihu/fykgn/eiwoqb,0
https://adobe.com/ijqtaw/wqvvedhk/vvjttibz.svg?page=lhola,0
https://adobe.com/woa.css?id=ox1zr,0
https://microsoft.com/kbqmpdlw/riwmk/cslreks/anyjtuh.css,0
https://wikipedia.org/xfjtt/ldfus.css,0
https://microsoft.com/rfqrxqgl/yum/vzoizrmj.png?view=jv0oa&theme=34a2v,0
https://microsoft.com/untulv?lang=uw657&theme=z78ue,0
https://?v=2&tid=G-$~third-party/bbpr/tpruew/myyygzz?cid314=nmkbxu&cid765=fkmwhu,1
https://reddit.com/uacmnwo/vndtd.jpg,0
https://?statify_referrer=/xaroch/jeus?ref=018=pboznb&utm_406=qcqdwm&affiliate591=kmlfop,1
https://netflix.com/paxau/vlrwd.woff2,0
https://linkedin.com/js/analitics.js,1
https://wikipedia.org/px?t=,1
https://youtube.com/hpunyaie.jpg,0
https://microsoft.com/yaipu.ico,0
https://microsoft.com/ga-multidomain.js/jtm,1
https://cdn.shopify.com/eammjo/ipv/ujnyxrvw.jpg,0
https://linkedin.com/hpeyvr/ojsk.jpg,0
https://netflix.com/fbpixel.js/nnd,1
https://twitter.com/cnjm/kbvixb/whjmpo,0
https://linkedin.com/lsfoh/lnsjdsl/wmniazv.ico?id=ysaxo,0
https://linkedin.com/elb/zjqphrx.png?id=5ntv6&lang=540ov,0
https://linkedin.com/ykn/klkcwc.jpg?q=w4550,0
https://linkedin.com/eec/yztfs.svg,0
https://_webanalytics./qjfihiyd?affiliate941=gasmnw&utm_073=xsfjqb,1
https://reddit.com/bagkbfnn/slbnvw,0
https://facebook.com/jreueao/sgutzlqz/qqlzjn.woff2?theme=rjcwg,0
https://cdn.shopify.com/hdv/vpiryinr/silprs.css,0
https://adobe.com/big,0
https://reddit.com/showhits.php?,1
https://.php?notrack=/xtegqjfm/sulman?utm_488=aycpgo&cid396=tkpnmd,1
https://microsoft.com/kxjozwnp/djkfryze/lfyg.png,0
https://cloudflare.com/hfx/litzvyu/atd/poiowe.js?page=xjuwv&q=wj9gs,0
https://apple.com/ivljspo/sgtt.js?lang=svm9l&page=glhwd,0
https://apple.com/epb.css,0
https://facebook.com/mij.ico,0
https://?event=performance&/vkes/nfkh/wmh?cid122=etwutc&sessionid070=krtuih&sessionid447=hbeicv,1
https://facebook.com/showcounter.php,1
https://youtube.com/vkv/qmpthn/sfst/szypadh.woff2,0
https://youtube.com/fkxqwm/cvzezyf.png,0
https://reddit.com/niesb/ximskm.css,0
https://linkedin.com/jneh.css,0
https://cdn.shopify.com/ohwcvc/fltqa/dnkmzdy/nujmob.css,0
https://google.com/tbzrh/yseunmu.png?theme=nj920&q=jrvg8,0
https://google.com://cmpworker.,1
https://youtube.com/wloha/sgdyy.js?page=t4a6n,0
https://linkedin.com/analytics/capture/*,1
https://amazon.com/mcnfopj/fcedtsoj/pzraxk?id=5jld4&q=ns0w3,0
https://wikipedia.org/ethez/raaefzel/jbsonsp,0
https://amazon.com/mger/hvysx/vio.jpg?lang=1phqi,0
https://microsoft.com/xtsemyzl/lsg/zyxxmhtk,0
https://linkedin.com/rntracking.js/ujuwv,1
https://apple.com/outLoging.js/yenwce/baxtoma,1
https://twitter.com/wacc/fyjm/duzjtic.svg,0
https://instagram.com/dlp/obzb/uabpv/fzcegicz.svg,0
https://facebook.com/wybj/ylxb/tvu/lke,0
https://netflix.com/eca.css,0
https://reddit.com/uuedz/zjjwhq/btyzj.png,0
https://cloudflare.com/hitcount?/aiubec/xluicyw,1
https://instagram.com/gpypfd/vqaqtlee.svg,0
https://linkedin.com/ndpzn/gfoda,0
https://instagram.com/ls.php?t=/skt,1
https://.content_tracking.js/xakjatff/ykjzcur?cid416=wswwbi,1
https://reddit.com/dbzkatin/nxb/jkwj.svg,0
https://.beacon.min.js/yolbf/hga?affiliate958=cszgvz&ref=716=cjjyfd,1
https://linkedin.com/hqrjsh.png?theme=4obns&theme=3sp67,0
https://amazon.com/yyuyzrv/xln.ico,0
https://amazon.com/skype-analytics.js/tccnen/rcea,1
https://linkedin.com/afgn/kzznstxa/bopomp/bszjx.ico,0
https://wikipedia.org/ocf/mpeywngc.jpg?view=wuyij,0
https://microsoft.com/nzrohg/etqc/xbjntvt.css,0
https://apple.com/dmfyfkz/crsvh/mkeiunm/vpofzare?theme=bauc6,0
https://apple.com/google_analytics4.js/mssrlmy/zvofs,1
https://youtube.com/fpahgjh/jrm.woff2,0
https://amazon.com/aqc/jhrp/olqlfv/daujwzz.woff2,0
https://google.com/jenzstf/vgqv,0
https://&ev=PageView&/upqf/jfc/jtrnu?campaign138=nquuqe&cid076=kijoqk,1
https://wikipedia.org/qhdtbxf/zbsytvd/kimztnz/jnfteydi.png?theme=ccten&q=d9xru,0
https://google.com/rpysbvo/wiyvl/oowoc/ouy,0
https://youtube.com/typr/ljgpeeg.png,0
https://google.com/global_tracking.js,1
https://twitter.com/zkraq/egoxv/dgwugocj/buvjswpo.woff2,0
https://adobe.com/wwwcount.cgi?/mgfvu/thzelv,1
https://wikipedia.org/hjpz/vgbhzwg/syijvwj.jpg?view=9npbm&theme=poiop,0
https://facebook.com/dgwxp/mgr/rqzjnr/aaycvm.jpg,0
https://cloudflare.com/fmr/xpjwtvjv/cwkols/drzkj.svg,0
https://youtube.com/oqhkz/jqed/mfbyeeu.js?page=7bi5p,0
https://linkedin.com/euqqzsih/yutrbax/kwhhihe.jpg?view=3er85&id=yelvm,0
https://instagram.com/jmfyv.svg,0
https://cloudflare.com/dfps.svg,0
https://reddit.com/Hit.ashx?/neme/lcchzskj,1
https://facebook.com/yvfqlziz/ayymz/yoavo/hejtnsv?view=i44ia&q=pyzkn,0
https://cdn.shopify.com/jmndngy.ico,0
https://apple.com/tracking/digitaldata.js,1
https://netflix.com/mtgwf/zjp/wyh/ezxpxzj?id=m4s9f,0
https://cdn.shopify.com/tppkkg,0
https://google.com/liwmquqh/ozakkrz/iqlqevmj/aep,0
https://.js?id=GTM-/pqmnuxnr/tawpt?affiliate272=yoljhd&campaign362=nmixoc&campaign899=ntacxo,1
https://twitter.com/sqek/ufahq/vxvr/swyezt.svg,0
https://cloudflare.com/aqrm/lrjirymg.woff2,0
https://facebook.com/yaeofxvr/iyv/gozslcx.css,0
https://google.com/track/identity?/jhffama/sek,1
https://cdn.shopify.com/drap/bxwoqlxt.js,0
https://google.com/bnbyjfd/lofv/wju/ukume.css?page=za9yf&q=u7kmh,0
https://cdn.shopify.com/pushlog.min.js/qvg/hmnynoj,1
https://amazon.com/piithb/xosnznv/fqghnryk/znwmpdjo.ico,0
https://cloudflare.com/milquhro/rralyyn/ngf/cyomarpo.svg,0
https://.beacon.min.js/koddrebt/dxqxzvq/gxiufsvm?sessionid853=ltkzxi,1
https://facebook.com/sjk/gummih.woff2,0
https://facebook.com/oykldel/lrwsmj.css,0
https://apple.com/aiyvc/vejh.ico?lang=rriyt,0
https://instagram.com/aohtplw/sntyz/nrteili/kdkcwu?page=1b7h2&theme=2jih5,0
https://facebook.com/hsapn.jpg,0
https://facebook.com/vsriq/cbqs/zpg.woff2?page=cfd62,0
https://netflix.com/mwhmi/ggu.woff2,0
https://cdn.shopify.com/gsjpevzi/pwn.js,0
https://youtube.com/leage.google.tracker.js,1
https://amazon.com/sskvtvd/hwaujy.js?view=8s977&lang=u4ozs,0
https://microsoft.com/bychoi.js,0
https://twitter.com/qzgd/jjxda/fxzbypg.png,0
https://instagram.com/kuxn/zkyvrz.svg,0
https://google.com/hflvygm/jfa/ewpmr.woff2?theme=ahyse,0
https://reddit.com/xsqpk/gcwrpmxh/jovw.css?page=9eci3,0
https://apple.com/gds,0
https://twitter.com/iuj/hte/jzwmebgi.js,0
https://cdn.shopify.com/d.gif?/etcbjclj/ktlr,1
https://netflix.com/uookxlf/qvonwh/gmwqjm/hpukyli.css,0
https://reddit.com/r.gif?/cqpprht/dfhjjij,1
https://twitter.com/rxay/inhaamgp/pimxx,0
https://microsoft.com/elt.gif?/jxt/pie,1
https://microsoft.com/qxxcurv/pfeszi.woff2,0
https://netflix.com/hasjm,0
https://linkedin.com/kzy.js,0
https://.skimlinks.js/jgmk/shlpl/vsp?campaign972=apdqrt,1
https://microsoft.com/sjft/pacq,0
https://.php?action=browse&/vzusw/fxoqadkf/nzzvpfw?cid687=rhgovf&cid304=kfmsba,1
https://reddit.com/qlnmk/bsujnllp/wzfi/grlbic.js?view=djdgd&id=kpag2,0
https://adobe.com/amfsykh/cjlfjnrd/gfwzwemd/cnlwa,0
https://cdn.shopify.com/ganalytics.js/hmqhycx,1
https://netflix.com/zmylcjyj.ico?id=s9lgm,0
https://-track-inview./ccux/ytijga?utm_837=pbkueh,1
https://facebook.com/sylrsu/bnpvrsfp?lang=ziy6y&q=lh6yb,0
https://netflix.com/goslrxjv/kpkxy.svg,0
https://adobe.com/plugins/status.gif?,1
https://apple.com/vxl/wjve/asytj,0
https://adobe.com/lnbc/hsjrdlc/umfiu/uwjrona.woff2,0
https://apple.com/gc?refurl=,1
https://instagram.com/3.gif?,1
https://reddit.com/wkj/mhky/wkvbwnas.ico,0
https://google.com/thmw/alekhxi/een.woff2?page=ar5ct,0
https://google.com/oecay.ico?id=8hm8q,0
https://google.com/szwli/cihql/mclq/rmcrrt?id=9sdqb&page=66o4t,0
https://instagram.com/qibs/hnanieyu.svg,0
https://cloudflare.com/eagamb/orh/jcwwhy.js,0
https://twitter.com/clickstream.aspx?/drh/aesrb,1
https://reddit.com://a02342./bnhdppkq,1
https://microsoft.com/aqafruvq/romm?q=uxqlx&q=tpnz2,0
https://instagram.com/kyeynqsd/zeyat,0
https://cdn.shopify.com/qnktci/vpitcpa/nzdxbxih.jpg,0
https://cloudflare.com/fwaqt/gcur.svg,0
https://instagram.com/ikfnoq/jnhqwkg/jvmu.js,0
https://netflix.com/hsiy.ico,0
https://microsoft.com/gdmk/ydenkqv/bddxjlf/dfgoncd.svg,0
https://adobe.com/jfqqpqk/jji/umxjbc,0
https://instagram.com/tracking_pixel/yzsbxys,1
https://reddit.com/gainit.js/siy,1
https://twitter.com/mtib/svrlelle,0
https://linkedin.com/fonz/vaxolb.ico,0
https://linkedin.com/ghsq.svg,0
https://linkedin.com/tcnhyr/ybubm.woff2,0
https://twitter.com/abcpcb/eab/dhxuuzxp/zyvdtj?theme=rd7lv&theme=f0d8d,0
https://?log=stats-/krcx/zpacr/tmelo?utm_021=zelffc&cid236=xfewdw&campaign892=ddanom,1
"https://$csp=child-src 'none'; frame-src 'self' *; worker-src 'none',domain=fileone.tv|theappguruz.com/eoyi/nwz/hpaif?ref=660=vlmkym&campaign254=ktzbgk&sessionid433=vribxf",1
https://instagram.com/kcmj/khwnhm.jpg,0
https://_social_tracking.js/bjmpl/milgfx/bbfqqty?sessionid460=eeivoi&cid825=gkqivv,1
https://twitter.com/ybbvxzf/ecpokykr/lxchdhcl/bpdr.svg,0
https://facebook.com/AnalyticsEvent.js/wyrbrq/spdy,1
https://cloudflare.com/ctok/mewois/axouucz/wal.ico?lang=lr1m7,0
https://cdn.shopify.com/nac/nmg.png,0
https://linkedin.com/google/analytics.js/iqaaalxi/cnsfy,1
https://youtube.com/cxa/akins/dioy/kfvawv.svg?id=4l8jx&q=b6pb6,0
https://google.com/flvb/vwuugcbs/wyzoxae/tymzpwmx,0
https://.skimlinks.js/cxdycm?campaign558=mnotgv,1
https://wikipedia.org/iyrvjn/foxj?page=u0ny0,0
"https://instagram.com://posthog.$script,domain=~posthog.com",1
https://cloudflare.com/zpqqp/wwcdoxb?id=6kqsi&page=spjd1,0
https://reddit.com/rawq/eowdt/xunb/yvgyegu.css,0
https://cdn.shopify.com/wencfu/kmgyb.woff2,0
https://wikipedia.org/rbmxb.ico?page=tpau4&view=ttlgu,0
https://apple.com/fysn/tbmphpwn/dxc.ico,0
https://netflix.com/set_cookie.php?,1
https://wikipedia.org/jmmmkgc/muewzvef/wfgx/zydybz,0
https://youtube.com/analytics_www.js/uaucoutm,1
https://cloudflare.com/cms.gif?/eluendro,1
https://adobe.com/strpixel.png?,1
https://reddit.com/PvCountUp.action,1
https://_event_tracking?/dxgrohap/qwfrxk/kcgdqvqz?utm_949=mgsaxl&cid310=ftxaes&affiliate721=hcsiyv,1
https://youtube.com/pssbu/wyhhy/nywq.svg,0
https://cdn.shopify.com/nemzxe/jwtxjg/hzf.jpg?id=s2is3&page=npv9a,0
https://twitter.com/ydgjrqx/ikms/lnf/puxaif.css?lang=fi8j2,0
https://cloudflare.com/oiem/dskwfng/kukip/ynltyumn.jpg,0
https://cdn.shopify.com/wgtxtg.svg,0
https://google.com/adfrplyg.woff2,0
https://youtube.com/cjahridv/utaf/yrmhid/ugl.jpg?theme=lbuwg,0
https://facebook.com/log-nt/*,1
https://cdn.shopify.com/click_metrics-jquery.js,1
https://linkedin.com/kraw/oubigdzn/pdgjeww/fbdp.ico,0
https://twitter.com/mcxb,0
https://netflix.com/bstlq,0
https://google.com/rrweb.js/zlpg/elsgou,1
https://youtube.com/gxr/eqt?theme=4akj4&theme=vs026,0
https://netflix.com/woocommerce-google-adwords-conversion-tracking-tag/*/ukhbhs/tujlzt,1
https://amazon.com/segmentify.js,1
https://instagram.com/retarget_pixel.php/qit/qbrzjm,1
https://cdn.shopify.com/rotxxwe/vtyfgk,0
https://linkedin.com/kkcknqj.ico,0
https://youtube.com/cwc.js?q=50hlb,0
https://apple.com/mhvdvui/lesum/nqdpsh/urpoflx.png?q=9qun2&id=noyyz,0
https://netflix.com/xbbftotb/lozqzfse.js,0
https://cloudflare.com/xowuzz/ssznxgch.ico?view=sqoq0&page=3lpwd,0
https://?event=impressions&/pmsyl/fxsqqs?campaign631=qvppaz&ref=989=pwgeoq&ref=971=znlfrw,1
https://reddit.com/aykos.jpg,0
https://instagram.com/eventtracker.js/cavqkbvl,1
https://microsoft.com/hjxx,0
https://amazon.com/NNAnalyticsWPSites.js/zyll,1
https://wikipedia.org/uwmko/ijjmjdgu.css?theme=zk73b&page=y5oa4,0
https://linkedin.com/vtswudgy.png?page=1awia&q=z5opn,0
https://adobe.com/okqel/smskagfh/cbzovtc/yzowl.png,0
https://reddit.com/fktlwwk.js,0
https://microsoft.com/ods/euunon/abvoffgo.jpg,0
https://netflix.com/nwpv/bqn/rlgwhi,0
https://microsoft.com/vzotzel/tyvae.svg,0
https://linkedin.com/realytics-1.2.min.js/nbolyxgb,1
https://cloudflare.com/xn_track.min.js/eqewaey,1
https://facebook.com/thvtws/lmfcbjl/fffoexxr?theme=7l0sg,0
https://.php?action=browse&/acek/rrwpez?utm_612=zpprai,1
https://reddit.com/shopify_stats.js,1
https://facebook.com/blrubry/ehbzgquw/yfq/krmzclco,0
https://google.com/wildfire/i/CIMP.gif?,1
https://google.com/rdqdh/qoeqk.woff2,0
https://linkedin.com/jdxgn/ddt/tmiaucsm/sgqtcf,0
https://cloudflare.com/metrics/event?/jhouludp/zxr,1
https://google.com/zdlwarh/mxrutq/cdkwb/kgufu.woff2,0
https://?type=page&event=/llvtm?ref=994=xxhirb&cid450=yddcsb,1
https://microsoft.com/fhbnftrd/jldupcj?q=lqutt,0
https://amazon.com/rzdgydol/wkk/sfqbjjhs.jpg,0
https://amazon.com/lym/lqheshzx/nqhn,0
https://apple.com/zcopuvvq/vbtgfjb/xusb.png,0
https://facebook.com/qfuonr/ieowflk/vjj.woff2,0
https://twitter.com/js/_analytics.js/fvqnzb/ddumibl,1
https://cloudflare.com/referrer_tracking.js/vrqagj,1
https://wikipedia.org/qnofnqxv.svg,0
https://microsoft.com/ppms.js/yhcrdzf/stk,1
https://amazon.com/tdkvdsjz/xppvy/gedtjyo.png?id=b78ev&id=f4ax7,0
https://apple.com/mzpvrzso,0
https://google.com/reicrts/qkni/pfg.js,0
https://adobe.com/impressions?$~xmlhttprequest/fhnkzx,1
https://google.com/bjie/lptzvopc?q=zuigi,0
https://reddit.com/logging/pageView/myusr/nvocfbte,1
https://facebook.com/ayuywc/rczrhosn/aajfjto/ijtgzznk.ico,0
https://wikipedia.org/yjfd/hhptb.png,0
https://google.com/lwqwbfqt.woff2,0
https://apple.com/edv/uwpr,0
https://microsoft.com/amp-call-tracking-/hxqdovvq/lkqrksnn,1
https://amazon.com/track/pageview?/mon,1
https://cdn.shopify.com/toa/bxxmpav/chike,0
https://.js?id=GTM-/qklrqip?ref=874=vcvhpj,1
https://google.com/ipqh.css,0
https://cloudflare.com/collect_data.php?/oet,1
https://microsoft.com/dngxm/rzjtr/fysz.css,0
https://adobe.com/awu.js,0
https://amazon.com/tracking?referrer,1
https://reddit.com/awcrs/tzxpys/yuzcwhf.js?page=9tdkq,0
https://amazon.com/ouy/dmcia/seh?lang=7xs7x&theme=lr2kn,0
https://facebook.com/hoouxd/zlaywxwx/pqwobei/pcslo,0
https://youtube.com/ucewofj/ocuptbar/gcsjw/vcsz.css,0
https://twitter.com/phxrxyd/mqxocth/nsmbhd/ftyz.jpg,0
https://wikipedia.org/bxhkioz/lyxewtv/citycmd/mzuygetg.png,0
https://google.com/tieass/icyqir.svg,0
https://facebook.com/yui/cucwmhkk.woff2,0
https://twitter.com/yjymym/egmxvzr,0
https://facebook.com/seo.taCo.min.js/xqoeumsj/mnyca,1
https://adobe.com/stats_tracker.js/tbj,1
https://facebook.com/logger/?referer=/oskrjh/avha,1
https://google.com/pwodjhy/bzabzlhk.css?page=qezyx,0
https://apple.com/iyrwfrw?id=miyrp,0
https://amazon.com/tfbacmj/oljxnqfy.js,0
https://.php?tracking=/wtzgxc?affiliate661=vpolji&campaign856=cjgcwx&ref=209=nivcxm,1
https://youtube.com/oymtwjsf/dnbxsisr.woff2,0
https://linkedin.com/txrstw/kbd/xxtzyg,0
https://amazon.com/honeybadger.min.js/mwwcwvh,1
https://twitter.com/hzbsf.woff2?view=cjxwi&page=6qzju,0
https://cloudflare.com/tfgbe/ipdoae/uufrf/nebiyjvd.svg,0
https://adobe.com/gyzqwc.png?id=8u954&id=pjdkn,0
https://instagram.com/frontend-sentry-/twptwqsx,1
https://cdn.shopify.com/eyisvzrb/jtnnl/estkezor.png,0
https://cdn.shopify.com/dcs.gif?/shuo/ijkt,1
https://linkedin.com/analytics?token=/dtvecqu/bgysnw,1
https://netflix.com/nbx/lqrgsl/ydq.ico,0
https://amazon.com/yiiott.js,0
https://instagram.com/abipigc/uelcopgm/qpopcqm/zbvpl?view=oygxd&view=2b1pj,0
https://adobe.com://piwik.$domain=~matomo.org|~piwik.pro/hpdhgkn/vzwhd,1
https://reddit.com/mystats2.px?/xkgzf/kot,1
https://adobe.com/hpjojkxj/foalru/wifgkoq/jdbxb.png,0
https://cdn.shopify.com/afpq/oamgvlv?theme=avehe&view=julo2,0
https://twitter.com/pixel-caffeine/build/frontend.js/ewcfl/mtkyum,1
https://apple.com/alca.css?theme=trxam&view=xy4di,0
https://microsoft.com/awj/ybjixu.jpg?id=hm95t&id=zgqzl,0
https://reddit.com/sbaj/rjrzmfx,0
https://twitter.com/fkhwe.ico?lang=kh6lz&q=adc1b,0
https://reddit.com/gcojs.svg,0
https://apple.com/awo/surgv/kypxre.jpg,0
https://apple.com/logcounter.aspx/aza/ooeefmdn,1
https://wikipedia.org/ynlpgouf,0
https://cdn.shopify.com/lhrzmjur/qzaexfq/ctmqac/srwlgg.css,0
https://apple.com/bozvl/vzt.jpg,0
https://adobe.com/rquet/crh/fazbvn/gctwg.css,0
https://apple.com/writelog.js/nekpzpf/dqgybgi,1
https://twitter.com/rjcnobvm/erglyxz/ogh/xcvx.svg,0
https://facebook.com/ryakk/psy/lzpakpxr,0
https://facebook.com/bras,0
https://cloudflare.com/twkiilac/iwkvdfpj/pyl/rzhb.png,0
https://amazon.com/cqdr/onsx/zifqgl/vyjjcgux,0
https://apple.com/pvlog.js/dhh/mrgo,1
https://reddit.com/linktrack.js,1
https://microsoft.com/kaly/pvofge/npxtegz/vfjwhk.css?page=yuma1&theme=19daw,0
https://cdn.shopify.com/ihmzpm/ivjxzk.js,0
https://amazon.com/trackpixel?/kzirqla,1
https://google.com/hittrack.cgi?,1
https://linkedin.com/stats-tracking.js/kzqwq,1
https://youtube.com/azleapwc/zdrtn/clecqhg/fvztqqm.svg,0
https://instagram.com/ooa/wirqjbks/gkizovx,0
https://cdn.shopify.com/ssxfkd/gucv?view=mzuxs,0
https://wikipedia.org/ypkqjaxu/qlx,0
https://apple.com/anvkqea,0
https://adobe.com/asgyelm.ico,0
https://?event=log&/upncucce/yut?affiliate435=qrihvs&cid214=cgkksl&sessionid437=hcnqli,1
https://cloudflare.com/twwstx.ico,0
https://cloudflare.com/htfevyze/gowrrj.svg,0
https://twitter.com/analytics/visit.jsp,1
https://?logType=impression&/vwo/hnmkj?campaign874=dxelou&sessionid665=mrqmsr,1
https://facebook.com/zgb.woff2,0
https://adobe.com/iret/ymciow/esslztw/udhv.woff2?page=ff3hp,0
https://linkedin.com/tsdrtvbn/mpe/kjx/kqofngd.ico?view=7eeds,0
https://reddit.com/tysasolc/uqm/rrowgdp.js,0
https://google.com/pznu.css,0
https://twitter.com/oxgqq/eifvu/lxj/oavstmli,0
https://linkedin.com/tracking-cookie.js/niioolb/yexry,1
https://.gif?Log=/wuy?utm_178=qlldoz&affiliate669=amgdgl,1
https://google.com/uxm/njvjelf/dhmjnslx/jpi.woff2,0
https://.js?id=GTM-/qammgiet?ref=798=jnuagy,1
https://cloudflare.com/eqgq?q=u7le7,0
https://facebook.com/zjfwgxvm/tqry/mpeip/shdd.ico,0
https://linkedin.com/hmzt/igurs/dpxdj/omjvom,0
https://linkedin.com/gcvnb/kft/cvx/sebxn.js,0
https://amazon.com/phvdzmn/rmuuarje.css?lang=m8bus&id=c6zu4,0
https://cdn.shopify.com/jdkg/wvybfo/fienbawr/qwrws.png,0
https://microsoft.com/gel/vhus/sakpzcqu.css,0
https://cloudflare.com/afsfmssl/hkvz/lswbmc.svg?lang=1bsk1,0
https://adobe.com/webmnr.min.js,1
https://cdn.shopify.com/pkttpz/egzjzk,0
https://instagram.com/wmxtracker.js,1
https://reddit.com/del/ccrocgn/ruatld.jpg,0
https://youtube.com/countpixel.asp/ksnktjy,1
https://twitter.com/analytics.bundled.js,1
https://twitter.com/googleTracker.js/ileg,1
https://netflix.com/tgnuoq/cnjvyj/ktyr.ico,0
https://amazon.com/cadnmcfg/ifsdfljk/syl/ncokws?id=i0o0j&lang=ohk0a,0
https://cdn.shopify.com/tjgxgct,0
https://netflix.com/mvvhsntd/kvviadjf.css?lang=rav4d&lang=wwstz,0
https://?type=pageview&/ipjcw/tcjaf/bup?utm_014=ekqqha&sessionid479=lhjexy,1
https://youtube.com/dtx/byktgj/jpegls.jpg,0
https://twitter.com/cgi-bin/ctasp-server.cgi?/cgtrh,1
https://adobe.com/kuoe/xuzl/lkjy/rpgwyao.woff2,0
https://google.com/djsapek/dxnrm/awaeqq/arhcktn.jpg?page=5nddb&theme=m5pow,0
https://youtube.com/stats.*/hits/*,1
https://apple.com/qgwnoy/ljkntdt/ecsnvsy.jpg,0
https://linkedin.com/msmdwhrc.png,0
https://twitter.com/egljscxa.js,0
https://microsoft.com/vzlitcdh/hrqjylcu/wqbgqojy.woff2,0
https://apple.com/imp_img.php?/cqskf,1
https://twitter.com/bvl,0
https://cloudflare.com/vzmchaq/llduf.js?q=c47qo&id=7xbim,0
https://instagram.com/inmz/jrctta/ewwve/hsj,0
https://twitter.com/adobe/app-measurement./hbcav,1
https://google.com/olso/moi.svg,0
https://linkedin.com/izfhng/qlfzrtjr/acwwlb/feezqma.jpg,0
https://linkedin.com/Hits/collect/*/zrr,1
https://cloudflare.com/cedexis.radar.js/lvaocpm,1
https://netflix.com/ping/?url=,1
https://cdn.shopify.com/vhack,0
https://netflix.com/HitTracker/*/mtbue/ofso,1
https://apple.com/jbl/lkhl.css,0
https://youtube.com/bnfweuuc/obk.js,0
https://google.com/tiara/tracker/*,1
https://facebook.com/fet/rxnsplzg/ltwwi/ebkh.js,0
https://_WebVitalsReporter_/wodu/mdsk?affiliate909=zkowrq&affiliate784=wpwejn,1
https://amazon.com/sTrackStats.js,1
https://wikipedia.org/stlvbi/rvtpb.ico,0
https://instagram.com/kghhj/grlcswzn?q=fbetd&lang=o3hmv,0
https://microsoft.com/softclick.js/qvmanpyl,1
https://apple.com/vlqk.css?q=jqvki&lang=u8os7,0
https://&t=pageview&/osjwu?affiliate160=hbobhq&ref=165=fgkdtc,1
https://instagram.com/sensor/statistic?/qyv,1
https://amazon.com/igm/zvfk/odekfck/kie?q=4k8ho,0
https://reddit.com/b/ss?AQB=,1
https://wikipedia.org/iuovneq/wyhj?q=ti4bw,0
https://facebook.com/smffjgqs/orykco/suh/ouljq.jpg,0
https://.eloqua.js/uwfp/ligiw?affiliate796=sgbfwj&affiliate535=psslzf,1
https://google.com/exfk/jrwj/bcl/mftf.css,0
https://twitter.com/wiuktuxn.png,0
https://cdn.shopify.com/rzloq.png,0
https://wikipedia.org/gwxsxrl/aupzd/xmgr,0
https://amazon.com/uywwjkdc/pottou/rar.js?lang=olzt6,0
https://reddit.com/cirpbet/sow.ico,0
https://instagram.com/StatsService.RecordStats?/pbwfcwzw,1
https://google.com/mpulse.min.js,1
https://amazon.com/pnwan/udgiktgd/mvfce/nymstitl.woff2?q=fe9iz,0
https://cdn.shopify.com/rmbxfef/szz.jpg,0
https://netflix.com/rdeaqo.jpg?q=jz1rd&page=nttkn,0
https://google.com/otlp/traces/dlftul,1
https://wikipedia.org/lvwd/dama/pxdkgcoz.svg?q=jpz5r,0
https://linkedin.com/cgi-bin/useronline/*/yep,1
https://reddit.com/jkcwxtc/enrjnn/ncusmn,0
https://microsoft.com/laegdt/xwvg/ioer/avief,0
https://cdn.shopify.com/lcxue/hxjrf.js?view=pq4dv&lang=ptn1n,0
https://adobe.com/cbnkh/gizsfjqn,0
https://facebook.com/bwscttra/wvmahp/khgnuga.jpg,0
https://adobe.com/yooku?q=38eex,0
https://netflix.com/cnhwp,0
https://instagram.com/stats/?ref=/xtntp/zexzp,1
https://linkedin.com/bloomreach.js,1
https://cdn.shopify.com/svexsyn.ico,0
https://cdn.shopify.com/ltgvizzf.svg,0
https://adobe.com/xhi/mjiabli?page=zjl1i,0
https://amazon.com/elqfcs.js/jkllk,1
https://twitter.com/ioe.css,0
https://amazon.com/jdf/yiednoop.svg,0
https://linkedin.com/bmntp.svg?q=9w8d7,0
https://twitter.com/urltidv/meur/cbdqesdy.woff2,0
https://amazon.com/quufild.woff2?page=t3rud&lang=4h41a,0
https://apple.com/collect?k=/ayw/oiq,1
https://twitter.com/rhnq/vrvyu/avk/qticvnme.js,0
https://amazon.com/metrics/onload/mecyx/xaosgt,1
https://cloudflare.com/rjk/owmnaax/efrvini/wtpovs.woff2,0
https://reddit.com/xizss/ridv/stkmzru.jpg,0
https://apple.com/ga1.js/janrync/wxgci,1
https://apple.com/vfndovpn/habyia.jpg?view=0ocam,0
https://netflix.com/isqhjhcj/rgdl/kcebkf.woff2,0
https://reddit.com/saiqq,0
https://reddit.com/seotracking-v3.js/ttx/ztcs,1
https://google.com/xehhnoxi/infchqs/kytcup.svg,0
https://facebook.com/RcAnalyticsEvents.js/spnwf/mwomtetw,1
https://amazon.com/hek/skg/whzhz/zleyrw,0
https://cdn.shopify.com/mcidn/bbovpw.png?q=rpt4k&id=wuv1v,0
https://google.com/smfsyn/vtdac/nlyw.jpg,0
https://facebook.com/cgi-bin/hits/*,1
https://netflix.com/kvhwky/mujq/hbrr/pszxcpu.css?q=9bstb&id=dqvei,0
https://twitter.com/xtyvoq.woff2,0
https://adobe.com/iucuzwj/etonhxnv?id=yrs7x,0
https://wikipedia.org/pv?place=,1
https://linkedin.com/acclog.cgi?/bun,1
https://linkedin.com/mqz/zlftmkfq.js,0
https://microsoft.com/rmjpcz/oojpk/ajj/xxe,0
https://google.com/kbbgyxbz/azgororu/ahn.css,0
https://cdn.shopify.com/wnkpbdx/wjyyqf,0
https://cdn.shopify.com/maqjegvq.woff2?q=x5v5q&lang=glzx7,0
https://amazon.com/aepx/tfh/lsxtunqx/svxuhc,0
https://cdn.shopify.com/LandingPageHitLog.aspx?,1
https://google.com/_i?type=event&/lhdh,1
https://linkedin.com/dbi/yaonyjrt/pvo,0
https://google.com/LogPageRequest?/jlim,1
https://microsoft.com/cax/aoukask/kndkerqt/kdeclgbd.jpg,0
https://amazon.com/status/impression?,1
https://instagram.com/xufg/wtqrqdpn?theme=9j8jo&id=hofz4,0
https://amazon.com/wlmraox/xfwsrms/mhz/ymkkr?q=c3oxq&q=yiit2,0
https://facebook.com/piwik-$domain=~github.com|~matomo.org|~piwik.org|~piwik.pro|~piwikpro.de/knvzujb/xrintlne,1
https://adobe.com/renderTimingPixel./gqsnfrh/gdxe,1
https://reddit.com/xvjnoslf/eqv/xbjtrz/mgektbl.woff2,0
https://wikipedia.org/ospqjyom,0
https://cloudflare.com/rims/zmxl/pangf.jpg,0
https://_logHuman=/gielyh/xtrtl?ref=640=fywnci&affiliate002=ckcajj&ref=544=afjegx,1
https://google.com/tojjepye/auwvkodi/ghurb.ico?q=kg7r4,0
https://microsoft.com/gqs.jpg?page=72jtq&page=g4v1f,0
https://wikipedia.org/zsi,0
https://apple.com/coinimp-cache/*/hljmypph/vpijrppd,1
https://linkedin.com/hkupii.jpg,0
https://amazon.com/qgmlgw/ykgrpna/nnal.woff2,0
https://instagram.com/ftwx/qeflq/vbhyl/jemkvymr,0
https://instagram.com/track_pageview?/jpjeuzk,1
https://cloudflare.com/gpiyq/adhhowqy.png?page=58hv8,0
https://cloudflare.com/trackingheader.js/bnixai,1
https://adobe.com/tmes/wdmzam/sduqgq.js,0
https://facebook.com/lapkbl/dfpehue.png,0
https://adobe.com/hhathiop/zqiz.js,0
https://instagram.com/bij/orubss.svg,0
https://google.com/axc/ckbhdto/wevpbips/xooyp.woff2?q=353hr,0
https://netflix.com/dspixel.js/fceht/evfz,1
https://adobe.com/evjbvxso/xznq/zhsx/cqs?theme=btpyt,0
https://cdn.shopify.com/pageview?pageId=,1
https://wikipedia.org/web-analytics.js/ydgkvhw/zqsdmrd,1
https://amazon.com/ahrtquhq/ckpw/rtqfqlac/gpfioj.svg?q=qbs96,0
https://wikipedia.org/thazvmy/egeffv/jxkwr.ico,0
https://reddit.com/pixeltracker.js/usugwhrp,1
https://twitter.com/vzfzjze/inivew.ico,0
https://cloudflare.com/sqhab/cop/vjiwrl.js?theme=qddk4,0
https://cloudflare.com/hbln/uiob,0
https://amazon.com/ucn/rsotuox/zyd/vhq,0
https://wikipedia.org/oaapyr.woff2?theme=uh3mq&id=of4x7,0
https://netflix.com/wexjrqwk/hjr.svg?theme=uokfu&view=pxxa9,0
https://apple.com/uien/naxnvmt/lkuldcej.css,0
https://amazon.com/fujr/zamg/iigmjny.ico?q=d4ojn&theme=v0rsq,0
https://instagram.com/elwwfah/xsnja/guyoptnq?lang=6sgsl&q=waqg1,0
https://instagram.com/hkrgw/vepy/jxw/rxegvat.svg,0
https://amazon.com/analytics_v2.js/chxjdacr/zxwnt,1
https://cloudflare.com/expphfat/oysyf/hkgwyz/eebtdpgg.svg,0
https://?event=performance&/wpaxdkw/bfyvt/egkmtki?utm_567=bjnxra,1
https://microsoft.com/tbhe/jvgmoy/ndamufg.png,0
https://twitter.com/keen-tracking.js,1
https://cdn.shopify.com/Visitor.aspx?,1
https://amazon.com/cfkqofq/psbsem.svg,0
https://-tracking-pixel./jlfmco?campaign115=zkpsjd,1
https://instagram.com/qui/fcvciy/hrigplh/hdn.svg,0
https://youtube.com/rtbne/azvpkyu.woff2,0
https://apple.com/hsbj/jkixn.png,0
https://reddit.com/keffk/hwi/zttwkw/ldjntk.png,0
https://cloudflare.com/neustar.beacon.js,1
https://facebook.com/mgwa/zmnl.png?q=p857k&view=9tnyi,0
https://amazon.com/pxdjdr/dpnig/wgd/pnk.png?view=k23su,0
https://adobe.com/jnbyptxk/lzb/jrsmta.js,0
https://wikipedia.org/ulfnl/wmdkxsk.jpg,0
https://microsoft.com/wdruoiq/ztlnwawa/wnff?page=i99pg,0
https://amazon.com/llspxvqn/zluajysq/scdbzvo/ezbayd.js,0
https://netflix.com/rjc/fjivkktv,0
https://adobe.com/broejpzv/qpfoch/fqdsd.jpg?view=uutvx,0
https://google.com/cjf/zuhu/lswp.svg,0
https://amazon.com/swlapi/stats|/dtsar,1
https://reddit.com/ibu/dzgsp.woff2,0
https://?logType=trackEvent&/sacup/rdistn?affiliate794=jcnljk,1
https://cdn.shopify.com/cgphl.js,0
https://netflix.com/iterable/track/views/*/zigrblc/guv,1
https://reddit.com/search-cookie.aspx?$image/qhscirjc/vcm,1
https://facebook.com/khcimgi/ojg/ihb/palj?id=9nwqk&q=wm0us,0
https://cloudflare.com/znk/sucdzj/dbam.png,0
https://-tracking-pixel./mbndv/rwwv/byixnwzn?campaign131=pykrke&campaign439=aqjulc,1
https://facebook.com/viewerimpressions?/txntgbth,1
https://youtube.com/nzdlelwp,0
https://facebook.com/strak.php?t=/rbqlcnt,1
https://wikipedia.org/twkpks/uiebgw.svg,0
https://facebook.com/fvjae?page=rsc32&lang=pu5po,0
https://microsoft.com/apzuv/eygmeg/ujcz,0
https://adobe.com/stataffs/track.php?/rugphrbe/ipeywhb,1
https://wikipedia.org/kfozuh/eyi/ylj.png?id=afykn&page=kj2z4,0
https://netflix.com/nqhvgrth/jkazs/cswdb/mxlp.ico,0
https://facebook.com/log/analytics/qmka/cxnue,1
https://cloudflare.com/traces.php?,1
https://google.com/zns/bpkzfdqf/pfzodgz/amizdv.js,0
https://instagram.com/localga.js,1
https://amazon.com/ResonateAnalytics.min.js/max/dokkxczh,1
https://instagram.com/sxaqls/tciuyme/xapmeqkb/nnrhw,0
https://cdn.shopify.com/rt_tag.ofs.js/zie/eqk,1
https://netflix.com/log?event=/gyjvhnz,1
https://microsoft.com/agyy/yhp.svg,0
https://twitter.com/zwzvbmos/ikun/noflhev.svg,0
https://facebook.com/pbnqia/emltigq.woff2?lang=60rxd&view=jiwdr,0
https://linkedin.com/cgfyttqz,0
https://youtube.com/gtm/gtm-/yzbskk,1
https://-track-inview./kmggshx?affiliate407=kumzxw&affiliate135=nkoimx&sessionid905=exqiro,1
https://adobe.com/yijdro,0
https://cloudflare.com/mpa.woff2,0
"https://reddit.com/client_204?$image,other,ping,script/hys",1
https://facebook.com/cvq.js,0
https://apple.com/acoitjn/yxcup/whnqs.woff2?page=34x7q&page=aystt,0
https://facebook.com/gtm.js/lfvaj,1
https://youtube.com/kzg/gmarizbb.jpg?lang=81kby,0
https://wikipedia.org/lwmpqb/knltvs/hzjtyr/nna,0
https://linkedin.com/hnbqvim/sxrt/ucy.svg,0
https://.sharecounter.$third-party/cida/hqckcm/qatc?sessionid311=eoxoan&cid196=ymefec&utm_406=dmygwr,1
https://google.com/logstat.js/vhmumso/jvr,1
https://twitter.com/bvuuqun?q=hipuz&q=axuwb,0
https://cdn.shopify.com/clickm.js,1
https://reddit.com/puomiz/hpezjlx.svg,0
https://youtube.com/wvtrpxyj/clx/mxza,0
https://microsoft.com/hit.c?/ystldgti/yhy,1
https://wikipedia.org/ovrg.css,0
https://linkedin.com/referrer.js,1
https://instagram.com/yijl,0
https://reddit.com/qabat.jpg,0
https://twitter.com/tiv/nzes/vwplzkua/rdqeur,0
https://netflix.com/qkvznt.jpg,0
https://youtube.com/bwpbg/eyi.woff2?view=kn2s5,0
https://microsoft.com/api-analytics./tqg/zlicxz,1
https://?action=impression&/ohuwr?cid238=uzuiqd&utm_033=wldebn&campaign859=hwsimr,1
https://wikipedia.org/wnkkhelx/czageqp/ufzz.ico,0
https://adobe.com/matomo.php/geufw/qibawop,1
https://youtube.com/vhwxfvcd/moasz/sijcv/nho.png,0
https://netflix.com/xpb/qjpwdpye/lcsaw.svg,0
https://google.com/boomr.js/cqwcyqcl,1
https://instagram.com/trxpy.svg,0
https://linkedin.com/analytics-event-adapter.js/mva/rvj,1
https://twitter.com/aqwzrjy/wbfeloks.svg,0
https://apple.com/cekey/taankw/tqobqgo.ico?theme=jb4qa&id=9sebg,0
https://adobe.com/webdig_test.js/alpou/roxpwz,1
https://adobe.com/tcryk/ayxvd/zhdnvup/axueu,0
https://reddit.com/dppowhj/iujdpdgu/qxyti/iaig.svg?q=z6v67,0
https://reddit.com/ubscniou/hlxocbi/dplvve.ico,0
https://facebook.com/ftc,0
https://microsoft.com/sttvenf/dwu,0
https://.php?stats=/oesheh/caj/qpy?sessionid120=uahefj,1
https://netflix.com/xyytvr/cxz?theme=ndytp&theme=0xoh7,0
https://linkedin.com/yqkmy/mjnahc/xcvftvw.ico,0
https://apple.com/ipk/fmzton/wpetl/vygtdd.woff2,0
https://netflix.com/wocpv/ijwb/jje/aeiuaes,0
https://wikipedia.org/cuxx/nwkdtqsm.woff2,0
https://facebook.com/tduzhnka.png,0
https://reddit.com/akfl.png?q=2huwr&id=1ulm4,0
https://apple.com/oiyjdjn/old/ebnzyo/wrqv,0
https://youtube.com/upynafai/kax/eizehk/fgjoc.woff2,0
https://apple.com/public/analytics.js,1
https://amazon.com/log.cfm?/elfqbpdg/mftu,1
https://google.com/wvediltm.woff2?lang=thm5t,0
https://reddit.com/lweq.css,0
https://linkedin.com/bagvtir.ico,0
https://microsoft.com://analytics.*/impression/riwobhrv/whtlon,1
https://?logType=trackEvent&/wyer?affiliate078=nshgvs&campaign512=pbwmov,1
https://amazon.com/outbrainAd./mqeamrx/deccbntt,1
https://instagram.com/ubnc.css,0
https://adobe.com/GlancePresenceVisitor_/ncru,1
https://reddit.com/smmch-own.js,1
https://apple.com/wditvau,0
https://youtube.com/pvmjjods/kipujkd/xnobv,0
https://instagram.com/nqt/iavgkp/wiehtlcm.ico,0
https://twitter.com/qmu.woff2?page=8ksr5&id=r0py1,0
https://twitter.com/ozauq/huzrag/jljudwv/qckvz.jpg,0
https://youtube.com/partnermetrics.js,1
https://cloudflare.com/bmrr.ico?page=g6ksm,0
https://wikipedia.org/sloxyupm/sfwarxch/lbxlxsw.svg,0
https://facebook.com/lneebif/beqntqyn/tnqtgo/hwkj.js,0
https://google.com/ewzwlxeu/bmqr.svg?q=ks635&q=oa1nn,0
https://facebook.com/amp-call-tracking-,1
https://cdn.shopify.com/ogqqrre/fdqe/ysizet.js?theme=3v2vj&page=wkhv7,0
https://amazon.com/get_geoip?,1
https://twitter.com/wzl/dryqgz?theme=ok0rr,0
https://twitter.com/hmapxy.js/aknrtj,1
https://adobe.com/impression.php?/ejliqfg,1
https://twitter.com/yzqxez/bak/egz,0
https://apple.com/ittk,0
https://instagram.com/sbm/yfajf.png,0
https://youtube.com/logreferrer.php?/ghxnn,1
https://google.com/kdj/qzgnn/khkut.js,0
https://apple.com/vjqk/svhbub.png,0
https://linkedin.com/acqmrd?id=bdz5q,0
https://amazon.com/status/impression?/nfeanwhk/cjk,1
https://wikipedia.org/ntrack.asp?/mhhyydgx/cgmhosfg,1
https://youtube.com/btchyt.js,0
https://netflix.com/kaiseki/track.php?/mmetjq,1
https://apple.com/tbcwkn/tpvfb/icnysxq.jpg?lang=h5ix3&page=um1sl,0
https://reddit.com/pagestat?/qrjinxot,1
https://cloudflare.com/xjppq/syhbfobe/yfka/glmoonh.svg,0
https://google.com/printpixel.js/fdahvbgd,1
https://youtube.com/vdwygg/usyg/zlfzkg.woff2,0
https://cloudflare.com/keen.min.js/goqst/chxg,1
https://instagram.com/ywjzqgd.svg,0
https://twitter.com/uwqgr/lsud/wyt/rzdcdgl.woff2,0
https://apple.com/log_stats.php?,1
https://adobe.com/gpk/mipbn.jpg,0
https://instagram.com/ping.gif?/eog,1
https://_chartbeat.js/pqbsgi/oasnp?campaign723=misgua&ref=805=xaskpg&utm_700=seuvtu,1
https://facebook.com/upp/epccdp.ico,0
https://amazon.com/imp_img.php?/qnkiup,1
https://instagram.com/npsf.js,0
https://amazon.com/idmrryiq/uolir.woff2,0
https://adobe.com/wzapxb/yku.css,0
https://facebook.com/rtci/xdu/beblue.svg,0
https://netflix.com/awp.log/almgkyw,1
https://cloudflare.com/fkmji/efo.css,0
https://facebook.com/ragbc/xln/jos/lkvdz.jpg,0
https://reddit.com/wyjllc.js,0
https://apple.com/osmyx,0
https://?action=impression&/wfxq/opx/izneupou?sessionid117=wxocar&sessionid696=srfkpd&affiliate638=cjcjia,1
https://linkedin.com/sxmrp.png,0
https://reddit.com/tyiogqz/dcel/ygkzi,0
https://microsoft.com/cawnarun/sfvi/irud/cqkvz,0
https://youtube.com/erisajg/vgud/viinsd/bhp?id=w3e9m&theme=ywgie,0
https://?log=united-impression&/yzyg?campaign928=pepahv&campaign883=wauzly&campaign653=zlbman,1
https://wikipedia.org/xlz/eiwdzu/kcbqt,0
https://reddit.com/ervw/qjra/gbozk/zncrmtdl,0
https://cloudflare.com/fhjvwzn.js?id=0uyka,0
https://cdn.shopify.com/pvcxjw/raok?page=adaqc&lang=a1vez,0
https://amazon.com/rwk/weou/lfpuauqp/ytxa,0
https://reddit.com/xstat.aspx?/xroeyr/ajsiy,1
https://cdn.shopify.com/apaqrnb.js,0
https://apple.com/wttsshhb/gpfag/ghthvxyu.svg,0
https://netflix.com/jfgsns/ptvsyxpb.png?lang=28d0f,0
https://amazon.com/cgi-bin/user_online/uos.cgi?/cqockxg/gbuxh,1
https://instagram.com/zxxs,0
https://facebook.com/vzjw/xzwsdg/asbkx/yciuro.woff2,0
https://youtube.com/qqelb/necfdjz,0
https://cdn.shopify.com/ytvm/hbybgb/huwk/gwok.png,0
https://cdn.shopify.com/tlz/wok/enczng/ibjdv.svg?page=4vat1&id=flobl,0
https://adobe.com/ydh/nrruktzm/mkbgvyfl/ppbe,0
https://cdn.shopify.com/click/impression?/euu/esizzu,1
https://wikipedia.org/ejsqgt/txvva.ico,0
https://netflix.com/logging/pixel?/iebh,1
https://facebook.com/omniunih.js/dxu/rwgle,1
https://instagram.com/clicktrack.min.js,1
https://_imp?Log=/jwd/lkxtyjd/jlfc?ref=099=vsmlhq&utm_913=rhsetu&cid505=giffes,1
https://facebook.com/imf/dhqw/cjgzyaaq.ico,0
https://wikipedia.org/jeizxwp/sxpii.css,0
https://adobe.com/web_answertip.js/nmm/boo,1
https://youtube.com/mfp/ushp.svg?lang=8qbyw&theme=rpjtl,0
https://apple.com/ahn/tkntzgwg,0
https://cdn.shopify.com/honeybadger.min.js,1
https://linkedin.com/rwtag.js/tldxjbn,1
https://instagram.com/analytics/comscore.js,1
https://reddit.com/plugins/civic-science/js/pixel.js/vawr,1
https://google.com/fbtpt/vqaqrd.svg,0
https://instagram.com/xgxkce.js?theme=ay1bf&q=dw383,0
https://apple.com/js/hbx.js/jejhh/ldvlrlb,1
https://reddit.com/dejvw/idvom.css?id=xrkgh&id=j60vk,0
https://facebook.com/trackstats?,1
https://apple.com/bghxob.woff2?id=bnzak&view=4vzbn,0
https://youtube.com/sqz/sxve.ico,0
https://amazon.com/public/visitor/create?/udhy/huli,1
https://youtube.com/woqgu?lang=2dpid,0
https://netflix.com/lunametrics-/ppxhhbjp/thg,1
https://cdn.shopify.com/zmfnsk/vpf.jpg,0
https://google.com/global_tracking.js/qqvufmvw/zzsi,1
https://reddit.com/webstats/track.php?,1
https://netflix.com/cppk.woff2,0
https://apple.com/smao/rtkdvfnk/wjfvcega/snsjaiy,0
https://reddit.com/ebkcwx/obq/jyri/zapwl.svg,0
https://netflix.com/symplr-analytics-/bnpzi/wqgd,1
https://cdn.shopify.com/iljve.woff2,0
https://apple.com/rfvsm/dqwc.woff2?page=te13r&page=hty1w,0
https://cloudflare.com/pqyghdu/kzxedxke/lguzi/nruduwnl?q=q5vw9,0
https://linkedin.com/ulce/oxbtnd.woff2,0
https://adobe.com/yvntmm/rodfxlj/diqbpt/uoopkirl,0
https://amazon.com/pof.css,0
https://cloudflare.com/qlitics.js/gskf/xmb,1
https://netflix.com/lin/vtw/nsrhdmf.svg,0
https://facebook.com/gmmeq/efduqfwf/svvhj/qdzuf,0
https://cloudflare.com/ijmyq/fcpndv/wmnyua?q=dikbi,0
https://apple.com/metrics/ga.js/ydh,1
https://reddit.com/ahtv/xapb/sbka/didoyhqp.jpg,0
https://cdn.shopify.com/vwjrjp/caywses.js,0
https://.pageview-props.js/bnvdwm/hlffuni/mqoflk?cid772=ausoiz&cid611=rsinsf&ref=949=dsikjd,1
https://linkedin.com/cbgwyt?q=vzniw,0
https://facebook.com/wsool/uesevpt.jpg,0
https://reddit.com/gmdlbvd/wkvymy/ezetwxua,0
https://linkedin.com/remote-weblab-triggers/*,1
https://&action=js_stats/jerehc/vbdar?ref=559=xldlmb&ref=373=omiccp,1
https://netflix.com/dhaxxmpr/bqqhf.jpg,0
https://facebook.com/opabpod/nhv,0
https://cloudflare.com/fp/HP?session_id,1
https://linkedin.com/byywfsu/ixtjgpb/yfhll.svg,0
https://apple.com/search/log_requests/*/nmil,1
https://microsoft.com/ejgugog/rwrwcz/qjypkrpn/zplcvkp.js?lang=gjk7j&page=4bs7n,0
https://linkedin.com/kzbl?page=s95iz&theme=qvqjk,0
https://wikipedia.org/cxfpdxz/dduuqabu/sdnno/xxq.ico,0
https://microsoft.com/boost-sd-analytic.js/qpwi,1
https://adobe.com/jrhufbg.woff2,0
https://cdn.shopify.com/moat/yield.js,1
https://apple.com/hfpukmn/nrvnu/ovvenpb/fub.woff2?theme=txbiq&q=et8hl,0
https://twitter.com/locjsz.ico?page=7i6h9,0
https://wikipedia.org/lmxx/vlrjhvdj/erzgoom/qulpzl,0
https://twitter.com/xwsbdng.js?page=q4r60&view=j7h6v,0
https://cloudflare.com/ssqmwm/ltwzg/sqax.svg,0
https://linkedin.com/ga-lite.min.js,1
https://cdn.shopify.com/swatag.js,1
https://youtube.com/log/metrics?,1
https://twitter.com/nwst/uqhzdph?id=6fyfr&page=gof1e,0
https://youtube.com/irlclt/jivqiypo/jds/iyhgjw.js,0
https://.gif?Log=/chop/wdqejyqv?affiliate896=wtygqn&utm_179=sqiwnd&ref=306=acifkb,1
https://apple.com/iktjngmk.jpg,0
https://linkedin.com/dkek/zbmgs.jpg,0
https://wikipedia.org/rsqff.svg,0
https://cdn.shopify.com/fingerprint2.js/tsureib,1
https://google.com/zxs/bauo.svg,0
https://google.com/ofdjj/gytnoevo/qssx.css?theme=evf9e&view=jxd5o,0
https://facebook.com/opzxkja/ncrbdj/dby.ico,0
https://netflix.com/awobi?q=rhxi7,0
https://amazon.com/supercookie.asp/dsox/vsjbd,1
https://linkedin.com/EmailOpenTrackLog.aspx?$image,1
https://linkedin.com/byzf.js,0
https://reddit.com/ubehda/ozjfpih.js?lang=dmdcx&q=fu0tg,0
https://google.com/fp/check.js/nhcibtbp/qsi,1
https://google.com/soz/zyioyym/yjyoxnh/ccvrj.jpg,0
https://youtube.com/jtwz.woff2,0
https://cdn.shopify.com/umt.gif?/yvvvqka/eou,1
https://?type=pageview&/lcmrq/swjzpak/nbfjje?sessionid270=apipwb&ref=849=vmxntk,1
https://twitter.com/joomla-visites.php/krfx/jsfp,1
https://reddit.com/swlapi/stats|/lhpdk,1
https://youtube.com/AIT_Analytics.js/ohjwtvew/bzx,1
https://cdn.shopify.com/ixycbses/mtflwlyd/pnfjghh/ptfhy.png,0
https://netflix.com/oyitdf/jadhvdog/elt/wds,0
https://microsoft.com/nwebl/hoytpodu/xsecpxp/ipmzxwvi,0
https://cdn.shopify.com/nielsen.js/zbeketm/zqkqp,1
https://linkedin.com/tokaezz/ife/cewb.jpg?theme=k6vj5&theme=rsa3j,0
https://facebook.com/aavhdfdz.js,0
https://reddit.com/dlbctja/djwsj,0
https://amazon.com/analytics-library.js,1
https://netflix.com/opbieop/qstbmh/dbhkz.svg?q=0s6cc,0
https://facebook.com/effohi/jlo.png,0
https://adobe.com/zotuu/numhtue/nevtojb/ucrtz.jpg,0
https://&l=dataLayer&cx=c/acyjulrv/ftmxqsj?ref=846=bajngq&affiliate649=rqiigf&ref=900=xuecrn,1
https://google.com/wkzuwwcj/oqe/qkvudj.svg,0
https://netflix.com/ytphymk/iljiveh/pek,0
https://linkedin.com/iaigc/oxku/tnjjm/jit.svg,0
https://facebook.com/nbmaxgfe/zcmofyty.js,0
https://amazon.com/trackvisit?/kxqfvw,1
https://linkedin.com/rsro.png,0
https://amazon.com/njjhlzck/hjjzrnkz/jjsj.css,0
https://google.com/HitCounter./lrl,1
https://netflix.com/pmxxrj/lcdibjlb,0
https://netflix.com/peolkqtp/hqtpyxfx.woff2,0
https://cloudflare.com/sitecrm.js/etvfd,1
https://youtube.com/exittracker.js/epmdze,1
https://reddit.com/xbmt/wvyu/aeyhcmo.jpg?lang=x8c79,0
https://linkedin.com/rsrqa/rjr/gnuhwi.woff2,0
https://google.com/jinbedgq/rlucygmc,0
https://reddit.com/fuzaogu.jpg,0
https://instagram.com/tqvnvqbh/ufszs/wvejxpg/bajg.ico,0
https://instagram.com/ljk/nkpvuz,0
https://google.com/zqgwxa/vhrxykxi/dtb.png?page=vsz88&page=hlklf,0
https://microsoft.com/datawrapper.gif?/sqt,1
https://twitter.com/tsbqnbv/olji.woff2?theme=64a9i,0
https://reddit.com/whmgsmyp/pkxj/xmh/ygdrip.js,0
https://apple.com/scripts.kissmetrics.com/*,1
https://facebook.com/abcmvpop/yevl.css,0
https://microsoft.com/stats-collect,1
https://adobe.com/pixels.jsp?/hhkphruh,1
https://twitter.com/idq/qodvvq/recsx/dsjifyv,0
https://&action=js_stats/abmhqn/kgc/wyxna?sessionid656=ybokke&ref=546=dajwiu&affiliate404=rwlfjo,1
https://cloudflare.com/mjy/ewkbqn.png,0
https://?action=log_promo_impression/zbdude/cjeox/opnqt?cid702=lgtcri&affiliate079=lswgib,1
https://linkedin.com/ykiebhdy/ztfl/snsnc/hfuszmh.woff2?theme=fh0qh,0
https://amazon.com/hbgnm/vhly/exythr.js,0
https://wikipedia.org/oghsbp/pohxkpvj.js,0
https://?local_ga_js=/tkix/vsza/sqoloifm?sessionid499=gejkym,1
https://amazon.com/?record&key=/ldtoieed,1
https://apple.com/omdhnriz.png?view=x1447,0
https://instagram.com/ylsk.css?id=rhgrg,0
https://linkedin.com/gcnsmdqb/ksqmdm/plfmgecb/kspxajp,0
https://cloudflare.com/bcvgz/fraai.js,0
https://netflix.com/cdqylj/pwu/mxsy/dqjplic.js?q=4gw7n&view=fx6yt,0
https://netflix.com/rrweb-record-pack.js,1
https://amazon.com/vuzf/apf/zjog/zutapl?lang=t3s4a,0
https://wikipedia.org/mint/?record/ypjiyees/ciebvjsi,1
https://microsoft.com/acjtzrxo/ntyu,0
https://amazon.com/vhu.js?view=ei74m&page=pm4r2,0
https://&action=js_stats/chjs/wugxzm/nnh?affiliate408=ajqjhz&campaign164=shpkvm&cid932=zbylga,1
https://facebook.com/comscore_pageview/iuyct,1
https://amazon.com/viruwl/zyqwbi/vexsvioq,0
https://linkedin.com/ony/cqry/ozmonj/wuymjp?theme=vw49b,0
https://amazon.com/djuryupf,0
https://linkedin.com/frontend-gtag.min.js,1
https://microsoft.com/pwylg/wpzufrr/nctydcf/jjlwmsc.css,0
https://wikipedia.org/rgzt/nhsbt.css,0
https://.php?stats=/jenyph?sessionid347=smvbnr&affiliate047=htcbtb,1
https://linkedin.com/jtk.css,0
https://amazon.com/analytics-minimal.js,1
https://netflix.com/rainbow/master-js/ecx,1
https://google.com/poqcp/sjckn/ekibwdz.woff2,0
https://apple.com/sja.css?theme=wq0td,0
https://-inview-tracker./tcdifzu/djhve?campaign359=uhznvc&utm_907=qnllmh&sessionid250=srlnvz,1
https://netflix.com/botbe/fbx.woff2,0
https://cdn.shopify.com/ydfoaus/fem/axhuzfp/btbmwyy,0
https://wikipedia.org/slizgxi/lqmhsl,0
https://netflix.com/htfph/lakb/vkevcwu/qxa.woff2,0
https://linkedin.com/kka/nqoodcey/nqcats/iskygftd?page=mxaf0,0
https://&hitType=pageview&/zvcdqt/ooo/nyzokuz?campaign000=uovook&sessionid956=jllvql&utm_227=vsghjs,1
https://cdn.shopify.com/snzbquao/afjvjy/qskjdjr.svg,0
https://_WebVitalsReporter_/plskz/aopboeg?affiliate354=rhhzdw&utm_495=nlsytu&utm_435=ldtewf,1
https://microsoft.com/aptrk.js/egsz,1
https://amazon.com/lwln.js,0
https://apple.com/ndcgj/guyiwzje,0
https://netflix.com/ntoyxyl/lfcvvfha.css,0
https://netflix.com/mqby/oruzxi/aovp.woff2,0
https://wikipedia.org/wxspauq?page=pcb8z,0
https://cloudflare.com/shwvxm/oaofx/vydfpjv/ragys.woff2,0
https://linkedin.com/ica/gwz.jpg?theme=mfj1x&view=wyzz7,0
https://facebook.com/evercookie.js/aaamk,1
https://youtube.com/one-plugin-analytics-comscore/*,1
https://microsoft.com/peso/nvzhef/vpjawucl/sjoo.png,0
https://.pageview-props.js/plkjmp/ddvgcpy?ref=103=coyogu,1
https://apple.com/hedvwt/xkkhmr.png,0
https://facebook.com/statistics/pixel/*,1
https://-track-inview./twmn/oziuvfps?cid201=spqopp&affiliate262=vazthc,1
https://cloudflare.com/rvztkphw/lzuhty/fypojb/ztqz.woff2,0
https://microsoft.com/qeytn.css,0
https://cloudflare.com/wybw/bigwhg/dqwoq.js?theme=x9x3f&page=zmj9n,0
https://microsoft.com/zldh.ico,0
https://wikipedia.org/alcaa/emwnfco/foyt.jpg,0
https://cloudflare.com/wzavrv/fypagzdw/kbuewspo/xumxg?theme=ynhp7,0
https://apple.com/jouwixak/vykxh/xblwxqwr/jxgzs.css,0
https://cloudflare.com/lbvp.css,0
https://twitter.com/wfquky/rwoeyzwt?lang=g5z8k,0
https://facebook.com/pix-ddc-fp.min.js,1
https://google.com/mohikqok/eyqmhj/tystiq/kxpjg,0
https://netflix.com/bfr/aba/jydbds,0
https://facebook.com/newlog.php?/cfhhd,1
https://linkedin.com/smetrics.*/id?/qkzkxpmt,1
https://netflix.com/wtdzx/mdwdxaw,0
https://adobe.com/rjooli/crb,0
https://?log=united-impression&/rvcw?cid198=nkksee,1
https://reddit.com/pzpq.css,0
https://amazon.com/trans_pixel.asp/qups/glvgfc,1
https://amazon.com/cibkvigp/usr.css,0
https://google.com/lmaj/vhtjqjm/jgviypj/xasocfb.jpg,0
https://instagram.com/liyzj/xqi/fxxvvx/xjdysgfi.svg?id=1u3br&lang=k5b2c,0
https://youtube.com/vnsdy/qsfopj/vqofoxw.svg,0
https://facebook.com/izpcgwo/hlznur,0
https://linkedin.com/track_event.,1
https://cdn.shopify.com/analytics_cookie.js/xzdh,1
https://apple.com/zvdtpcrx/zdpmo/rnh/vqerjbus.ico,0
https://amazon.com/sentry/bundle.min.js/ypyw,1
https://adobe.com/mxajn,0
https://linkedin.com/logview?referrer=/udkdbvlt,1
https://instagram.com/ga/yap.js/ltocnk,1
https://instagram.com/postcounter.php?,1
https://youtube.com/tr/pageview/*/cxxh/pukiv,1
https://netflix.com/nbqknhh.css,0
https://apple.com/fxgeym/qndexzzu/yxlnfc/twhebst.js,0
https://amazon.com/oytwwtud/obxuxcb,0
https://cloudflare.com/ultfdy/yggfusv.png?lang=37bbz&view=wck2c,0
https://cloudflare.com/takva/ghleq.png,0
https://apple.com/epfc/twrarp.ico?q=4twa0,0
https://reddit.com/qcur/fgkc/tson/qpt.woff2,0
https://amazon.com/yczvx/wveo/kfcqlho/wlpiqtx?theme=fzcfd,0
https://facebook.com/cyebsvqw.woff2,0
https://instagram.com/gta/pxpcxm/jofiwevm.jpg,0
https://adobe.com/nvp/upvrveq,0
https://apple.com/buobcdx/alt,0
https://wikipedia.org/ctpsz/scums/sjjo,0
https://netflix.com/fcg/cknnhp.svg?lang=dmoju,0
https://cdn.shopify.com/ipvr/utsprp/lguwo.ico,0
https://netflix.com/csiww/blfvxorj.jpg,0
https://youtube.com/bundle.tracking.js/agwspdjh,1
https://twitter.com/stat_vue.php?/zskhpil/atdomf,1
https://adobe.com/smz/ouvndsu.ico,0
https://adobe.com/trackingpixel.php/dtutumpy,1
https://facebook.com/vvuzbz/qintc,0
https://google.com/vmlhsnv.ico,0
https://twitter.com/efra/dmhgr.svg,0
https://twitter.com/htgxp/sopvt.js,0
https://facebook.com/qrwa/wtcqrfws/zlyriy,0
https://cloudflare.com/b/ss/*&ndh=/cpagnfd,1
https://youtube.com/ucjfa/mnorusxg.woff2,0
https://twitter.com/livecounter.php?wid=/otp,1
https://apple.com/dyrwtk/gpi/mivock.css,0
https://amazon.com/gemius.3.15.js/rebfb,1
https://reddit.com/lcu/rvnbdrau/hrv.css,0
https://reddit.com/mbs,0
https://twitter.com/whnfzudl/tlnoxc.svg,0
https://apple.com://elqtrk./aunfnm,1
https://twitter.com/eggjjdg/altav/fco.ico?view=comt0&theme=0fz9p,0
https://linkedin.com/cx_tracking.js/dbrt/xeps,1
https://amazon.com/xibflp/cbqjwi.svg,0
https://cdn.shopify.com/parsely.js/rfegj/aiq,1
https://apple.com/hkkjuujq/sljyrw/umcfwyia.css?theme=fxe6u,0
https://apple.com/dqhabgbg.jpg,0
https://cloudflare.com/bhk,0
https://twitter.com/stats?event=,1
https://reddit.com/thcx/krxrveol/ftdwob/roxow.ico,0
https://reddit.com/bvkqzxkb/bfqlbl/wicj/via.jpg,0
https://youtube.com/v1/tracker.js,1
https://apple.com/sw/analytics.js,1
https://wikipedia.org/xew/zyznifqs/aris,0
https://cdn.shopify.com/bapyrc.ico?q=j4pyk&q=d7j7a,0
https://wikipedia.org/xytyaddu/quykb,0
https://facebook.com/mea/mxebh.js?page=du1dz,0
https://microsoft.com/kpicjhbz/hzneq/dixry,0
https://cloudflare.com/dnm/zwwjehg.ico,0
https://instagram.com/rbxv/duf/ywccjrfh/btqb?id=rchfo,0
https://adobe.com/amp/analytics/baq,1
https://instagram.com/cookie.gif?/qptlpqs,1
https://wikipedia.org/flmakpe/zfrhweq/rxwxfgq?theme=85ctv&lang=dd3ey,0
https://.content_tracking.js/peie/bxtgzk?utm_682=eqonis&sessionid979=ohfrwz&campaign297=otniix,1
https://wikipedia.org/vogfs/ryzkscg/kmva/qnvucq,0
https://twitter.com/evu.png?q=ueeeo&page=n9nv9,0
https://twitter.com/tlvei/zjr/dmcb/fhwpybek.css,0
https://reddit.com/ynh/unysgy/zbz/rjdbnho.ico,0
https://google.com/dtm_cm.js/flpuxshg,1
https://microsoft.com/toc/gyapse.ico,0
https://microsoft.com/rtsajzpx/mpzui/xbuapc/gdrdeudj.jpg,0
https://netflix.com/lactuf/pma/air,0
https://microsoft.com/gqez/efzcjit/qxuvmm/uyzwkmql,0
https://microsoft.com/ydbvsmw/ejbazd/wnga/tixxyu,0
https://youtube.com/evuudc/lsm?id=shugy,0
https://adobe.com/lounxgf/nflav/orlkioa/fguelz,0
https://facebook.com/rykqtwox.svg?q=lgpct,0
https://youtube.com/vyjev/cuo/bzaqjip/yrnzajk.jpg,0
https://instagram.com/mjomo/qsdljmzx.png?id=8e9vo,0
https://google.com/PageStats.asp/azlrrig,1
https://facebook.com/rjnbd.js,0
https://?action=impression&/kjwkts?ref=881=rmrazo,1
https://wikipedia.org/wvujgu.css,0
https://linkedin.com/pixel?tag=,1
https://linkedin.com/api-analytics./kxroim/xbrmwjcf,1
https://cloudflare.com/qewolmwi.jpg,0
https://cdn.shopify.com/iyrie/cjpdmhfd.png,0
https://microsoft.com/pqefwh/iebluh/losrij/kragloz.ico,0
https://facebook.com/zpbpvty/ckcoesu?lang=3ga4s&page=ov974,0
https://youtube.com/get_geoip?/nlenirev/gzqgws,1
https://reddit.com/zwqjl/evienay/ork/zggicy.png,0
https://reddit.com/rev?lang=x2xju,0
https://amazon.com/ootchxg/skbpvx.jpg,0
https://cloudflare.com/rjaqttw/lcscrlem.ico?view=ti4c4&id=zu7kz,0
https://facebook.com/xakwbv.jpg,0
https://netflix.com/fyxoc.svg?lang=f9a6q,0
https://wikipedia.org/interaction/beacon,1
https://facebook.com/gzj/wmglt.js,0
https://youtube.com/uka/adlx/uvele.jpg,0
https://microsoft.com/ga_tracklinks.js,1
https://facebook.com/sitecatalist.js,1
https://.php?action=browse&/igruldi/uyocbl?utm_292=njjpvz&campaign533=nllpgj,1
https://_c.gif?c=/uvwkhzgg/hwzwzm?utm_423=degceu&sessionid628=cqtfrg,1
https://instagram.com/iocrzmoe/jnyoo/snrebd/ppfkp.js?q=d7l3f&lang=xtcq3,0
https://instagram.com/zios/ums/iomqy,0
https://amazon.com/pixeljs/*/nfvk,1
https://adobe.com/woz/haowwfk/xvgupjcw.jpg,0
https://reddit.com/xmi/wmssv/wdb/jysc.woff2,0
https://twitter.com/track/?*&event=,1
https://wikipedia.org/zhormhha/sztyvz/hzi,0
https://linkedin.com/tr/lp/intg.js,1
https://netflix.com/wbmotj/ihsal/lqxpg/quwoob.ico,0
https://microsoft.com/qqghop/lew.svg?view=nk3f5&page=90ue3,0
https://instagram.com/lamwj/ribzp/ibcnaen.css,0
https://cdn.shopify.com/rucp/okirus/hkaegge?q=91kdv&view=7l84d,0
https://instagram.com/ozrslc/ymbjhpnu/vvkv/atbmyr.png,0
https://amazon.com/jlovoc/uqjvxde?page=12zwo&theme=ci5an,0
https://twitter.com/gtvtjpu,0
https://amazon.com/metatraffic/track.asp?/gcrosaxi/xlrvuyqb,1
https://cloudflare.com/urchin.gif?/vqd,1
https://.php?notrack=/pfz/csis?utm_880=qnszzl,1
https://-adobeDatalayer_bridge.js/eobfkz?affiliate103=qubsxb&cid273=wdffxc,1
https://wikipedia.org/kon/wde/dwbhad.woff2?lang=zzjg4&q=zw1j3,0
https://facebook.com/pixel/view?,1
https://instagram.com/achzpd/brxlqk.ico,0
https://cdn.shopify.com/StatCms/ViewCount?,1
https://netflix.com/hwlpy/hnf/oap/olw?theme=d2ugd&q=cxj03,0
https://cloudflare.com/obhsinux/anyzgr/hyktiqu/bwgom,0
https://microsoft.com/vvx/sgsm/tayjv,0
https://apple.com/iebz/ripdphky.png,0
https://youtube.com/gs.gif?/gkuajqgi/sbx,1
https://twitter.com/amp-analytics-/ijew,1
https://reddit.com/kvmfy.ico,0
https://netflix.com/rvppsqu/dmst/xmrbts.woff2,0
https://netflix.com/mwTag.js/ibtuu,1
https://netflix.com/yoezun/xskfijqn/ribx/tywws.jpg,0
https://?action=statsjs&/gyysvfmm?sessionid270=yepghw&affiliate087=diosee&utm_014=jbmglt,1
https://microsoft.com/ooyfsjh,0
https://facebook.com/kaiseki/track.php?/brqv,1
https://linkedin.com/hgsja/qjfcdm/zguoakjf.ico,0
https://youtube.com/plugins/stat-dfp/*/fmqhncbp,1
https://netflix.com/lckrd/hqiuiag/ejgavbgk.woff2,0
https://.php?stats=/kel?sessionid884=hgiuhc,1
https://apple.com/lilczno/grhehdub,0
https://cloudflare.com/global_tracking.js/gubug/diw,1
https://amazon.com/sts/jimabqo/qdtvsoy/cnxyafjs?lang=76u9b&theme=agqvi,0
https://instagram.com/dxtzouv/mlo/jmqh/gmze.jpg,0
https://instagram.com/xzartpsg.ico,0
https://instagram.com/log/sentry/*/rxczygm/zlelllha,1
https://cloudflare.com/pt?type=pv&,1
https://cdn.shopify.com/szibob/qpohkuch.js,0
https://adobe.com/bcsensor.js,1
https://amazon.com/geoip?,1
https://linkedin.com/zzzunqpz/vvkmahms?view=li6xe,0
https://wikipedia.org/clickcount.php/loco,1
https://twitter.com/sorqklap/aftj.woff2,0
https://wikipedia.org/dgguy.jpg,0
https://facebook.com/lcpmhjum/tnfjozv/dioxwk.jpg,0
https://netflix.com/monitor_analytic.js/ewxbwdel,1
https://instagram.com/gbbrsgwf/eoj.svg?id=4sj8s&theme=cre84,0
https://linkedin.com/wirf.css,0
"https://twitter.com/webtracking/*$~document,~subdocument,domain=~wwwapps.ups.com",1
https://reddit.com/dxoojt/dufpkt.jpg,0
https://linkedin.com/mongoose.fp.js/goty/euwbxjo,1
https://&pagegroup=*&url=$script/buglqtp/bzyy?utm_501=hcahsf&cid201=stqwwh,1
https://instagram.com/pvlog.js,1
https://cloudflare.com/qjdilzb/mrtxydq/ium.js?q=987g7,0
https://instagram.com/sawotxq/wptx/xkbt/ohbqe.svg,0
https://microsoft.com/wvfc/wzanf.css,0
https://google.com/wdwtbj/nbfuql/aeeswss.ico,0
https://instagram.com/stat2.aspx?/xblxojm,1
https://cloudflare.com/cdsom/bbguwox/oslc/ogygbehl.ico?q=hdo5z,0
https://linkedin.com/gaaddons.js/bkkrgash/hrkoxw,1
https://reddit.com/counter.aspx?/hmg/ukrwnfsq,1
https://instagram.com/nnzgk/doelwgi/fmzq.woff2,0
https://linkedin.com/uotvlqbn/qaw.svg,0
https://reddit.com/uoi,0
https://cdn.shopify.com/ztfb/aurvio/inqhc/zcwtkolr.ico?page=qfbzk,0
https://microsoft.com/xncukfn,0
https://youtube.com/tbhat,0
https://reddit.com/vevsg/zvpa/yvaxizbq,0
https://apple.com/a.gif?/nmw/nkddjeh,1
https://wikipedia.org/kpn?q=r7w1m,0
https://adobe.com/roi_tracker.js/ipzt/adir,1
https://instagram.com/gnfoabp/ogr/ifkavi.jpg,0
https://google.com/nma/moqu.css?page=7nn5a&id=e31yo,0
https://facebook.com/track?name=/mgacgbw/fiau,1
https://wikipedia.org/pixeltrack.pl/fivsgmq/nyfjjlg,1
https://google.com/fmnprb/blkmw/jzwxxqk.ico,0
https://reddit.com/zoxjq,0
https://netflix.com/aumphwzi/ttje/opwtdo.svg?theme=po32h,0
https://cdn.shopify.com/printpixel.js/comxdxge/hyre,1
https://linkedin.com/yxhdwf/vdnpx/jrrqo/rwk,0
https://instagram.com/jre.jpg,0
https://wikipedia.org/referral_tracking.js/pvpqd,1
https://instagram.com/fpcookie?,1
https://reddit.com/wswqma/szvany/vqhrixz/wktga,0
https://google.com/bdg.gif?/fkqj/ckh,1
https://twitter.com/iwhpx.jpg,0
https://twitter.com/sessioncam.recorder.js/tyt,1
https://microsoft.com/riytl/oxzqzk/lnhgawkz.svg?theme=btbgr&id=8yl8s,0
https://apple.com/rfntjm/drcm/bcf,0
https://amazon.com/skhw/lnnmsv.js,0
https://twitter.com/rygxopb/kor/ijxjzuzu/obrwqsi,0
https://linkedin.com/myohd/olj/eag.css,0
https://linkedin.com/mormont.js/fefhcwpr,1
https://adobe.com/nyeybumj/jtbdxsr.css,0
https://cloudflare.com/kseehg/kpbjgidh/xlx/uiweme.ico,0
https://adobe.com/lwryjx/irek,0
https://adobe.com/uzt.js,0
https://linkedin.com/eqj/cddrl/azg/oiaobpjk.ico,0
https://wikipedia.org://beacon.*/track/frs/zgpzv,1
https://amazon.com/adjsd/xgc/yxrzn,0
https://amazon.com/api/pagevisits/torssjqq/jjoegqnc,1
https://wikipedia.org/ivar/tjhkgtu/scixcsn.png?q=wg6f8&q=w5a7r,0
https://cdn.shopify.com/gzbhiy/omdgtzjb/fzldb/moj.svg,0
https://wikipedia.org/erju/lfhiuv/bexbfbjb/ctggwp.png,0
https://reddit.com/auxttkay/cdho.woff2?q=ylgfu&id=uum9c,0
https://wikipedia.org/ghe.svg?lang=fy1ge,0
https://youtube.com/hsnpnsd/ewczxt/tvcu.svg,0
https://apple.com/crgeaot.ico,0
https://twitter.com/hhwej/dmntt/wtfyftx/vlub,0
https://-track-inview./zbdeyc/mpupidj?sessionid489=krakan,1
https://twitter.com/otddi/hdhyqz/evj.svg,0
https://instagram.com/sgfplkcy.png,0
https://cloudflare.com/rdbxgik/krnxdhdb.svg,0
https://cdn.shopify.com/fp/tags.js/oypwa/jpplagzg,1
https://linkedin.com/xqrrvl/mxwi/ggw,0
https://apple.com/qdn/srhyf.png,0
https://facebook.com/nxuvwnzy/ijeqw/ehxnt.woff2,0
https://reddit.com/gkfmhut.jpg,0
https://twitter.com/aolbrb/susbl,0
https://microsoft.com/getintent.js/kslzm,1
https://facebook.com/qtracker-v3-min.js/cewndieu,1
https://reddit.com/tracking?vs=/jkldqgh,1
https://linkedin.com/kiisk/aio/tgs.js,0
https://facebook.com/oimcpvz.ico,0
https://cdn.shopify.com/jwdxt/bspici/myd/ypek.jpg?id=eci4m,0
https://reddit.com/wpz/cymdpwzw/xsocx/feg.css?view=a776v&view=5nb08,0
https://apple.com/opdc.js/blij/dfsmf,1
https://google.com/vrn/rfcq/mgizmbm/dvsuo?id=nin41&q=v275c,0
https://cloudflare.com/sltdx/qrdvv/dajtgjb/vpb.css,0
https://instagram.com/agij/dzpivahn/ajdgu/umpmfv.png?page=kpojx&lang=noils,0
https://netflix.com/log?event=/myaj,1
https://adobe.com/socialtracking.min.js/yxxgee/rckszoms,1
https://linkedin.com/chowu/cszn/vtgwmy.svg?page=rgknr,0
https://wikipedia.org/AnalyticsDataLayer.min./jweby/qja,1
https://wikipedia.org/vpbt.woff2,0
https://netflix.com/utzywd/upb/tfjfdk.woff2,0
https://cdn.shopify.com/zpnjled/bmd/ugugbr/dmkdcyws.ico,0
https://youtube.com/dmp/pixel.js/kgznk/rywci,1
https://linkedin.com/pageview?key=/byajxodj,1
https://amazon.com/elqcfg.js/lffz,1
https://youtube.com/collect?eid=/ujacrl,1
https://?event=performance&/ifye/nlz?affiliate425=evdtsx,1
https://twitter.com/trackga.min.js,1
https://adobe.com/ecom/status.jsp?/fwfyjl/nnmqvw,1
https://youtube.com/veqtud.woff2,0
https://google.com/ddlywe/lvmmmtc,0
https://netflix.com/csimj.png?theme=p7gh8&view=9bgd3,0
https://amazon.com/xlysqk/esytizz/fkyz/snyew.woff2?theme=6xomw,0
https://twitter.com/jtcqfmny/efshgb/fqlwbwz,0
https://twitter.com/lpjznme/qxhcygex.jpg?view=jcc5b,0
https://##.embed-responsive-trendmd/heesf/borr/fynwe?cid926=uuwehv&utm_608=sbrwbf,1
https://reddit.com/nhq,0
https://netflix.com/jzppl/fbg/wbyoyd/rabicexc?q=7nrt4,0
https://google.com/ynmfaob/wekmzase/fjvj.jpg,0
https://wikipedia.org/opdc.js/txh/iqnjkdh,1
https://linkedin.com/mxr/tnbh/rszbowil,0
https://cloudflare.com/trackingImpression/*/mzexdpg,1
https://instagram.com/log/page-view/vxcq/ywhtceht,1
https://instagram.com/perf-vitals_,1
https://cdn.shopify.com/jjlhcpcx/zxy.png,0
https://-inview-tracker./cdrtgxzu?cid187=gjnwcl&utm_334=mnuliz&sessionid764=owyght,1
https://microsoft.com/hnla/daesxxrq.png?id=48f18&lang=o4nyu,0
https://google.com/qhvyvx.css,0
https://youtube.com/vofvio/uppxik,0
https://twitter.com/stat.js?,1
https://netflix.com/zaqd/dgpfrq/dkdzwqct.svg?q=p63et,0
https://youtube.com/analytics-client-identification/*,1
https://reddit.com/tncms/tracking.js/joafktbx/ybqc,1
https://instagram.com/dynw/dib.jpg,0
https://instagram.com/axjyn/fxcsntu/lvet/rjznms.ico?lang=3yj5x,0
https://microsoft.com/wp-slimstat.js,1
https://twitter.com/gib.js,0
https://reddit.com/lbvmj/nofizrsk?theme=ytmuc&theme=axld7,0
https://-inview-tracker./rdwyv?ref=207=iqijef&sessionid577=skqygd,1
https://instagram.com/dpistat/updater.php/llautqy/kkxsul,1
https://youtube.com/audienceScience.js,1
https://twitter.com/tubeqer/aak/siuqd/qsq.png,0
https://linkedin.com/wyu/iphd/hatrx/tql.ico,0
https://-track-inview./des/poh/trrtgxh?campaign803=bqokom,1
https://instagram.com/dqzzkffc/ealk/thbk/ijk.css,0
https://microsoft.com/tqgtv,0
https://adobe.com/rhso.css?q=u8uf1&theme=cb4su,0
https://google.com/tmwyvut/utonnqcl/gsiznew.ico,0
https://apple.com/mtc.js,1
https://cdn.shopify.com/geocc.js/ivz,1
https://adobe.com/hgw.woff2,0
https://twitter.com/wsxj/nowa.css,0
https://cdn.shopify.com/nrdbi/xapo/xon/mfssth.woff2?id=6p6wu,0
https://cloudflare.com/hncammn/psfi,0
https://google.com/elt.gif?,1
https://cdn.shopify.com/gingeranalytics.min.js/qhmmtdn/hcnwv,1
https://twitter.com/gssom.ico,0
https://amazon.com/analytics.analytics/analytics.min.js/vsi,1
https://instagram.com/piwik1.,1
https://linkedin.com/plausible.outbound-links.js$domain=~plausible.io/rwulj/dfhtvzu,1
https://twitter.com/abt/hgfvvyqj.jpg,0
https://linkedin.com/louammzx/bagmy/mlsm.css,0
https://google.com/aametxc/izwcpxcr/cjuhoj/bxg?q=pvksm,0
https://apple.com/kyprrrqa/hwerpsyo/jgqewpx.css?lang=bgvdi,0
https://facebook.com/njaon/fvomxwn/ekuqrzs/fka.jpg,0
https://youtube.com/stats/page-view/utz,1
https://apple.com/bridfl.css?theme=jmbwp,0
https://netflix.com/zwcyn/ahgppv/egfjsgv/ooou.jpg?theme=2c4h2&q=1wma5,0
https://linkedin.com/axevccx/ugryhatd.png,0
https://?v=2&tid=G-$~third-party/dhxah/kzuxngu/cur?utm_197=fyxkmq&ref=506=hxhotc,1
https://microsoft.com/nlxghix/dvstw/tlkvoqf/wxeptvr.svg?page=5ahwz,0
https://apple.com/pub/as?_ri_=$image/mmhymbgb,1
https://instagram.com/transparent_pixel.png,1
https://netflix.com/wizvbw/bqfoy/fhpji/ltam.jpg,0
https://cdn.shopify.com/igugk/haouyusx,0
https://instagram.com/zervref/lpoechbb/zgbvoml.png,0
https://reddit.com/trackpxl?/ajhb/fovg,1
https://youtube.com/liy/iuba?q=fhezd,0
https://adobe.com/humjgqd/djobdjb/glj?id=g5atc&q=rcztr,0
https://linkedin.com/ppnundh/ynksfs.css?id=3zc5b&theme=51q4t,0
https://microsoft.com/zcsgpb/oqapxoe.js?view=2gje7,0
https://cloudflare.com/iipbyf/gjuahvyc.css?view=00vas&page=hr4cs,0
https://google.com/trckUtil.min.js,1
https://wikipedia.org/prwe.jpg,0
https://google.com/gtag.js/ewl/bsc,1
https://amazon.com/mafhase/urkpmm.css,0
https://reddit.com/track?referrer=/buvk/bcfrz,1
https://cloudflare.com/hgct?hc=&hb=*&vjs=/eolff/dsgr,1
https://netflix.com/istapg/impmnyo/kkaikmmw/jkypt,0
https://wikipedia.org/hoh.ico,0
https://facebook.com/yzk/racingdh.js,0
https://facebook.com/ecqnoln.css,0
https://cloudflare.com/nmbzxbel/tti/skbeur,0
https://google.com/transparent1x1.png,1
https://instagram.com/xlzsy.jpg,0
https://adobe.com/tgmezwbd/akyv/vku.js,0
https://apple.com/visscore.tag.min.js,1
https://facebook.com/yxxqjfro/hxv/qisrnbtz?page=nkkj4,0
https://wikipedia.org/egounn/ozy,0
https://cdn.shopify.com/ylkapup/jwdntffg/cogp/meffl.woff2?lang=o1ika,0
https://linkedin.com/gjdiypje/cjldvatn/ncrjzbdu.woff2?id=d94z0&id=nxmmm,0
https://?event=pageview&/xwmmqorq/mxmubwi?cid495=fgyheu,1
https://google.com/bycuykkm/tyfkid,0
https://twitter.com/vhfcolne/zdkxqrbi/qnti/khnrh.ico?q=ayat1&page=71flh,0
https://youtube.com/xxohqzj?theme=x54a9&page=tdmau,0
https://instagram.com/vrwweoo/gyhnv/jilwyf,0
https://google.com/publisher:getClientId?key=/kde/fokrxgs,1
https://cdn.shopify.com/xjbarhql.js?theme=zcvkb&id=7o0nf,0
https://microsoft.com/kle.jpg?lang=36tj8&q=wrckk,0
https://google.com/pixeltag.js,1
https://google.com/byu.ico,0
https://netflix.com/svs.gif?/ekqyeulx,1
https://linkedin.com/lightspeed_tracker.js/jpwwgd/zuphfd,1
https://youtube.com/xhr.js,0
https://google.com/nykgpaa.ico,0
https://amazon.com/nmhmavhw,0
https://wikipedia.org/wicss/dtvfqo/ceuhy.woff2?q=9vjr8,0
https://wikipedia.org/xkvpysl/dhktqr/nliszztp,0
https://google.com/eatms.js,1
https://microsoft.com/ezypwjwv/cnigys.woff2,0
https://reddit.com/sjq/kzx/whli/pci.png?id=em288,0
https://amazon.com/zyytqp/mowdtl/bfa/uwgyvwv.js,0
https://youtube.com/aqdam/gxz.svg,0
https://wikipedia.org/geoip_cc/pdzylo/pkjgqykc,1
https://netflix.com/hit.c?/zmqdav,1
https://cloudflare.com/minescripts.js,1
https://microsoft.com/yif/wbwjbji.svg?lang=3dyn9&lang=iaefh,0
https://cloudflare.com/api/pageview?/fiqmuln,1
https://facebook.com/analytics/analytics.min.js/sjsg,1
https://twitter.com/jklcnhfr/hkb/mspwe/sag.jpg?q=hbm4m&view=7sv4q,0
https://.php?p=stats&/aflubiu/muojvq/aak?sessionid937=mrshxg&sessionid106=aqgfvj&campaign294=fugqpj,1
https://wikipedia.org/trackpixel?/klmzotyh/fgri,1
https://adobe.com/fb_pixel_page_view/hvtop,1
https://cdn.shopify.com/hit_counter/hdktncn,1
https://cloudflare.com/hcoqfkf/jmgdu.png,0
https://cloudflare.com/zeobges/labse/xag.css,0
https://cdn.shopify.com/adstat.js/nbp/ekcfv,1
https://?action=saveViewStat&/ytezmv?utm_684=emgeqa,1
https://netflix.com/smetrics.*/id?,1
https://linkedin.com/jlwhdx.woff2?lang=1o0jd,0
https://cdn.shopify.com/uedjavqo.woff2,0
https://wikipedia.org/rvbq.svg,0
https://wikipedia.org/cuxh/jmuiayy.svg,0
https://amazon.com/oejiiqkm/caxjhms/adtukqor/sfknezem.jpg,0
https://wikipedia.org/ducvbrl/fmxyg/wbb/faowrzr.png?lang=mhcfm,0
https://facebook.com/dnx-event-collector/*/kcmrthyj,1
https://twitter.com/AIT_Analytics.js/ikvufpam,1
https://apple.com/eqkkl/xivraanj/xvf,0
https://reddit.com/tealeaftarget?/ofbrns,1
https://amazon.com/cwetiacc/pzwniyzb/iyvjs.jpg,0
https://reddit.com/wp-statistics/v2/hit,1
https://instagram.com/lpsi/ypd.woff2,0
https://youtube.com/pixel.fingerprint.,1
https://netflix.com/cwhecrr/awuxu/xzfbspyu/zzbmabi.jpg,0
https://reddit.com/uvmvpbd.png,0
https://amazon.com/ulk/ygxjyl/jpdua,0
https://twitter.com/chrm/seomfq.png,0
https://cloudflare.com/eusv/emd/ecjphjxs.ico,0
https://amazon.com/ucqqqwkd/bfnhj/ejxwl/nqp,0
https://cdn.shopify.com/joluihc/dtu/rafxw.ico,0
https://cdn.shopify.com/analysisTag.js/uvzxdydw,1
https://youtube.com/nge/nmqbyoo/tcrkiph,0
https://adobe.com/shopify/track.js/xmbnjhy/ivbzexxn,1
https://facebook.com/wlvbgz.jpg?lang=mr2ig&q=046e6,0
https://linkedin.com/500b-bench.jpg?/sbzmlit/ewbxyek,1
https://amazon.com/count.exe?,1
https://linkedin.com/trk.*/impression/*/ryisinhg/mhqxdp,1
https://netflix.com/gatag.js/vxidr,1
https://amazon.com/rory/gyvyhydo/utfjh/usibp.ico,0
https://apple.com/syzj/dktrs/nja.svg?lang=0xa1f,0
https://google.com/jxqwe/kpxj.css,0
https://adobe.com/0pixel.php?/siqwiizj/bcotk,1
https://adobe.com/wysistat.js,1
https://wikipedia.org/jjtsyo.png,0
https://linkedin.com/ksxndwh/ivfsrr/ypfsc.png,0
https://facebook.com/analytics/embed/*/pepqi,1
https://apple.com/hnbgopu/uio.js,0
https://facebook.com/TrackWebPage?/ofp,1
https://netflix.com/scripts/track_visit.php?/pfcpdcqt,1
https://?action=impression&/gsubacp/hlzhs?utm_786=jyqzfc&ref=758=hlzlxo&cid260=liuawh,1
https://netflix.com/nsj/rori/ztfxgd/gvfz.jpg,0
https://cloudflare.com/nwzam/ksguvuou?q=xcnxn&page=z9sjm,0
https://netflix.com/adb.policy.js,1
https://microsoft.com/iiq/cskr/tlicyhk/xuviec.svg?page=iux05,0
https://twitter.com/wtn/qbpuqil/eatfnaj/eepuzrp.css?theme=4qxqb&theme=9zygg,0
https://youtube.com/jugzs/mvnpvx/vat/pznp.svg,0
https://microsoft.com/guzl,0
https://adobe.com/yzzu/nhtzruyl/zdnta/rbjjjx.svg,0
https://reddit.com/kmefwocr/zkujnn?view=poujl&view=czbii,0
https://reddit.com/counter_2.php?,1
https://youtube.com/api/cmp_tracker|/xvo,1
https://microsoft.com/fhaobpm.css?page=0cl17,0
https://amazon.com/itmpimab.png?page=qi9ut&lang=33be2,0
https://netflix.com/zzm/lpj/rbia/pcbwr,0
https://facebook.com/ljcounter/?d=/qktbvkdv/qatx,1
https://cloudflare.com/aglknhh/nrqagruf/ezilae/dwjuaw.svg,0
https://amazon.com/stats/api/collect,1
https://amazon.com/cieuzs/twxoiaqd,0
https://_social_tracking.js/yttbdzjz/xvno/ixk?cid533=ertfbp,1
https://_trackWebtrekkEvents./jhzrk?cid298=zzsier&affiliate680=gdyhri&cid266=oxebis,1
https://linkedin.com/usertrack.aspx?/jexqsbxy,1
https://adobe.com/kqi.woff2?q=n187h&page=kaqre,0
https://reddit.com/wlqlwg/msvw/zxg.jpg,0
https://amazon.com/qapcore.js/fnykvopd,1
https://cdn.shopify.com/fqctietf/uqyzbz/jcabywl.png,0
https://cloudflare.com/daurgyru?lang=q1qst&id=m5u6n,0
https://twitter.com/tluw/orxpz/canbakqf/fsrcfggk.jpg,0
https://apple.com/aov/kpqbush.css,0
https://reddit.com/gujcfmwp/iknzneko?page=ktndl,0
https://linkedin.com/rfsdyka.svg,0
https://amazon.com/juxyeque/nhan/lnkaojj/xbetgb,0
https://youtube.com/cmv/ewey.ico,0
https://.gif?Log=/jreehnb/taqowgq/zky?affiliate881=oiftul&affiliate597=dyhohv&affiliate131=eghxjb,1
https://cloudflare.com/nm/itracking?/rdxpqxak/meceogul,1
https://instagram.com/gerrgwtv.ico?lang=ru264,0
"https://facebook.com/api/events|$ping,~third-party",1
https://microsoft.com/tnahj.woff2,0
https://youtube.com/yrubpg/ipl?theme=r3i9z&view=zburc,0
https://wikipedia.org/gjzifmj/ctwxgn/jlfzlg/rbvx.png?lang=v32s8&page=jtdjh,0
https://adobe.com/zcvqi/bix/xfnbl/qcx.jpg,0
https://apple.com/ygzknts/ivkkrl/qesjnbc.css,0
https://twitter.com/yozons-lib/*/ebrszl,1
https://cloudflare.com/rynm/jyamwa/ovfwov?theme=ly0vw&view=cssef,0
https://netflix.com/log?tag=/emhqw,1
https://reddit.com/iropdtzw/xbyygt/blss,0
https://adobe.com/ecbqf/yhnwsaa/zsgt.woff2?id=v0fq1,0
https://adobe.com/lkfgvp/jpo/gewrc/tyktxm,0
https://linkedin.com/bfpxhda/gnylm.svg,0
https://cloudflare.com/trackingp.gif/gkfyghg,1
https://amazon.com/zft/ohyuqek.png,0
https://adobe.com/tydiak/qwjdveh/ivxnvksx,0
https://cloudflare.com/fugcvtq/aik.js,0
https://facebook.com/bxah/dvlrdsjs.ico?lang=ztlwq,0
https://twitter.com/kwabeut/zrmf.jpg,0
https://cdn.shopify.com/analytics/adtags?/xkxgtr,1
https://adobe.com/eggpn.ico,0
https://twitter.com/aciz/gcewbz/oriccorb.svg,0
https://wikipedia.org/pajs.woff2?page=s2mna&q=p5b74,0
https://instagram.com/gwgmr/yparjj/tztwq/aguaweyx,0
https://amazon.com/dni/zfmqri/ful/ktjtdtf,0
https://adobe.com/bxi/xdcrcsn.ico,0
https://.eloqua.js/znwi/ieaer?utm_788=tkfwnz&cid693=vkavuv,1
https://instagram.com/qxahayi/typxcj/sxfn.ico?page=ugefo,0
https://google.com/frloc.woff2?q=u6yzq,0
https://_trackWebtrekkEvents./evhoivy?cid462=wfrfym,1
https://google.com/ymhhml/yrsf/kupcon/jvrrw.css,0
https://linkedin.com/alja/msgm,0
https://microsoft.com/pfbvga?q=sy1nj,0
https://google.com/sjkbluki/ybedbdgd/fni/arv.js?page=uiwlo,0
https://instagram.com/dzpus/jatpw,0
https://cdn.shopify.com/stats?callback=/jbrl/ztyrqbt,1
https://linkedin.com/cedexis.radar.js,1
https://apple.com/kxnmt.css?page=f4iyh&q=nbr54,0
https://cdn.shopify.com/jthzwp/guvwio/rck.woff2?q=qjieg&id=cq1do,0
https://apple.com/api/bfb_write_log/bdjcpuh/hqmt,1
https://amazon.com/tsdlhc/elutvha/hept/yyccp,0
https://reddit.com/egcs/v2/collect/aypv,1
https://linkedin.com/fkllxwz/hotyjfw/tesstsz,0
https://apple.com/spnv/enmlej/stvud.ico,0
https://reddit.com/sessioncam.min.$script/wxcsdho/fys,1
https://?action=event&/chlutwi/uhjvlt/eqnj?affiliate017=fmrtkr&cid972=lnqnlx,1
https://adobe.com/emaymq/tapa.woff2,0
https://adobe.com/api_ip_info.php/efuhby/hvy,1
https://amazon.com/pixeltrack.php/tesmkuzz/iiyczd,1
https://amazon.com/rpc/log?,1
https://netflix.com/clicktale.js/sydm,1
https://amazon.com/rvispjed.ico,0
https://linkedin.com/rmwkc.svg,0
https://apple.com/jkwnfq.ico,0
https://linkedin.com/nwzpgj.jpg?theme=as24m,0
https://twitter.com/jkua/amd/yeekyrzq.css?view=28tho,0
https://netflix.com/loggly.tracker.,1
https://netflix.com/kdmorbo/yyq/jej.css,0
https://youtube.com/hitslink.js/syvnxxb/krmak,1
https://facebook.com/evt.gif?/zaym,1
https://youtube.com/kgqbx/cikmrbl/qdowimc.js,0
https://amazon.com/xdar/tcwl.svg,0
https://google.com/fjmzkqk/joowu/kmjr/jnwhx.css?view=uitv7,0
https://netflix.com/pixy.gif?,1
https://microsoft.com/utx/bbrrzvf/oepjk/srdtxe.css,0
https://microsoft.com/storefront.google-analytics-4.min.js/gepw,1
https://?action=statsjs&/klp/pjy/einaikah?sessionid508=mpdvnx&campaign340=ncplzd,1
https://facebook.com/track/pixel.php/zsltti,1
https://apple.com/event?s=$ping/hmsp,1
https://microsoft.com/googleEventTracking.js/mksbxskp,1
https://google.com/mvdrtldt/pielky.woff2?theme=1quc3&view=r8gya,0
https://wikipedia.org/byqo?lang=om8os&theme=i3b28,0
https://cloudflare.com/amalq/tusc/juk/jiortpv,0
https://instagram.com/rsyfr.svg?q=c84qc&q=k6t55,0
https://linkedin.com/krux-sass-helper.js/rkz,1
https://reddit.com/tracking/airdog,1
https://microsoft.com/ufsne?lang=yl1zy&id=yr9dn,0
https://google.com/googletagmanageranalytics.js/etlxo/bdolsady,1
https://.php?p=stats&/cyp?ref=016=uaajoe&affiliate450=stjfnp&ref=381=tjtkta,1
https://linkedin.com/ulejs/srsfjpn/xptbrxld.woff2,0
https://apple.com/cjbqixng/vhq/bcljcwgi?view=jcdp3,0
https://microsoft.com/pxtrack.js,1
https://apple.com/analytics-ping.js,1
https://cloudflare.com/bizo.js/exim/srwkavl,1
https://microsoft.com/bjuxra/melouag?theme=hzero&id=z7kan,0
https://cdn.shopify.com/tcrxh/qti/utctl.png,0
https://reddit.com/?dm=*&blogid=$script,1
https://instagram.com/lkcn/unbsjxcc.woff2?view=we33l&view=28bux,0
https://google.com/oylx.css,0
https://amazon.com/ugoxfco/vqhhcx/dkfjoqba/srjpjpsg.jpg,0
https://instagram.com/horz.svg,0
https://apple.com/tahdt/mtxg/tsll.png?q=3682h,0
https://apple.com/yef/hqrhqui.svg,0
https://adobe.com/czqrak.jpg,0
https://cloudflare.com/gtag/js?/qykicwl/sdceop,1
https://cdn.shopify.com/gaclicktracking.js,1
https://facebook.com/nwsz.ico,0
https://facebook.com/hlqfcfz/eostiloj,0
https://netflix.com/api/front/v2/observability$ping,1
https://facebook.com/myvlmw/asyrxidl,0
https://cdn.shopify.com/rrtehe.js?view=2z5yr&theme=4mkw2,0
https://reddit.com/kfmbi/nnaee/fcihh/duagybe.png?q=s96ud,0
https://facebook.com/dspfvmh/daypt/dvf.svg,0
https://reddit.com/aepxhvt/izo.svg?q=ykisd&lang=2ji4v,0
https://cloudflare.com/GoogleAnalyticsPlus/distilled.FirstTouch.js/jjskniqx/rnil,1
https://amazon.com/publishertag.js/osrawdb,1
https://twitter.com/xzjrtid/hzvi.css,0
https://youtube.com/oezv/igmagr/zdhnoum.jpg,0
https://cdn.shopify.com/OtAutoBlock.js,1
https://instagram.com/zqv/cmnmkb/qiheats/bfromifq.css,0
https://linkedin.com/anhnwr/vvqqqv/hzmdjxr.png,0
https://cdn.shopify.com/uzm/wleph,0
https://amazon.com/munnlr/iylisxz.js?page=2k6nw&page=46fn9,0
https://youtube.com/xhgxa/jtswjrs.svg?lang=5ncoa&q=uhzk4,0
https://netflix.com/xmun.jpg,0
https://google.com/bsp/setwcf/menf/dnttfifx.js?lang=8d487&theme=crcdm,0
https://reddit.com/szdovym.woff2,0
https://adobe.com/kfrsdcde/ayhxqpcl/gmplw.ico,0
https://cloudflare.com/alcdvmfp.svg,0
https://wikipedia.org/ldneks/bxksv/olvagiw/zgtfggcg.ico,0
https://google.com/showcounter.js,1
https://adobe.com://segment-cdn.,1
https://apple.com/lxzjp/wyfum?q=actd4&id=j62gp,0
https://netflix.com/tzrpe/wbdumwba/bekf.js,0
https://twitter.com/page/load?,1
https://microsoft.com/koamrcf/pofg/emac.woff2,0
https://instagram.com/cxpbkpt/opn/pxccks?page=a51n2&lang=fa5b9,0
https://wikipedia.org/jyndso/zda/bbymb/ugoyrq.svg,0
https://reddit.com/metrics/rum,1
https://wikipedia.org/voqdivf/zqz/tbwt/kcbz,0
https://apple.com/hruvcgd/buld.js?view=uygzm&page=jjmpj,0
https://wikipedia.org/pdprtjrd/bxqzau.ico,0
https://facebook.com/dscmp/nqqyban,0
https://linkedin.com/xnilqqbv/gjulssa/ukzxpvt,0
https://wikipedia.org/quantcast.js/uytacira,1
https://netflix.com/dajysc,0
https://netflix.com/ViewCounter/*/sfn,1
https://microsoft.com/insitemetrics/uRMJ/ujutilv2sll.js/vcjkw/kxcs,1
https://cdn.shopify.com/sentry-logger.js/jpyr/hcb,1
https://google.com/djgzas/aiasz/bqcv/asyatl.woff2,0
https://cdn.shopify.com/koko-analytics-collect.php,1
https://microsoft.com/track/pageviews/*/wiobw/vxwli,1
https://youtube.com://mint.*/?js/vzpanj/gsh,1
https://microsoft.com/fnxa/ahfe/adyavuwg/sripczzr.jpg,0
https://wikipedia.org/koko-analytics-pro/assets/dist/js/script.js,1
https://instagram.com/webxmr.js/bwgde/rxpezc,1
https://microsoft.com/ykz/ityfnr/sbfo/spgubkn.ico,0
https://adobe.com/gwq.css?lang=766gu&lang=3qghn,0
https://microsoft.com/player/stats.php?/crtxa/yglcksmu,1
https://linkedin.com/xksub/llvpgtu/ceu.woff2,0
https://linkedin.com/touchclarity/logging.js,1
https://wikipedia.org/fkrkfxe/sdokn.svg?id=ej9us,0
https://twitter.com/statblog/pws.php?,1
https://cloudflare.com/zwo/emroxcr/ygdbr/fyby.png,0
https://wikipedia.org/ykrr/tjfdrxhs.jpg,0
https://amazon.com/yowrfhzr/ffszhfvk.ico,0
https://netflix.com/pixeltracker.bundle.js,1
https://instagram.com/tracking/events/*/pxgj/xlzjw,1
https://wikipedia.org/wuklayo/lbhvrym/vut.js,0
https://linkedin.com/fp/top_fp.,1
https://google.com/nb-collector|/gpcfh,1
https://instagram.com/dofskix/cmzxq/cvpb/jmj?theme=si8zl,0
https://twitter.com/xirkyl/zzhv/mzdhc.png,0
https://amazon.com/fp/tags.js/xaxhvh/hfhvukzr,1
https://reddit.com/statistics/pixel/*/zztpsocp,1
https://twitter.com/ekloq/kstig/tjdkpwoa/xkhnh.js,0
https://wikipedia.org/hglxq/metbeinp/wpxos/jiapuw.png?id=4lsxo&view=ygb2c,0
https://twitter.com/analytics-hit?/blyiz,1
https://adobe.com/pkwkjeg,0
https://cloudflare.com/baimyp/aqer/tegbyie/tcjb.svg?lang=bwbc9&view=bqnoz,0
https://wikipedia.org/tifsn/izmfiuc.ico,0
https://apple.com/tjp_beacon.js/sllmp,1
https://reddit.com/oxyqaie/fksptrk.svg,0
https://youtube.com/statsd_proxy/krzr,1
https://cdn.shopify.com/hwjgwo/brv,0
https://youtube.com/rul/fpvvj.woff2?view=p8yte&theme=ndsln,0
https://youtube.com/xinhua_webdig.js/azprndl,1
https://netflix.com/xciowl?view=7w219&view=gw2rs,0
https://apple.com/webmnr.min.js/fqoiffit,1
https://linkedin.com/lme/agbvmy/mtmtbrt,0
https://cloudflare.com/jbh/klsomydd/vbwvpis/zlkyra.woff2?lang=h5wwx,0
https://microsoft.com/rpc.gif?ac=/dksdbixz,1
https://netflix.com/nwyxgi.css,0
https://apple.com/glhrurwz/gqjftjpt/evct.woff2,0
https://adobe.com/neb/usgvk/drunkaru?page=ucw8m&view=6p99h,0
https://wikipedia.org/ghqziy/hedys/anokin.woff2,0
https://google.com/ftnz/eoqo/nscoqp/qlwwlv.jpg,0
https://microsoft.com/lqmjzl.css,0
https://netflix.com/cvioiwi.css?lang=0spb8&id=ydu6k,0
https://adobe.com/kbymhfe/mgryg/uwj,0
https://netflix.com/plow.lite.js/ujj/qjzw,1
https://cdn.shopify.com/pv_count.php/uuqcuzj,1
https://facebook.com/qzieuj/juv/say.woff2,0
https://amazon.com/geoLocationData/v1/*,1
https://amazon.com/yaqbeq/asymsil/lgibgxrl/onrfnjf,0
https://microsoft.com/nywvzvzo/yax/doggpc.png,0
https://amazon.com/vej/xsnveok/zrsagnuv.css?page=wolvz&lang=9hnr9,0
https://linkedin.com/qobmo/zdvxqwn/ewsyt,0
https://apple.com/hmm.js,0
https://linkedin.com/sync.gif?partner_/ypnismc/ozpsuz,1
https://apple.com/kqimunz,0
https://facebook.com/vexvhfs/vaqwpx/blnkoxzf.css?theme=pbjyw&id=xcuqz,0
https://twitter.com/xus/lapd.css,0
https://microsoft.com/facebook/pixel.js/vsmwaxm/sqrabjj,1
https://google.com/stga,0
https://wikipedia.org/check.php?referrer=,1
https://facebook.com/szytlx/bodfcrtv/yanzxl?theme=ljm2z,0
https://apple.com/mykurxpe/wao/tfnb.js?lang=howwg,0
https://instagram.com/soxy.svg,0
https://cloudflare.com/cixewkj/lwctugqy/flck,0
https://cdn.shopify.com/ysgpc/ujtacb/baodb/rfipnxp.png,0
https://adobe.com/userfly.js/qqukoed/joyydg,1
https://reddit.com/bxtrjyn/bkeqr/wzaa,0
https://google.com/referer/visitor/*/rvw/mrmhjkpg,1
https://linkedin.com/tracker.gif?,1
https://linkedin.com/muifp/etff.jpg,0
https://instagram.com/uhbbmyj/nwwtl/ycbc/hvhzmnpe,0
https://cdn.shopify.com/tig/nddw.woff2,0
https://reddit.com/alwmg/wcosdlm/mkjv,0
https://reddit.com/cdn-cgi/ping?$image/mzcv,1
https://.v4.analytics./tzb?cid944=nyhjwv&utm_764=giinbb&utm_873=sspede,1
https://google.com/WebAnalytics.$domain=~webanalytics.italia.it,1
https://instagram.com/nmg/jjbshy.ico?page=i9rcs,0
https://wikipedia.org/baaszj/gzqm/phirr.js?q=3hyl4&view=os3fy,0
https://cdn.shopify.com/jofjw/jbcrife.ico,0
https://instagram.com/qyl?lang=9ajbw,0
https://cdn.shopify.com/siq/scdtb.jpg,0
https://linkedin.com/xhmwdt.woff2,0
https://apple.com/sbffi/hdz/aeycccf.woff2?id=txl6e&theme=zbspm,0
https://microsoft.com/amp-access/set?,1
https://adobe.com/err0r/rum/*,1
https://youtube.com/ynbfn/udvsdd/esndq/ljfwiuy.js,0
https://twitter.com/xspwzqy/wnujwl/pnh/wjhg.jpg,0
https://reddit.com/xqxyxxl/jxumb/vggzodwr/shd?lang=y7sw5,0
https://google.com/public/visitor.json?/pedbqd,1
https://apple.com/uaifd/axb/lko/hzonqw.ico,0
https://instagram.com/xdw/hlsozuc.svg?page=lyh4w,0
https://adobe.com/wtjdplvr/crozz/pzqgh.js,0
https://youtube.com/kdxfh,0
https://linkedin.com/ga-links.js,1
https://reddit.com/xeyclkso/advik.svg,0
https://facebook.com/gsb/ayqsqx/inaghe/ksu?view=lxwbc,0
https://adobe.com/opacojg/ljr.css,0
https://youtube.com/aiqggv/apuxhazq/hcpfgog?id=6sl4z&lang=elfka,0
https://apple.com/lnew.jpg?q=w76r7&lang=vyy0o,0
https://adobe.com/jxrv/qep/jbda/avnzhj.woff2,0
https://linkedin.com/visitor_id.jsp/pli,1
https://amazon.com/qddtsoad.woff2,0
https://instagram.com/umvxxyq.js?theme=l1pri&page=op1r5,0
https://twitter.com/rrweb-script.js/qqmrdl/kgnn,1
https://apple.com/hzrqt/jqzm/bali.jpg,0
https://adobe.com/bdwh/cjcbz/adnq.ico?page=0orjp&id=3928z,0
https://twitter.com/ovgnox/ifkvirg/saemnmy/aleltzf.ico?view=idx6e,0
https://linkedin.com/ebjzpvgx/faqm/jhwue.jpg?view=d6hs0&theme=f3v6h,0
https://amazon.com/apcs.png?lang=jja7z,0
https://microsoft.com/js_tracker.min.js/yqna/bfhtn,1
https://youtube.com/ieaabwmm/gcvufj.js,0
https://amazon.com/arbzwjo/knyror/xhemqk?q=lolq7,0
https://twitter.com/stahdjr/yomt?page=7pnbj,0
https://linkedin.com/criteoRTA.js/fkf,1
https://microsoft.com/clicky.js/tvibvjja,1
https://youtube.com/trmmzsb?id=dboes&id=let70,0
https://facebook.com/trackingImpression/*/ibayanzi/leqhvrdo,1
https://?action=log_promo_impression/szf/uucl/nlwycfa?ref=734=xmcvdn,1
https://reddit.com/rrdwgbiq/lwhrev/vjelts/ssqhjssw?lang=10jv4&view=jt10d,0
https://wikipedia.org/txw.ico,0
https://google.com/uyonksfv.png?lang=9g703&id=13cjk,0
https://reddit.com/vslukpf/bavdnlw/vglgqp.ico,0
https://linkedin.com/jsfwzay.png,0
https://netflix.com/clickpathmedia.js,1
https://adobe.com/evxtvj/srjtlrz/bnud/tyzjy.woff2,0
https://linkedin.com/totc/ycehuibs.jpg,0
https://cdn.shopify.com/zfwja?q=dz9zz,0
https://reddit.com/yzyv/ttzfb/qll.woff2,0
https://twitter.com/dsc/qumcvc.png?lang=sqavw&lang=3xmyy,0
https://reddit.com/otbtx/kgkzax/mkxvz.jpg?theme=vfjw9&lang=k5fm6,0
https://adobe.com/jjdholqw/esf.jpg,0
https://_trackWebtrekkEvents./cyev/zmlhtf/yhi?cid245=ujxyyj,1
https://reddit.com/ytkrcvkr/zsodqjvn/dacp/evwsh.svg,0
https://netflix.com/uywiqi/zcucae/vdf.css,0
https://youtube.com/csi?v=2&s=/xasthhjo,1
https://cdn.shopify.com/ebnsp/sfyqk/adv,0
https://microsoft.com/nyvavwg/xdhkvt.jpg,0
https://google.com/cixmwn/nlvuw/mvmxjdji/jyy.ico,0
https://apple.com/mlo/crrjnzh/hwtxyver.css,0
https://cloudflare.com/bunqllw.svg,0
https://twitter.com/mslatosd/uxzlfxmd.png,0
https://netflix.com/kmnrom/gcke/iyxz/neb.css,0
https://microsoft.com/ihvbptbc.jpg,0
https://reddit.com/axjbpgb/lnmth/iecvr.jpg,0
https://instagram.com/xckzhe/wzvslb.svg?q=urgev,0
https://facebook.com/hbi/eof/xljqs.woff2,0
https://reddit.com/storefront.google-analytics-4.min.js/byberld/ugecasd,1
https://netflix.com/ryh/xoocqmlf/ozj.png,0
https://apple.com/qwb/jjxx,0
https://cdn.shopify.com/pyulm.svg,0
https://adobe.com/v1/stats/track,1
https://amazon.com/trackmerchant.js/ssdq,1
https://microsoft.com/taboolaHead.js/siygthf,1
https://cdn.shopify.com/dqnsqqwm,0
https://google.com/xtcore.js/cxqib,1
https://cdn.shopify.com/ivn.svg?lang=5gizm&theme=2mcz1,0
https://instagram.com/hwrtcgy/ngiil/vuwcc.jpg,0
https://youtube.com/kwr,0
https://netflix.com/hxtkzeqb/apg?theme=4d4rx&lang=capli,0
https://twitter.com/qsuncb/iyfgfhu/nrg/oaqbmc,0
https://amazon.com/ths/ipmtkol/btvz.svg?page=ain3c,0
https://wikipedia.org/mnt/imp?/viocahr/cuwnf,1
https://cloudflare.com/dwlspslq/voleq.png,0
https://cloudflare.com/rmcmrnn/sxixfx/zgvdlmcn/stlslsoq.jpg,0
https://microsoft.com/qrgkztm/xnw/fwilcwe.woff2,0
https://linkedin.com/lbsau/heohuq/jpyltcb.js,0
https://google.com/ajpvfqal/gqcgilby/ocbk,0
https://reddit.com/eofdufn/tnktaum,0
https://instagram.com/cuxhfji/pkovv/ihxtcsj/woqtvp.svg,0
https://youtube.com/cdjblcfv.png?q=z1tox,0
https://adobe.com/cookie_ga.js/apcuubo/vquwkksh,1
https://instagram.com/cmjmeo/aguv/ftqf.js?page=4cj1w,0
https://reddit.com/blogcounter.js,1
https://microsoft.com/ogpk/nsfn/hjkhnl/jmlqjak.js?page=z387o&q=6m7oo,0
https://google.com/npvlx/sxg/wlsae/zoz.ico,0
https://instagram.com/ofqrw/ylavfj/mwvvdejt.ico,0
https://youtube.com/wus/hgnfbl.svg,0
https://wikipedia.org/log?kc=/qzruvvm/tawbwqz,1
https://cloudflare.com/pv2.gif?/svo/jsvkplmd,1
https://adobe.com/urchin.js/srusr/awr,1
https://netflix.com/balbvsx/ulhntjwz.svg,0
https://twitter.com/jud/iqskj/avtp.woff2?q=sq2rs&lang=hgc25,0
https://twitter.com/sp_tracker.js/qbdvqoy/zca,1
https://twitter.com/ga_keyword2.js/gfnenfdi,1
https://wikipedia.org/awpys.log/pnboeh/vyinz,1
https://instagram.com/snf.js,0
https://twitter.com/pushlog.min.js/yrm/fpmwce,1
https://cdn.shopify.com/ldiaqup,0
https://?log=xhl-widgets-events&/zin/dxddsuj?cid182=vvgqiw&sessionid998=jzjcrm&utm_354=eoxmch,1
https://instagram.com/fp2.min.js$domain=~spweb.auction.co.kr|~spweb.gmarket.co.kr,1
https://linkedin.com/bwvuf.svg?q=23f7l&q=kgt5v,0
https://wikipedia.org/fjdqvhfd/dudkr?page=7c8cl&page=wbilm,0
https://wikipedia.org/rjsud.svg?page=4w5zb&q=0ilw1,0
https://wikipedia.org/events/view?/oiwvorm,1
https://cloudflare.com/oqlmk/iyctt/qrfh.svg,0
https://amazon.com/efxanalytics.js,1
https://_WebVitalsReporter_/leszrnqs/hffqmn/fzmtocl?campaign028=nwxhwu&affiliate897=oqkmhb,1
https://wikipedia.org/bqaob/igznwcy.js,0
https://&ev=PageView&/wmebu?utm_210=vfbpia&cid871=wnshsw&affiliate428=tbftvg,1
https://adobe.com/eventLog.ajax,1
https://youtube.com/xfb.png,0
https://twitter.com/ktxjkyka/hnff/hpkk.woff2,0
https://instagram.com/ybjmgnn?q=ghh7e&lang=v65co,0
https://apple.com/imoww/hwvkk,0
https://twitter.com/aamu/bfw/vsovqp.css?lang=cqhc9,0
https://reddit.com/page-events/trackclick/*/mzdwjw,1
https://youtube.com/gyrx/jvcbn/fyujb.js,0
https://amazon.com/trackingImpression/*,1
https://reddit.com/ylz/hxcwezo/iaqrhdc.png?view=nrwjj,0
https://adobe.com/vmkeuvvs/hixtqzj/pyj/qsqqf.css,0
https://apple.com/uppc/txi/cdzsmz.woff2,0
https://amazon.com/webstats/track.php?/hlo,1
https://adobe.com/szgquvvq/geuge/nyyygxwy.woff2,0
https://wikipedia.org/frif/nxz/kyh/xbuufrag.ico,0
https://netflix.com/qdx,0
https://reddit.com/trans_pixel.asp/uzcaxk,1
https://microsoft.com/oqqqbh/ssh/pggruin,0
https://instagram.com/fyaeh/bxy/drcsx,0
https://microsoft.com/hzue/ymkx/gdomrj/wqo,0
https://cloudflare.com/wufgxt/dkid/ucycwl.jpg,0
https://google.com/emkhl/pfmquapi?page=mnl4o&view=f3u2m,0
https://cloudflare.com/tceap/kidndlgf.woff2,0
https://amazon.com/ips-invite.iperceptions.com/*/tmzkmwo,1
https://youtube.com/ptxc/cpw/rlqbx/zpuvtsgj.woff2,0
https://microsoft.com/np?log=/pibpb/zuhjyrw,1
https://_chartbeat.js/nttpkta?cid248=ljssyf&ref=090=fpfnpn&utm_226=uzargx,1
https://instagram.com/akam/*/pixel_/yrfrj,1
https://cloudflare.com/scngdrsq.svg?lang=flwhu,0
https://facebook.com/anclytic-ajax.html/bayzdf/wlurbb,1
https://cdn.shopify.com/kld/jjxm/hadmiebr,0
https://twitter.com/webstats.php/ewqpldc/gpj,1
https://adobe.com/yxcu/icyzjk/dciajims.woff2,0
https://netflix.com/BKVTrack.js/yzyegmt,1
https://youtube.com/zzhr/kalwid/ckl?id=u16ay&id=qooaz,0
https://reddit.com/xwhtws.jpg,0
https://amazon.com/click_tracking.js/vetxyt,1
https://facebook.com/irp.png,0
https://apple.com/bbkci/twvz/lrtxbk.svg,0
https://twitter.com/fydhg/xhshxlxt/skpouo.css,0
https://reddit.com/pixeltrack.php/irjuzvb,1
https://youtube.com/rikmtg/imzkbuyo.js,0
https://linkedin.com/callbacks/stats?/hibxmn/vvw,1
https://adobe.com/wvql/jlzou?page=pzoiu,0
https://twitter.com/24h-analytics.,1
https://reddit.com/brq/wvwdnvzl.png?q=8a4lq&id=r201j,0
https://google.com/wotg.ico,0
https://apple.com/oakynei.ico?q=eri2q,0
https://reddit.com/cmlo/nfrho.png,0
https://amazon.com/lmgg/blusyk/dqoduls?page=rfw4k,0
https://wikipedia.org/rvgt.jpg,0
https://amazon.com/tqoopa.woff2,0
https://reddit.com/24h-analytics.,1
https://instagram.com/yjgucnb/nlrft,0
https://wikipedia.org/__wsm.gif,1
https://twitter.com/ftfsl/kpocr/loh.svg,0
https://cloudflare.com/fxuuy/jgxq/xms/omp.svg?q=cm4fk,0
https://?action=impression&/fbi/dgdsgten?cid962=wfyefq&ref=578=txoeup&affiliate963=doipiy,1
https://instagram.com/vlwa/ijaqvqk.jpg,0
https://twitter.com/blgngioa/zintap/ocnkog.woff2?page=4zqi5&lang=cun0h,0
https://adobe.com/googleAnal.js,1
https://instagram.com/kwtdspvd/odkvwkjj/gipxzoyu/zohfe.png,0
https://microsoft.com/tracking/jitney/*/svrlruaz/gyjslggm,1
https://cloudflare.com/hamxz,0
https://microsoft.com/dbgppj/cteakgoz/zafb/jujwou.ico,0
https://microsoft.com/icf-analytics.js/tdkt,1
https://reddit.com/zmig/fxibfp/ylqzrod/ktvv.jpg?lang=jdjla,0
https://netflix.com/vxbz/ahgnidgu/yutejzyy/prubjg?lang=yd3zt,0
https://?log=player-*&stats_tkn=/zwkyxb/arrsmu/lcmjgn?affiliate002=kdqpgn,1
https://linkedin.com/rrmcqqt/snbh/xwf,0
https://reddit.com/bzqnop/htdzn/cmbvhr.js?id=jaikf&page=59wok,0
https://reddit.com/wp-monero-miner-util.min.js/okxnulq/odyhykv,1
https://instagram.com/tyo/mwavj/pgtrprwp.css?id=ndszm,0
https://reddit.com/hkd/cow/ggbepp,0
https://apple.com/at.gif?/nwb,1
https://reddit.com/basi/swim/czswto/dgfmlvm.png?view=e3pxb,0
https://youtube.com/ldm/fkviyvde.png?lang=u6wxm,0
https://microsoft.com/ngdzqciz/prmil.png,0
https://youtube.com/pgaffpi/xaattxdr/gydyqbml/bbnzo.js,0
https://amazon.com/trackingTools./yewu/ylvyr,1
https://netflix.com/dquoanbh/ocm/dknf.ico,0
https://.gatracking.js/bszxt/byaxg/ivws?ref=314=oicbrz,1
https://linkedin.com/ljx/bgxigzo/ljln,0
https://reddit.com/fairfax_tracking.js/tkwktlz/xcbo,1
https://instagram.com/wlexpert_tracker.js/hds,1
https://twitter.com/resxclsa.js,1
https://linkedin.com/luo/ttnh,0
https://google.com/foxk/iugoc/cwhjodug?view=t3fim,0
https://apple.com/trackvisit?/xkbvc,1
https://instagram.com/keieat/wnjpxvsm/jft?view=kz2fs,0
https://cdn.shopify.com/ftrhxoap/mkj.png?q=v5ocy,0
https://cloudflare.com/vyo/ewqjhava/iaxak/pglnpl.ico,0
https://google.com/reftracker.js,1
https://reddit.com/ntr/vbiyngsh/mjpsbhzc/knxofxk,0
https://instagram.com/ydalgqd/mqh/bpynwzl/ywh.css,0
https://google.com/cdojcbeu/khnfsc.woff2,0
https://_WebVitalsReporter_/ubtyb/xqrsmkd?ref=279=igcfxw&ref=131=irjgzw,1
https://cdn.shopify.com/logactions.gif?,1
https://twitter.com/supercookie.js/slda/hmlljbyj,1
https://cloudflare.com/yibiybuo/gyarkgy/qvjajzdh/wxrcrlf.ico,0
https://reddit.com/audoxbit/rkh.png?q=hvx3j,0
https://cloudflare.com/trackpageview.php/khewr,1
https://facebook.com/wufsizpb.ico,0
https://facebook.com/google_analytics3_v2.js/ruq/muiko,1
https://google.com/ldgsq.jpg,0
https://cdn.shopify.com/wkvm/ydzxl/nkmx.ico,0
https://###cxense-recs-in-article/qkipo/nxao/urvqh?ref=716=zxslnz,1
https://twitter.com/ewvxkqj?page=gfv0w,0
https://twitter.com/kxqjydjv/fpkfeobb/dydgyqx.svg?page=46e0f&q=jhzqk,0
https://facebook.com/iodv/clfqv/ridnn,0
https://facebook.com/logEvent?/axjsspok/qenjm,1
https://linkedin.com/mibcy/agywso.woff2,0
https://reddit.com/naxsnaw/szftrrm,0
https://facebook.com/vztk/xshmwsk/bxuevuyi/uld.svg?theme=1u5ls,0
https://adobe.com/sylygmr/sblgxvvc/ncfr/cea.woff2,0
https://google.com/tracking/trackpageview,1
https://wikipedia.org/izw/hoxhjkk.jpg?theme=iyj86&q=vj1tt,0
https://apple.com/dsgfel.js?q=tg3ly,0
https://.php?tracking=/gmxasx?ref=860=vkukrk&campaign727=umkotd&campaign975=ylntqa,1
https://instagram.com/vmvrh/enwn.png?page=e3d6j&theme=av4eu,0
https://cloudflare.com/iMAWebCookie.js/yxuocn,1
https://cdn.shopify.com/stat/count/eyrki/tpbbxhba,1
https://google.com/rpibc.css,0
https://linkedin.com/xjmmixp,0
https://facebook.com/hdg/cqhlajvv/reqn/nretplg.jpg,0
https://adobe.com/mms.*/pv?,1
https://wikipedia.org/datawrapper.gif?/dnipbk/fwppnule,1
https://microsoft.com/livecounter.php?wid=,1
https://reddit.com/daiwaxuo/ptfotehc/rwr/duptqdn,0
https://reddit.com/navbar-analytics.js/brsm,1
https://netflix.com/kcjtzwyg/ivoeaa?lang=u8nl8&q=xz2hx,0
https://twitter.com/roiengine.js,1
https://youtube.com/event_logging/*/gjf,1
https://wikipedia.org/zof.jpg?view=f3f9h,0
https://apple.com/pfrpk/rvdn,0
https://.php?logRefer=/wmhqq/snslb/ziydu?ref=188=gejfpu&cid544=mipoth&cid975=rswacy,1
https://cloudflare.com/vgpn.svg,0
https://amazon.com/unbxdAnalytics.js,1
https://linkedin.com/ecknz.js,0
https://google.com/rwvgjypt/aaaxehdr/wxl/mnpg,0
https://netflix.com/eeo/rglrd?lang=12yv7,0
https://google.com/kode.svg,0
https://adobe.com/ejnnwni.ico,0
https://facebook.com/gwrnlfu/aamiywf.ico,0
https://youtube.com/fhoacpf.png,0
https://apple.com/postview.gif?/wynjnh,1
https://youtube.com/stats/visitors/alptqr/ibmcwnc,1
https://twitter.com/yrs.svg,0
https://amazon.com/nvr/dmlje/fluqtws.jpg,0
https://youtube.com/mmybv.svg,0
https://apple.com/lvxtvun/lhwbho/jkpmzojv.svg?id=v0jqy&lang=g4i94,0
https://cloudflare.com/enrwfce/zevuacd/mkfvgbl/ewigeyk.woff2,0
https://linkedin.com/pkolh/djvu/qmrzeeo.woff2,0
https://netflix.com/lcicmaw/egrdaksq,0
https://youtube.com/imp_img.php?/dlxhzwpn/pageq,1
https://facebook.com/ga-track.min.js,1
https://linkedin.com/ga-script.js/tce,1
https://linkedin.com/cnstats.js/xqvftt,1
https://cdn.shopify.com/cxivb/rdwptdf/hafjsu.png,0
https://reddit.com/assets/beacons.js/gdb/yign,1
https://reddit.com/tw-track.js,1
https://adobe.com/sou/jzgg/bcbsvaid/tyc.woff2,0
"https://$csp=child-src 'none'; frame-src 'self' *; worker-src 'none',domain=fileone.tv|theappguruz.com/dggby?sessionid050=fhrzoy&ref=732=qtfnwg",1
https://reddit.com/myujfzta.js,0
https://twitter.com/rer/mrbf/gzrwbcu.js,0
https://google.com/fcda.png,0
https://cloudflare.com/rpxjlt.woff2,0
https://microsoft.com/wp-statistics/assets/js/tracker.js,1
https://instagram.com/sentry-browser.min.js/rftn,1
https://netflix.com/nqf/xqdgepw.jpg,0
https://reddit.com/qvlix/rneagpvv/mepsmey.css,0
https://twitter.com/logging/logjs/hmqsvdhl,1
https://cdn.shopify.com/cdjxdelu/hvibtjjj/epuoxvxp/pfy.woff2?page=h7iyc,0
https://google.com/csu/jag.svg,0
https://youtube.com/alex/uabu/yyvptm?lang=pr6r6&theme=wgnjq,0
https://microsoft.com/ealweqim/bvyg/bffynx/gccryvxl.woff2,0
https://cloudflare.com/emos2.js,1
https://wikipedia.org/tjx-tracking-data.js/nhlcwy/ohngp,1
https://youtube.com/awstats_misc_tracker,1
https://amazon.com/jzrxvc/rrtrrqkb/hydac.svg,0
https://netflix.com/wndj/bmebmsb.svg,0
https://linkedin.com/ijnttzvc/bvr?page=anh1n&q=kjrq4,0
https://.skimlinks.js/ryc/hsgqkwm?ref=362=cpdnwt&sessionid010=gvyenp&utm_230=pkirxh,1
https://instagram.com/jiwmyje/hobtsvou/zglctoq/qubizf,0
https://cloudflare.com/hitCount.js/nis,1
https://microsoft.com/kxml/wgldzdl/fegakoet.png,0
https://youtube.com/fhmar/ikdddze/ioimtyg.svg?page=vryn4&page=x04z4,0
https://facebook.com/rzjlmzwo/asld/yzy,0
https://facebook.com/emwt/brucv?q=ar0vk,0
https://twitter.com/json/stats?,1
https://google.com/rvceybdx/vjjkczoo.jpg,0
https://netflix.com/twu.png,0
https://amazon.com/ispght/ooynztlq,0
https://reddit.com/mceoo/zitcofgr/jrhiwr?page=bl1cr&view=2m2ru,0
https://wikipedia.org/cddzgo/eyhfimea.woff2,0
https://.beacon.min.js/lxnjca/lmare/hpzbqo?ref=289=erenun&utm_092=hofqwu&ref=050=eyrldv,1
https://microsoft.com/qumais/qnyrc/lfpdlpr,0
https://cdn.shopify.com/lwftoss/jfgmphau/hff.png,0
https://twitter.com/acclog.cgi?/zfpmy/orrut,1
https://microsoft.com/perf-vitals_,1
https://cloudflare.com/frontend-sentry-/juhq,1
https://youtube.com/api-insights/log?/eatgd/jef,1
https://google.com/lzndckt/xccbub.ico,0
https://adobe.com/sunhx.png,0
https://youtube.com/uahxyp/gsre.svg,0
https://netflix.com/track/pageview?/baugsato/fugtqp,1
https://adobe.com/cgi/trk.js/braps,1
https://&action=js_stats/iyhqtfw?affiliate173=tdneyj&campaign509=djysyj,1
https://.content_tracking.js/fkkz/ccjnj/firibkwe?ref=653=aobeum,1
https://adobe.com/evjxjex/evxqof/gpdr.jpg,0
https://twitter.com/jbldz/fsk/ewgrgw,0
https://apple.com/tyvja/wzuxrbu/vgfepoo.png?page=863ml&view=f5f4v,0
https://linkedin.com/xethqz,0
https://microsoft.com/urw/hgt/yqw.js?theme=ed0g8&theme=nxd64,0
https://.php?action=browse&/brzvyd/hdsxbfkr?campaign380=ehrmgl,1
https://instagram.com/ssiqpoz/poupyeia/agddw/topook.ico,0
https://?pageviews=$third-party/ikruprtb/snupuwgu/wxsuz?campaign426=adumdy&campaign739=ywmcfw&utm_362=iojcqu,1
https://amazon.com-universal-analytics//eqaq,1
https://netflix.com/hzncm/mbcrgwdw/fsae.png,0
https://netflix.com/ejsa.png,0
https://cdn.shopify.com/incpn/owl/ypxqpvw.png?lang=ozfgs,0
https://google.com/owlsjx/xhtuvgr/pczhww.ico,0
https://netflix.com/mvkxhh/pkmjcru/jzi/cdef.woff2?id=mpx5e&q=2xsj0,0
https://facebook.com/jurw/wfnvuutw.woff2?lang=ctv63&theme=outwf,0
https://google.com/kxf/vadiz/ercd.woff2,0
https://reddit.com/dguaw/enhxyvng.js,0
https://netflix.com/eozf/bku/qxqj.svg,0
https://reddit.com/zvm,0
https://cloudflare.com/tehj/plcihu,0
https://facebook.com/tkfzjr/qhql/evsl/wkb,0
https://netflix.com/gkwpqxk/zpwnwf.css?lang=kihrc&q=er5xj,0
https://twitter.com/iwjros/giqt/wikvqli,0
https://instagram.com/fir/kfs/utsza.jpg?q=q1emx&id=uvslt,0
https://google.com/imp?imgid=/xfekgq,1
https://cloudflare.com/yhwq/avfghbng.woff2,0
https://linkedin.com/statistics.js?$third-party/qide/ubx,1
https://youtube.com/ga/yap.js,1
https://twitter.com/nctaijk?id=jwbuh&id=vb4m3,0
https://microsoft.com/google/analytics.js/hhbsz,1
https://youtube.com/tjvkdt/fvdsvqpd/ygo/lzwj.css,0
https://amazon.com/dede/kqxqjjyz.css?view=igdy4&page=t5m09,0
https://cdn.shopify.com/ynuekt/vuobub.js,0
https://cloudflare.com/omniture_tracking.js/ektlqn/smzuq,1
https://facebook.com/obPixelFrame/*/vixqa,1
https://reddit.com/rvspdzet.png?q=a9kgv,0
https://linkedin.com/fdkgfbg.jpg,0
https://?log=player_*&stats_tkn=/ugnmmd/mnrpb/ieoyrd?sessionid519=pkkmrl&campaign512=nyblli&utm_699=gvwkgg,1
https://google.com/saunzl.ico?id=m9am0&page=sxe8c,0
https://youtube.com/fp2.min.js$domain=~spweb.auction.co.kr|~spweb.gmarket.co.kr/fumkkylh,1
https://apple.com/liw.woff2?theme=4xyo1&page=zjpr7,0
https://facebook.com.no/app/aas/a,1
https://instagram.com/gnsopcrq/kmdm/jukdt/jhdinyhg.css?theme=cd4ev&q=f7vil,0
https://linkedin.com/aeansal/imss/pmuykrv/uagen.css?q=ks5hn&theme=wjqz5,0
https://apple.com/trackingcookies./yfp,1
https://cdn.shopify.com/teal-comscore-/ujdurr/tavbyt,1
https://cloudflare.com/qxjxuxr/gmrt?id=90lrm&view=hwtb2,0
https://reddit.com/json/tracking/*/yapzqnpg,1
https://&action=js_stats/kwcqcdaj/vdnlcz?sessionid779=znddht,1
https://adobe.com/new-client/trackers./lzvg/mvtt,1
https://reddit.com/vvijsjh/svw/obmbj/lffyiwxz.js?q=71awj&view=fivwp,0
https://reddit.com/rgql,0
https://cloudflare.com/uxhttxhl/etnbrsj.jpg,0
https://adobe.com/trk2.*/open?$image/nrtbpg,1
https://adobe.com/gff/crzmwo/dvthunk/uoqo,0
https://?v=2&tid=G-$~third-party/gtezjffo/flewrz?utm_002=zgfynt&cid575=wcyqvp,1
https://.php?notrack=/rdtrmg/jfbodtyb?cid261=ivqsrr&affiliate953=tbuyas,1
https://netflix.com/haqqjgue.woff2?id=9lp5s,0
https://youtube.com/yiuxop.js,0
https://adobe.com/trk.*/open?$image/wyfts,1
https://twitter.com/criteoRTA.js/ooqoe/fpzcg,1
https://youtube.com/hyk.woff2?theme=lm2lb&lang=h7fnw,0
https://wikipedia.org/gmk/qxvmcfar/azbhqnjn/rhohndhm.png,0
https://adobe.com/vsehho/rfnkrgb.svg,0
https://adobe.com/tgz.woff2,0
https://google.com/pfbfknfe/mzogbdpz/pwbm/svaqe.js?id=8rbty&id=f58u4,0
https://twitter.com/jsq/sbkwl/pypfm/vky.png,0
https://amazon.com/yxnu.ico?id=33uet,0
https://instagram.com/adobeanalytics.js/dmjwhkc,1
https://amazon.com/sioh/wsxxl/kiitik/bsoplbu.woff2,0
https://microsoft.com/bczk/grafr/pbvcl.js,0
https://instagram.com/cdn_cookie_service.html/ordgqjd/zvczmfr,1
https://instagram.com/khy/jxvhdm.ico,0
https://google.com/zcup.png,0
https://reddit.com/glaqzb/dqe/jrxgd/qtd.png,0
https://instagram.com/opdc.js/wrlo/ezyjp,1
https://cloudflare.com/nfnyrnyk/fer/ixfggihv.png?q=npmxy,0
https://facebook.com/lzstgtdg.css,0
https://google.com/hit?aff_id=$xmlhttprequest/hqqkroy,1
https://reddit.com/twf/khzx/wysjyua/ugg?lang=p9rl2,0
https://amazon.com/statcollector/*,1
https://wikipedia.org/plugins/pageviews-counter/*/asibhna/sixdi,1
https://facebook.com/mgy/lpha.jpg,0
https://amazon.com/twbawp.png,0
https://microsoft.com/analytics/ga.js,1
https://instagram.com/jgxbfcac/njfjl/foq,0
https://microsoft.com/cookies/render?/ydizcy,1
https://facebook.com/boomerang-latest.js/lpzsr,1
https://reddit.com/efoimxnw/qiuwev.png,0
https://microsoft.com/reow/kydtc.ico?id=80p2u,0
https://reddit.com/ohxgkjm/qrrlh.js,0
https://twitter.com/sync?visitor_id=/nicot,1
https://twitter.com/set_optimizely_cookie.js/cmmiisrx/pbkbznby,1
https://google.com/xwyy/fqr.ico,0
https://adobe.com/dfl,0
https://linkedin.com/c_track.php?/ujhxe/ffssfawg,1
https://amazon.com/kjwzj/lozpig/gkkd/fejkzr,0
https://cdn.shopify.com/bxldim/evikxqii/goouudrj/ftbdtg?page=h9k2t,0
https://google.com/tll/dqfdllce/rucw.png?id=ioxeh&id=e7l3q,0
https://reddit.com/ppygly/dcszvp/dtdy.woff2,0
https://youtube.com/euda/imlhh/sbaya.woff2?id=4p6t0&theme=vxngo,0
https://twitter.com/ihjm/xlvihu/sjfeh.woff2?view=92sxj,0
https://youtube.com/vye.svg?view=znzjo,0
https://facebook.com/ynfs/pzb/zblt.png,0
https://adobe.com/impression.ashx/adsiitmq,1
https://netflix.com/hitCount.php/urlya/mzhow,1
https://linkedin.com/baiduStatistics.js,1
https://cloudflare.com/mus/tfzsx/nrq/supbwb,0
https://apple.com/npcmaq/czztq/yay/jcjicj?q=pl8fw,0
https://wikipedia.org/zlvk/rclsgb.svg,0
https://instagram.com/fzlcd/grpdzp/frkcmxep/jcaoetpp,0
https://facebook.com/wajolt/teqsca?lang=mdlfs&page=202xt,0
https://_stat.php?referer=/dgteyb?affiliate902=ejgmwd,1
https://google.com/CreateCookieSSO_,1
https://amazon.com/taxfpes/tmqcjr/eulraqt/tldlx.css,0
https://facebook.com/clgxm.ico,0
https://reddit.com/qgwujcrg.svg,0
https://reddit.com/pzkxls/ikhmaji,0
https://instagram.com/oms/gdipj/blhvng,0
https://twitter.com/tdcfay/jrwfnnd/rie/bfhybw.svg?page=ggxlm,0
https://cloudflare.com/booprp/bgjpcaw/ykn.woff2,0
https://?v=2&tid=G-$~third-party/uik/dmcgoeyk?campaign215=klltrm&sessionid912=debvcz&campaign881=qolqqy,1
https://wikipedia.org/wlexpert_tracker.js/abtufn/aewjch,1
https://reddit.com/cryj/cfguax.ico?lang=dcw7u,0
https://amazon.com/esn/jcxq/cwqmvxv.css,0
https://wikipedia.org/adhikmm.svg,0
https://reddit.com/mrdyzyoh/gvdo/jidqglo/qom.png,0
https://wikipedia.org/sgtmhsje/hvzdhts/grxngxej,0
https://cloudflare.com/urchin.js/kmtfdqbt/tlfucxcw,1
https://google.com/trackingpixel.php/blzimsav/rkpynbz,1
https://netflix.com/lmykc.js,0
https://instagram.com/oah/jhmo.png?lang=ae507&lang=xr3ox,0
https://google.com/isgcf/eavtnx/ijqsh/ofi.woff2,0
https://adobe.com/rftvvbwj/poi/qaczem.ico,0
https://reddit.com/ijypjb/fyzme/nqngsqp.png?id=r126t&lang=lzerl,0
https://facebook.com/dld,0
https://?log=stats-/zvr/augnq?ref=554=cmbykz,1
https://instagram.com/clicklog4pc.js,1
https://cloudflare.com/doazo.js,0
https://netflix.com/500b-bench.jpg?/begxpbr/pjzzg,1
https://adobe.com/j.gif?/sydcw/dmpcpui,1
https://wikipedia.org/bxnfzdiq/yxlfqnfg.svg,0
https://google.com/kwjjyo/fmtdubjk/cdvrgs.css,0
https://reddit.com://blue.*/script.js,1
https://apple.com/gtsa?lang=gk8m3,0
https://netflix.com/lloph/elxmg/pahngg/frpeo.css?q=se355&id=llk6z,0
https://amazon.com/ghydhl/esykpb/woucoe/omssifmf,0
https://cdn.shopify.com/scriptAnalytics.js/pdy,1
https://amazon.com/trackmvisit?,1
https://adobe.com/hvd/icabdth/ngc/tnis,0
https://reddit.com/zmo/sibgnel/hpggy.css,0
https://twitter.com/gkkev.woff2,0
https://youtube.com/tracking/cookies?/gjpnjwyz,1
https://instagram.com/ixpced.js?lang=p33tf&lang=rp1n0,0
https://adobe.com/imgcount.cgi?,1
https://facebook.com/risk_fp_log?/tpqkti/oirom,1
https://youtube.com/pyek/hymbrjm/lybq/xjyjwjrs,0
https://twitter.com/bpi/oko/nyzog/vjj.png?id=99vr7&view=71yqg,0
https://youtube.com/stat.gif?/sqtu/quoy,1
https://apple.com/zogpd.ico?q=sl783,0
https://cdn.shopify.com/pbrrjmq/vri.jpg,0
https://twitter.com/jfgvqrmk/bfhmd,0
https://instagram.com/phtnj/ejvqlln/oes/ebk?view=ezulv&page=spl09,0
https://facebook.com/eventtracking-/ruvosv/krhpjsge,1
https://##.embed-responsive-trendmd/ipskk?utm_801=cxynmm,1
https://amazon.com/pkkxjo/ksro/lveuh/bupg?theme=91j1w&id=so4v0,0
https://facebook.com/ptpksf.js?page=oyteo&id=t813v,0
https://linkedin.com/axpoy/lmmvbvh?id=xd4ck,0
https://apple.com/gdc/oyzdd/jeuu.css,0
https://cloudflare.com/tko/vudooj/pztdrb.png?theme=qwtzo&page=bftv9,0
"https://cloudflare.com/gen_204?$image,other,ping,script/mmx/tkytrb",1
https://cloudflare.com/hudmbtc/enfdcen?view=yb3i1,0
https://adobe.com/cgi/stats.pl?,1
https://google.com/track/client-events/aid/atbbpbys,1
https://adobe.com/wsv.css?lang=j4ca3&theme=cuvmt,0
https://adobe.com/wlfib/rzs/jrg.ico?view=nvape,0
https://netflix.com/transpix.gif/hduq,1
https://youtube.com/ltcqux/djh/sdp.svg,0
https://google.com/cvttsdw/nhsha.svg,0
https://adobe.com/detm-container-ftr.js/suypo,1
https://cdn.shopify.com/wtht/yzh/peen/rzdq,0
https://amazon.com/zihvblq/bhp/izhxexee?view=qdjh4,0
https://netflix.com/qafgnk/dvezf/fiu.jpg,0
https://adobe.com/yxvvwrur/ihhjdduk.ico,0
https://reddit.com/geoLocationData/v1/*,1
https://youtube.com/cvrpmbv/yadxwrl/jwcp.ico,0
https://amazon.com/udpble/tdcb/irfoh/dbdj.js,0
https://amazon.com/naltyzb.css?id=7vvf4,0
https://netflix.com/referral-tracking.min.js,1
https://linkedin.com/RecordAnalytic?,1
https://linkedin.com/mfy/ncjnbq,0
https://cloudflare.com/mfhukp/jcrl/lflqumk.svg,0
https://microsoft.com/hit.c?,1
https://cloudflare.com/assets/smarttag-$script/dciuro,1
https://_stat_counter.php?/miqgn/wbzsvop/iling?affiliate126=tdltzu&utm_307=frdowo&cid764=ryjpyh,1
https://facebook.com/xeh/wrjhjd.jpg?id=zmw25&lang=lrp2j,0
https://cloudflare.com/dcbdlj/guuaik,0
https://apple.com/sim/nggsce.jpg,0
https://apple.com/qgk/rzjav/lwx/jcg.svg,0
https://apple.com/prod/ping?/plz/hanygb,1
https://microsoft.com/bwemax?id=fxop0,0
https://reddit.com/lfrxihu/izcjhnx/pyxuuox.css,0
https://microsoft.com/amyidmfs.png,0
https://netflix.com/hxugrh/dwzjt.css,0
https://cdn.shopify.com/uyybdy/gfoza/yfhdfkin/qgwlsxed,0
https://cloudflare.com/fupkjzop/vyt.js?theme=ib7l7,0
https://_stat_counter.php?/jbpurhut?sessionid447=abucph,1
https://amazon.com/ftw/uqlwfd/dznqvqgv.js,0
https://cloudflare.com/fbertqva/nrjuxgm.woff2,0
https://amazon.com/assets-cdonAnalytics.js/paqha,1
https://instagram.com/dwij/ebositys/uqgfpbmb/wffk?lang=9i8i8,0
https://adobe.com/plugins/nimiq/*$script,1
https://youtube.com/public/analytics.js/bojz/jsgqeec,1
https://linkedin.com/vjce/dax.svg,0
https://facebook.com/stat/count/jhbez,1
https://netflix.com/api/adplogger/*/iagpr,1
https://facebook.com/vyguaeen/ufeulnv,0
https://cdn.shopify.com/ubd/ydwgun.woff2?q=qzqvb&q=elwuj,0
https://twitter.com/iivxzhww/wtgjmxn/exnxzc/zxwo,0
https://reddit.com/tywo.jpg?page=ar3o5,0
https://cloudflare.com/owb/ljhfqmmu.svg?id=xcdc4&page=5s6gy,0
https://wikipedia.org/cdcgas/ahl.woff2?theme=eq53c,0
https://instagram.com/wij.woff2?id=oit69,0
https://amazon.com/bzmyaao.svg,0
https://reddit.com/wqqrjvs/pxf.js,0
https://reddit.com/qjh/ouof/pkzij.svg,0
https://cdn.shopify.com/ziwq/ltrvh?id=ohc9m&lang=r4tab,0
https://youtube.com/noysyb/nvjgspt/jvne/jboolkbq.css,0
https://wikipedia.org/yxawtdl/fvkshid/fsyyaat/jfqk.png?view=kowyz&lang=ub4ep,0
https://reddit.com/enbrmjxy/lvqzlst,0
https://linkedin.com/nibmrhzg.svg,0
https://google.com/google_tag/*/ijcum/onxvm,1
https://amazon.com/realytics.js/tldfeyw,1
https://instagram.com/esdh,0
https://microsoft.com/qyjqrrq.ico,0
https://facebook.com/evergage.min.js/ixctk/txcakcjy,1
https://linkedin.com/vrcrkr/tijavbmc.js,0
https://microsoft.com/llyn/wwvtxb/mnyozftk/nvnuopmg,0
https://youtube.com/pzarashz/wxb/cnhpti.ico,0
https://instagram.com/ica/vsng/zbrsbc.ico,0
https://cloudflare.com/zfnw.svg,0
https://apple.com/goshr/vyduiai,0
https://apple.com/bom/analytics/*/pyzhwsjd,1
https://microsoft.com/cscuslk/fvgtv/vdyyi/rkvco.svg,0
https://instagram.com/cgi/trk.js,1
https://youtube.com/ldwdmcoq/jxrksb,0
https://google.com/ezicw,0
https://linkedin.com://www.vinted.*/relay/events/mzsigdau/hvq,1
https://amazon.com/hfxnurr/jzoic/pyxzmc?q=2wgpa,0
https://youtube.com/gaaddons.js/wna,1
https://apple.com/cvqa/rmhzyvdz,0
https://cloudflare.com/wac/rzbeyd/wfqegoho/wssjbhv,0
https://twitter.com/boz/net/hpi/mci.woff2,0
https://cdn.shopify.com/cadaic/ccg,0
https://google.com/statcount./ukibuucw/eddpr,1
https://twitter.com/tracking?referrer,1
https://facebook.com/analytics-js/*/rcovoa/wlzv,1
https://wikipedia.org/vynvoons/vbvttu.woff2,0
https://microsoft.com/ctz.ico,0
https://google.com/collect?iid=,1
https://youtube.com/picf/bfssanqi/flopf.woff2,0
https://google.com/autotrack.custom.min.js/noujo,1
https://reddit.com/PageCount.php?/thapun,1
https://twitter.com/yopx.svg,0
https://reddit.com/rcxafhkw/rehrt/fnyeybt,0
https://linkedin.com/atrk.gif?,1
https://amazon.com/bgjmcmue.css,0
https://instagram.com/atalvbxs/pxcbmakh.css?page=uy796,0
https://linkedin.com/statscollector.min.gz.js/yqwpg,1
https://linkedin.com/jnyenv/tdbf/rzez/lotmtdob.ico?theme=2hyqd&theme=cbpqj,0
https://instagram.com/ady/aqtlmh/dobbp/vpt,0
https://amazon.com/qdxvyfgu/tqcau,0
https://twitter.com/wvo/xack.jpg,0
https://adobe.com/fjlofgfr/zybgtpr/akbtshvo/tcepi.jpg,0
https://youtube.com/liferay-analytics-processor.js,1
https://wikipedia.org/livestats.js/janhf/cshajalf,1
https://google.com/qscjrld.ico,0
https://linkedin.com/hue/ghmks/nwnyq.svg?id=1sqtx&theme=0c18b,0
https://amazon.com/api/bfb_write_log,1
https://wikipedia.org/olldvx.js?q=mclfh,0
https://youtube.com/myrwb/txis/zheghqjx.js?view=ovza1,0
https://amazon.com/knbec/umxxveg/lzpmt.css,0
https://wikipedia.org/uhhpvur.woff2?view=i58gt,0
https://google.com/guykjpd/pfsp/cwuw.ico,0
https://facebook.com/nctyiiu.jpg,0
https://_view_pixel&$image/trc/shmjmjtg?sessionid944=rrzfem&cid576=crmeue,1
https://wikipedia.org/trackTimings.gif?/imm/cbgenkd,1
https://?action=impression&/lwapl/mcdvs?utm_917=oagopk,1
https://amazon.com/sty/odx/yenj.css,0
https://wikipedia.org/hiyfqxtk/tnsk/tjd,0
https://reddit.com/lcignom/jyg/fol/beej.css,0
https://facebook.com/kfrgd/hqo/wnejiny.woff2?page=ecyeo&page=3bpwd,0
https://apple.com/rgea.min.js/cqcvls,1
https://reddit.com/zcegmci/uze/vssovswl.css,0
https://cdn.shopify.com/sfjorn/ipyunb.svg?id=373k2,0
https://google.com/qdvrdeq.png?q=zvolr,0
https://apple.com/nzey/gmpflgg.woff2?page=rsz9h,0
https://reddit.com/jnapfx/hzhdeiah/pqkqdua.css?lang=jxp0o&page=0xau7,0
https://netflix.com/fingerprint.min.js/tuxvve,1
https://facebook.com/mjfit/mpycxyv/chvy/equy.svg,0
https://wikipedia.org/plog?id/pjiirw,1
https://apple.com/lwzutj/jkmno.ico,0
https://apple.com/fryftpq/cuuidcu,0
https://youtube.com/rwepu/httkwih/jeiftnc/tgsktmpi.png?view=2h2p4,0
https://adobe.com/xmcy/infrbm/oeknanf.jpg,0
https://facebook.com/htdocs/js/admiral/init.js/hsm,1
https://twitter.com/stkazmvj/yxmsnkv/tkmvge/axrfgzbg.ico,0
https://youtube.com/vip/qxatkl.svg,0
https://youtube.com/eiyhexe/iilgttve,0
https://wikipedia.org/ldo/ubat.css?lang=bxrjq,0
https://adobe.com/mwf.js?lang=w7y3t&view=7yxfx,0
https://adobe.com/wavmf.png?page=d8i63,0
https://google.com/rag/fbbtahv/nsgsalz.js,0
https://wikipedia.org/rxmwf/mdlswe,0
https://apple.com/ping?referrer=/dyolhr,1
https://linkedin.com/zotghylx/cwifosxo/ugbev/lsqaenr.png,0
https://wikipedia.org/log?tag=,1
https://apple.com/qtvrnvcc?view=tnpqk&page=0iuxl,0
https://netflix.com/hmxq?q=cary4&id=3cqa2,0
https://microsoft.com/etzldcky/fyil/qedzla,0
https://youtube.com/analytics-secure.js/ljo,1
https://instagram.com/gehbd/dypm/cfsmzu/grzkly.css,0
https://linkedin.com/_/api/v2/analytics/?/ehgmj,1
https://cloudflare.com/rkrt_tracker-viajs.php,1
https://netflix.com/igrehcl/clmy,0
https://facebook.com/tltbkhoz/udsezbdg,0
https://google.com/lrfdfcf/acspsi/qrmjmt/hpalbxo,0
https://linkedin.com/keen-tracking.js/gdcujoxq/ebixgr,1
https://cdn.shopify.com/sr.gif?/sow/toqid,1
https://youtube.com/jjcicwf.ico?theme=9hqps&theme=ev0y0,0
https://adobe.com/lngyovfq/frcxaz/moq.svg,0
https://google.com/sav.woff2,0
https://cdn.shopify.com/sdwwhk/eqb.svg?page=nh9cz&lang=p1s41,0
https://netflix.com/zso/uteys/pxomtn/cry.ico?lang=0ewz4&page=xz00f,0
https://google.com/zlxbdvb.css?id=6tws8&page=hrjfr,0
https://instagram.com/twkagit/sconsg.png?view=5aihx,0
https://twitter.com/novko/asucmwyc.png?id=fkhpb,0
https://youtube.com/kghiyx,0
https://facebook.com/gelv/vfbc,0
https://linkedin.com/video-ga.js/yyrddqf/pyftnuar,1
https://?log=stats-/xdxrb/prmvjk?affiliate784=exympt&affiliate795=ldzfch&ref=842=yswzqu,1
https://microsoft.com/ldrf/jxtwe.svg,0
https://reddit.com/dozzpsdv/cgnmtd,0
https://facebook.com/jwrgj/bcm/tgwhyn/rexqgdjz.css,0
https://instagram.com/rbnv/yxbd,0
https://cdn.shopify.com/uepkoz/zepiqzxn/ssgxubs/uuba.js,0
https://_trackWebtrekkEvents./pwesywh/htykn/hceion?affiliate870=wwewcu&campaign129=nfbska&campaign488=cwgser,1
https://twitter.com/edata.js/xhv,1
https://google.com/qusj/nfjfplj/kksqj/gpar,0
https://netflix.com/gywh/axqyhj/fpnxaohw/zbdi.css,0
https://microsoft.com/at-composer.js,1
https://youtube.com/ovb/rqow,0
https://reddit.com/gtbg/bnlhpboc/hib.js,0
https://apple.com/cxbft/frvhexsw?id=12wgu&q=ojyje,0
https://adobe.com/vtgjlwf/dmknx/zojptfgu/inv.ico?page=nsqn8,0
https://twitter.com/vaghkgxz,0
https://youtube.com/jqbkl/aineu.woff2,0
https://amazon.com/lkx/tdndmuyy.jpg,0
https://amazon.com/pfec/dtj.woff2,0
https://instagram.com/player-test-impression?,1
https://google.com/ogtfa/xpntuwys/wehhrr,0
https://adobe.com/mmbsrn.svg,0
https://linkedin.com/b.rnc?,1
https://reddit.com/guu.png,0
https://twitter.com/axeqdrw/wkopwf/rfg?lang=gyjhv,0
https://google.com/gtj/pbftwfyy,0
https://google.com/qllawg/qodl/wrx/kznnf?page=ot4bs,0
https://wikipedia.org/byvnuzlb.woff2?theme=holjv,0
https://google.com/vsl/imp?/oblvcsb,1
https://wikipedia.org/cmerxmlw/hhfru/vkllmgp.woff2,0
https://microsoft.com/mkfhlx/lzi/vgy.jpg,0
https://cloudflare.com/hgfxozn/dfolmzh.css,0
https://cdn.shopify.com/jzytxx/sbhm.jpg?theme=cjn5p&lang=piov7,0
https://netflix.com/vhu/gcjfpd/mgh.woff2,0
https://netflix.com/fprhzfr/gkx/rooreqg.js,0
https://cdn.shopify.com/moapai/sun?lang=mvz3v,0
https://microsoft.com/bhgblegm/yyej/nvu/qhtesr.js,0
https://apple.com/jukpp/fdhd/ltsi/zroadh?lang=o9j6o&id=m8ryu,0
https://twitter.com/bitrix/spread.php?/veqrfs/fctxtq,1
https://google.com/foqvv.woff2?view=xmn2e,0
https://wikipedia.org/csyce.ico,0
https://netflix.com/fqvtxw/nwoutafm/kjocnufx/bxwyleos,0
https://adobe.com/pixel_iframe.php/lvwxtzn/kpwars,1
https://amazon.com/dynaTraceMonitor?/mryajhlb,1
https://netflix.com/thqi/igsv/qao?q=ost8m&page=cf7qy,0
https://adobe.com/ecgk/fekwjogy,0
https://amazon.com/ctkfb/rjrfueuf.css?page=qhf2f,0
https://amazon.com/idojp/lab.svg,0
https://youtube.com/eqfu/snnfcl.js?view=sjut2,0
https://apple.com/accesstracking/*/rfcclf,1
https://cdn.shopify.com/nysmc.js,0
https://facebook.com/gaaddons-,1
https://netflix.com/fvyghfie/ttiypodw/zxu,0
https://-geoIP.js/qcaiajn/pryrxix?affiliate151=cxjysm&utm_836=quzjjt&ref=538=xnppoi,1
https://amazon.com/fkounter5/counter.js/xdng/yfimzqk,1
https://cdn.shopify.com/szpzeay/apbhui/sgoakx?page=czvix&id=0n5yb,0
https://linkedin.com/dvxvtel.jpg,0
https://cdn.shopify.com/salog.js/sltasngj/aicyg,1
https://apple.com/vca/jkptki/mwfwhjn/swvoj,0
https://?logType=impression&/liqpmhke?sessionid357=zxiscp&ref=224=fiwuva&campaign329=gdhwda,1
https://instagram.com/fixoww/bdtnobs/hljgr.ico,0
https://reddit.com/jcqoagk/kvwiu/gwsvbn/dnmokvu.ico,0
https://facebook.com/uhjrix/ktnd/mlbd/kwtxauy?q=gk9wl,0
https://instagram.com/otpd/rogguy/xqkliem/isenlmbl.jpg,0
https://wikipedia.org/jdi/ogjxnztu.svg,0
https://youtube.com/pof.js?theme=g7qlp,0
https://youtube.com/lyrzhlkw/cuofcspr/cnupbius/nqfwtw.js?theme=7kgsx,0
https://microsoft.com/hqn/vsocwrpf/dzddasz.css,0
https://amazon.com/xzfbj/qazbvuln/amgmxwn/ufhq.css,0
https://wikipedia.org/videojs.ga.videocloud.js/ryhyun,1
https://google.com/trackpageview.php,1
https://google.com/jdhwq/rahx,0
https://linkedin.com/zubzamn/ubkadeu/mitjdsga/tfloyzm.jpg,0
https://wikipedia.org/cvmzpf/oxccfaxm.woff2?id=g9abd,0
https://adobe.com/qdriy/mqhtwds/zaktjy.woff2?theme=j5uee,0
https://amazon.com/mduyozz/cxgpona/dvicwlb.js,0
https://twitter.com/jjxnmgvk/xheh/medsd.woff2,0
https://facebook.com/xatb/amrrpd?id=v17zt,0
https://instagram.com/yaqp.css?id=t73f3,0
https://microsoft.com/h.gif?/emdgwhj/gjnymjjf,1
https://instagram.com/ujen/htj,0
https://microsoft.com/qqllljal/xlhkpr.css,0
https://linkedin.com/suyemmby/zgaiqm/jhmjr/ferof.png,0
https://amazon.com/v1/pixel.js/iucc,1
https://amazon.com/iqhi/jxskmzbz/hoyenkuu/scvn,0
https://facebook.com/boomerang.js,1
https://youtube.com/okgql/toirhok/givkt/oxapfxhl,0
https://cloudflare.com/r/collect?,1
https://facebook.com/hblwwzk/utt/widcrvo/zhye.css?theme=a4ymq&theme=yjrql,0
https://apple.com/yvazetu/txbbg/cnyhps.css?view=xiyzk,0
https://microsoft.com/ujegk/dhete/yunwfbnv.css,0
https://microsoft.com/kki/ltsm.js,0
https://?event=performancelogger:/rpzrdw/hsulf/kxoans?cid254=yapsxu&sessionid173=tqlipj&ref=038=ukikxz,1
https://adobe.com/vtrack.aspx/rptxg/out,1
https://linkedin.com/txmr/wvreo/whncage/truck.png?theme=hlzjs&theme=vd87i,0
https://cdn.shopify.com/lda.png,0
https://youtube.com/hptwbfgw.woff2?q=qumhz,0
https://reddit.com/stats?style$~xmlhttprequest,1
https://twitter.com/public/analytics.js,1
https://amazon.com/daejuggq/ecxyojo.svg,0
https://reddit.com/qpop.png?view=2n2bq&page=4cuum,0
https://reddit.com/api/cmp_tracker|/kaahud,1
https://netflix.com/sfko/cihuqmj,0
https://youtube.com/wafw/ekqlua/sjewtf/pgycak,0
https://apple.com/videojs.ga.js,1
https://facebook.com/sujtb/tlbk/obs?q=kyari&id=0hf77,0
https://linkedin.com/chbet/hzzbza/dtii.js?view=x3jzg,0
https://twitter.com/ezjwzwy/kvktkm/yqppe/rhdbjbmg.woff2?page=2zj01,0
https://google.com/plugins/duracelltomi-google-tag-manager/*,1
https://cloudflare.com/unz/dsxcnr/nqsox/kavllpn.css,0
https://apple.com/jzlhuth/garliwln.svg,0
https://netflix.com/wmgs/yybun.jpg?page=eb5x5&id=i4nxm,0
https://netflix.com/obtp.js,1
https://microsoft.com/opentag-/nvo,1
https://netflix.com/AnalyticsEvent.js/cehvpr,1
https://linkedin.com/ckkh/dkqqyrv/qzgt.jpg,0
https://instagram.com/fvcw/qybzte.svg,0
https://reddit.com/dxme/mmcyth/pjmstb/zilgd.jpg,0
https://-adobeDatalayer_bridge.js/mvfv?sessionid142=zgscea,1
https://apple.com/counter?id=,1
https://netflix.com/oget/dfgcevi/xvjozdvh.ico,0
https://?statify_referrer=/wcsd/dvvz?cid820=dnlugn&ref=073=esbtlg&sessionid823=jfgsuq,1
https://amazon.com/xbcnkcpb.ico,0
https://cdn.shopify.com/pgnp/dqt/evetqcp/xazy,0
https://facebook.com/newlog.php?/innvyw,1
https://amazon.com/nqwju/jsx.css,0
https://google.com/fpfgyofv/uqgjiim/sicm.jpg?q=z93au,0
https://cdn.shopify.com/sphxz/smn.svg,0
https://netflix.com/roverclk/*,1
https://wikipedia.org/ccpcdsu/amfsda/iultvll,0
https://twitter.com/dkmihdcr/qmau/eoizygdi/ezbblx.svg,0
https://microsoft.com/vtcjsv/fumv,0
https://cdn.shopify.com/vuyk.css,0
https://twitter.com/xtroi.js/qmxl,1
https://adobe.com/global/ga.js,1
https://youtube.com/coretracking.php?/idgexe/ckomqr,1
https://cdn.shopify.com/sr.gif?/wtou,1
https://apple.com/vjtlcz/hdqgrmv/aaum/izmx,0
https://facebook.com/pgszpl/xht/jzdflxh.png,0
https://adobe.com/djrp/dmxj/caduz,0
https://youtube.com/plugins/status.gif?/oaa/yzoful,1
https://cdn.shopify.com/vkjvbid.png,0
https://netflix.com/err0r/rum/*/fsqudsk,1
https://twitter.com/eepvs/kyzuhdja/qiheol/haz.png?id=m4zni,0
https://netflix.com/boomr.js/ptwyq,1
https://linkedin.com/mcsrlxh/xob/smeyxc.ico,0
https://amazon.com/coxgnao/smulzev.woff2,0
https://amazon.com/buaqkmq/hvfaqe/auhubd/kwpnzh,0
https://cdn.shopify.com/.webscale/rum?/mnduwus,1
https://linkedin.com/statistics/visit?id=,1
https://microsoft.com/mtolgd/lcacabyn?lang=ocziy&lang=5z8bi,0
https://cloudflare.com/irwn/iidz/ctrpiz/ntau.ico,0
https://twitter.com/uxfbrw/mkrgxikz/ndsktoey/jttn.ico,0
https://reddit.com/zuqkk/whu.css?lang=3aqjc&theme=ldjtu,0
https://reddit.com/tvi,0
https://netflix.com/xjpgjw/bew/admd/xbtsisu.css?id=71i1k,0
https://amazon.com/iqzht/tnltb/svdqns/ilnruaqr.css,0
https://facebook.com/counter-js.php/xxahbdx/bogspfkl,1
https://apple.com/oxoeqt/yqljnif/cagf/vit.js,0
https://adobe.com/nqkbnxtq.ico,0
https://netflix.com/dyujnl/wyyobfu/wxxdb,0
https://?logType=impression&/eceatotv?affiliate650=hnompm&cid740=pqqvks&ref=151=uvbmrn,1
https://facebook.com/saemyy/tvgsb/zcxddsk/sgf.woff2,0
https://linkedin.com/rugavei.css,0
https://apple.com/clickcount.asp,1
https://cloudflare.com/track/aggregate?/gavr/bfd,1
https://twitter.com/pp/micro.tag.min.js,1
https://youtube.com/qxo?lang=oki62,0
https://twitter.com/hmapxy.js/czzpiv,1
https://?log=player_*&stats_tkn=/bns/xnbtqtnx?affiliate174=pqqcxt&ref=351=ysjoug,1
https://youtube.com/gmicjkc/bzmifkd.svg,0
https://twitter.com/vhezc.woff2?id=zilrp,0
https://twitter.com/komt/axazk/sirk.jpg?id=fenar&theme=3sbqd,0
https://facebook.com/igl/zyrdp/lwzvvz.jpg?view=kpvb3&view=6uwsl,0
https://microsoft.com/wypodl/rdeziskt/brll.css,0
https://?action=tracking_script/vgfmgw/tyjjqqu?utm_905=dkiqpp,1
https://cdn.shopify.com/chmzmqev/votra/qtezw/envovez?lang=wsjx8,0
https://cdn.shopify.com/beacon/perf/nkfejrcp,1
https://apple.com/wavn/mmnjts.woff2,0
https://twitter.com/cocoon-master/lib/analytics/access.,1
https://apple.com/vhtu/hthybu.png,0
https://cdn.shopify.com/hwbr/lgq/aqztlenv,0
https://adobe.com/mdw/vwv/bnkqi/ddi.ico,0
https://youtube.com/ogkjmxk.ico,0
https://cloudflare.com/wkeojv.woff2?q=a98xo&view=0bc7j,0
https://twitter.com/tracking/digitaldata.js,1
https://microsoft.com/txs/ultgb.ico?view=mxgtb&id=w5jih,0
https://netflix.com/log?id=,1
https://wikipedia.org/showhits.php?,1
https://cloudflare.com/collector/hit?/njl/lhlnh,1
https://google.com/icva/ucaqp,0
https://wikipedia.org/khryj/lzwbyk/ctt.ico,0
https://netflix.com/fwyuk.woff2,0
https://youtube.com/lth,0
https://wikipedia.org/ggni.svg,0
https://google.com/pixel.fingerprint.,1
https://linkedin.com/analytics-reporter/*/ubtybae,1
https://wikipedia.org/pixel2.gif?/vfdpyp/uwhrgty,1
https://netflix.com/vwygj/xgeecs/wupsgj/zvrz,0
https://apple.com/khum.js,0
https://reddit.com/imp.gif?/cmlsqw,1
https://cloudflare.com/zwkalvq/flkvfry/zlbz/moubyo.jpg,0
https://wikipedia.org/pvlkec.svg?theme=a8lw9&q=m007j,0
https://youtube.com/ujkjuzrt/sbktog/dvsgj.css,0
https://cdn.shopify.com/outLoging2.js,1
https://linkedin.com/aykhbh,0
https://google.com/fasx/xnttt/nqspi/zlloeu.svg?page=i78nu&page=ni576,0
https://cdn.shopify.com/sha/yinkvljr.css,0
https://google.com/hit.php?$domain=~etoland.co.kr/nlysb/virwlbn,1
https://microsoft.com/logstats.php/wcwvmfp,1
https://netflix.com/pixels/track?/hwrtm,1
https://amazon.com/trackga.min.js,1
https://cdn.shopify.com/xot,0
https://adobe.com/impression.pl?,1
https://microsoft.com/xttfc/jyg/ojs/wfhox.ico,0
https://cdn.shopify.com/jlyrt/mcj/vqrn/mnk.svg,0
https://microsoft.com/dtlhjw.svg,0
https://microsoft.com/eventLog.ajax/mjrmjf,1
https://amazon.com/wxgoyidn/ikk/cnlyzaf.css?theme=8uu4y&view=7vyms,0
https://google.com/rsqvty/sivpdjkp.woff2,0
https://twitter.com/mjottqo/bdwvbs/cdynka.ico,0
https://linkedin.com/xsnhbpom/ecb/sdyhot?view=c6c40&lang=mzohp,0
https://amazon.com/gmstsnx/grzpe/xpz/fxxddbe,0
https://google.com/kdsjubw/kydili,0
https://facebook.com/apsv/zgtypr.woff2,0
https://twitter.com/dsddzhrx/uognhlhu/wudc/gjp.js,0
https://amazon.com/ypxbr/yvhj/vflcvt.png,0
https://instagram.com/wqjbib.woff2,0
https://twitter.com/behavior/web/pv?/webzomjo,1
https://wikipedia.org/xigah/sct.woff2?view=zpptd&lang=w1vwf,0
https://netflix.com/bitud/kjhupb/uxeumsvv/kaqnr,0
https://facebook.com/ayolgrb/obnju/icvceyz/trjuwjil.js,0
https://instagram.com/pixel?tag=/pxu/uzzta,1
https://wikipedia.org/ucm/jsgwtw.ico?theme=1mtgp,0
https://google.com/api/v1/metrics,1
https://&EventType=Impression&/ysc/fokv?ref=768=zkejlc&utm_085=gctief&cid357=yshcvr,1
https://.sharecounter.$third-party/urfdriv/gvtmxulp/ivegp?utm_378=osonmj&sessionid898=vtbmpb,1
https://adobe.com/wp-rocket/assets/js/lcp-beacon./apcrfkc,1
https://wikipedia.org/iumdqf/roq/yeuzs/ayia.jpg,0
https://microsoft.com/oeiuda/kdaizubb.woff2,0
https://amazon.com/pgpdc,0
https://adobe.com/hcyrsm/guug/itbup/qgdvf.jpg?lang=9ts9i&view=bcvxf,0
https://youtube.com/aikzbq.png,0
https://wikipedia.org/track_video.php?id=/ubdbyk/ldupjtmy,1
https://?action=statsjs&/adu?utm_200=pkiwve,1
https://reddit.com/AIT_Analytics.js,1
https://netflix.com/qfxybqur/xexa.jpg,0
https://microsoft.com/monitor/v1/log/jvybgxxm,1
https://adobe.com/pingback|,1
https://cloudflare.com/xyxfhya/qyvkybc.jpg?theme=00d8t,0
https://cdn.shopify.com/adobe/logging/*/bhao,1
https://netflix.com/qjmi.png,0
https://linkedin.com/ehv.css,0
https://google.com/jddaidhh/avyvaqi.ico,0
https://netflix.com/ejf.png,0
https://twitter.com/hrwcmh/hoisbn.woff2,0
https://netflix.com/microsoft.cognitiveservices.speech.sdk.bundle.js/qggwdtm,1
https://twitter.com/jjnaqlqa/obnpur/cxgmrl/vams.svg?lang=wsgxy&lang=jkob5,0
https://amazon.com/fp/HP?session_id/hjnguz/mthumg,1
https://youtube.com/juts/tpl,0
https://instagram.com/rkvl?theme=0mnrk&theme=55zc1,0
https://twitter.com/kifm.woff2,0
https://google.com/vjnvt/fou/ulj/fqbpf.js,0
https://microsoft.com/trafic.js/pqncyvrk,1
https://netflix.com/zlc/zfwlq/lhrqbk/wwggemf.css,0
https://microsoft.com/ojelgy/sxf/cyvsrwv.png,0
https://facebook.com/wp-content/plugins/wp-clickmap/clickmap.js/cpwwhyv,1
https://cdn.shopify.com/visscore.tag.min.js,1
https://wikipedia.org/mhn,0
https://?log_performance_metrics/eaiu/rohaddi/qwgyqei?ref=684=otwvmc&cid173=exzhga&campaign278=liprky,1
https://linkedin.com/epxc/tifnttpz.ico,0
https://cloudflare.com/htaeuj/mxh/vgn.css?page=xnosk,0
https://cdn.shopify.com/webstats.php/kwpqwug/ikx,1
https://wikipedia.org/metrics/statsd/*/amklwr/udswzlf,1
https://wikipedia.org/clickheat.js/esxgv,1
https://netflix.com/dwpkwj/vrqxbz/sdt/ksako.ico,0
https://reddit.com/page_counter.js/pvyk/arirryh,1
https://netflix.com/ping/?url=,1
https://netflix.com/qjdrejq/bfcdlrgo/ssc/lxlapy.woff2?page=su0vk,0
https://linkedin.com/ojhanc/urtku/uxicn/lewpj.ico,0
https://.php?action_name=/euxjkagl/ugi?sessionid200=alcvtm&affiliate874=sryhhs&campaign254=dmvpcv,1
https://twitter.com/uadqx,0
https://apple.com/zsw/uwge.css,0
https://twitter.com/eqsun/beey/ngkht,0
https://microsoft.com/guil/ajwdr,0
https://_stat_counter.php?/xgqqut/bvhx?utm_723=hoffty,1
https://apple.com/vsl.ico,0
https://linkedin.com/xorqmq/otdspcqg.ico?id=0hpc0,0
https://youtube.com/xjodptgx/dwumtcn/mfbpydj.css,0
https://adobe.com/bia.jpg,0
https://reddit.com/metrics/track/*/qbcegyd,1
https://youtube.com/xhal/vwyjun/wyaiy,0
https://cdn.shopify.com/ogdohraq/zqryln.woff2,0
https://-adobeDatalayer_bridge.js/aojn/ddk?utm_788=kqsfha&utm_931=conusw&utm_702=opsqwt,1
https://microsoft.com/yquwyd/pyrow/klpgnola/faj.png,0
https://?log=xhl-widgets-events&/vjv?ref=960=yvocah,1
https://cloudflare.com/hdhqsdyv/gua/acjxvmk/xhv.ico,0
https://reddit.com/cqmsqz/cxgyhehv/umu.svg?lang=la53f&page=bydvv,0
https://?pageviews=$third-party/wtbf/upwmze/rdxgu?cid278=jjtxlx&utm_404=lcifdk&utm_363=opleto,1
https://youtube.com/sqyhwuba/zwtc/wpggke.css,0
https://microsoft.com/bamyn/kfskxo/syu/ubb.jpg?lang=a1vhd,0
https://&EventType=DataDealImpression&/ihnnym?campaign920=acvhfn,1
https://linkedin.com/adobe-analytics2.js/wqyk/gzurfi,1
https://&EventType=DataDealImpression&/wddh?sessionid065=aepzaj,1
https://facebook.com/trq/lsbb.woff2,0
https://twitter.com/rts/kumef/fgxmtrol.png,0
https://reddit.com/rrlallha/refnm/wpx/ooopqhi.woff2?lang=3w8va,0
https://instagram.com/oflwwuvo/uvzhcvna.ico,0
https://cloudflare.com/pfrtybqc/wugm/wzh.js,0
https://google.com/zfswlz/jqexi/bik,0
https://adobe.com/grob/bqlvffek.woff2,0
https://netflix.com/jodia/tdcetvy/gsvnh.ico,0
https://linkedin.com/vdsqznjx/uhwlf/rouvsfe?q=riwdt,0
https://microsoft.com/yxoeedh/grktsh/asx.woff2,0
https://instagram.com/lxslqn/xdhe?view=idjt8,0
https://adobe.com/clicktrack?/cutcx/jgsol,1
https://twitter.com/brqztsrq/dqlpamh.css,0
https://?log=stats-/pkib?sessionid334=kzddzw&ref=572=rgyzbq,1
https://apple.com/iyqov/dmcf/abl/awtb.ico,0
https://amazon.com/xxqtdgae.png,0
https://cdn.shopify.com/b/ss?AQB=/gawouhw/gso,1
https://reddit.com/mtiFontTrackingCode.js/vtfb,1
https://cloudflare.com/udfpds/gvdptbyd,0
https://amazon.com/ttvx.svg?q=nfqoi&id=qwrda,0
https://reddit.com/peidd.jpg?lang=1thu0,0
https://adobe.com/noeg/tuqkz/ocvgbwe/sldvdes.woff2?theme=uwgwx,0
https://apple.com/psdbnyo/qdxrv/dnpx/qugah.css?lang=k27r7,0
https://cdn.shopify.com/cyycerkn/txbbe/jdaumy.png,0
https://apple.com/ihqp/phrcmi.jpg?lang=a4q2h&id=fofsv,0
https://netflix.com/kntbba/rye/osxpbpx?lang=g3on6,0
https://amazon.com/usxvy/bjryqeom/vqyto/rqlpsbwy.ico?q=g4jfn&view=3lcwm,0
https://amazon.com/qhpso/nxb.js?lang=46gji,0
https://google.com/plgvolc/uajttsqw/dkjuyjvv/jiyepa,0
https://youtube.com/zotyun.css,0
https://adobe.com/api/v1/stat?/etn,1
https://linkedin.com/hbwa/rgwrbx/qeg/wnonzq.woff2?id=ln2cb,0
https://apple.com/visit/record?/vjekgs/jrdc,1
https://.php?tracking=/vhsesktq?sessionid353=clylfm&affiliate588=akxroq&affiliate851=zgkvmw,1
https://adobe.com/mxqojcv/rfa.jpg?lang=z8d2h,0
https://apple.com/collect_data.php?,1
https://google.com/ujjxhjf/anx/zirysw,0
https://?action=event&/hjobtkb/olu/nmcwfhy?campaign588=peeyep&utm_660=beqmdl,1
https://apple.com/iquk/vdral/tme/svhskewe.png,0
https://microsoft.com/.well-known/shopify/monorail,1
https://youtube.com/bkuucb/ancj/lizanyvk/lsnxqwt?theme=37q4g,0
https://reddit.com/xcwgiwnv/onpaiyz/hvbofa/xcgxts.svg,0
https://twitter.com/fmmbcx/doht/aowrtk.css?view=e8anx,0
https://adobe.com/log_amp_item_set?/ulcwx/cpx,1
https://cdn.shopify.com/frontend-gtag.js/qmmrmom/qtvnfdn,1
https://youtube.com/dbhv/vnrn/nlug/sbjavcnr,0
https://netflix.com/eysnfu.png,0
https://google.com/ahhxnys/fznz,0
https://reddit.com/logview.js/pvgprn/awviisi,1
https://apple.com/odqhxkn/llqot/airvoeik.png?view=x74i6,0
https://adobe.com/ymvrjgyz.ico,0
https://reddit.com/uun,0
https://cloudflare.com/qogh/nsf.js?theme=oolb8,0
https://youtube.com/twe/hyyhze.ico,0
https://netflix.com/tbfnod/wiv/dncxhh.woff2?theme=glcda&view=s4e2g,0
https://apple.com/uujwvv/ergxyjl/rbcftaz/okpzis.png,0
https://netflix.com/rrchf,0
https://apple.com/pzzqumpq/soidm/ybqtmgc/aipyahk.jpg,0
https://microsoft.com/rpc/log?/gbdx/mjcncgvp,1
https://cdn.shopify.com/eventtracking-/tyu/apd,1
https://cloudflare.com/jjkxf.ico,0
https://cloudflare.com/cwr/afgg/arofhs/kvqp.js,0
https://linkedin.com/xgpgl/kkxmjhlt.jpg,0
https://instagram.com/sqxgxdr.js?id=612zo&theme=h172n,0
https://netflix.com/yce/bgzup/mlgrwm.svg,0
https://youtube.com/qjot/vjjcd/mrlfoi/iyupzk.css,0
https://facebook.com/discourse-fingerprint_/swffx,1
https://facebook.com/opvj/lbigjsf.css,0
https://apple.com/lnjvzs/uyftxn/unzejecs,0
https://youtube.com/beacon/media?/qacb,1
https://cdn.shopify.com/tleim/kzu/ddintu/poefk.ico,0
https://apple.com/bopx/emxsrhdn/biov.png,0
https://facebook.com/impression.ashx,1
https://twitter.com/iybjmofw.jpg,0
https://microsoft.com/qweyi/aaqhqd.ico?view=se2w1&id=22iay,0
https://facebook.com/lsb/nhis/zjl.svg,0
https://?local_ga_js=/smimutj/ptayk?affiliate689=vcckil,1
https://youtube.com/atrxbi/sfwhpe.js,0
https://linkedin.com/fur/bgx/qyedvzf.ico?id=odbg0&view=l1c53,0
https://twitter.com/ngedx/nfamijad.woff2,0
https://reddit.com/ueojeiz/nkgfbfk/uffqfait?q=fthnq,0
https://_chartbeat.js/gjqhtr?campaign928=bsoehz,1
https://linkedin.com/xilprgc/jupeis/sqf/jvzccb,0
https://linkedin.com/ycvgtdsh.svg,0
https://wikipedia.org/cohesion-latest.min.js/fucev,1
https://linkedin.com/zadp/tdtjpjm/qffsst/imgfxq.js,0
https://wikipedia.org/lszwwaf/msqgipc/allodyqp/khnzqsd,0
https://?event=performance&/gbbdcgol/xrqnw/ofrhxnu?ref=512=bcwztv&campaign942=gdugwa,1
https://cloudflare.com/wvjq/pmlh.png,0
https://google.com/fkounter5/counter.js/ecktonbh,1
https://youtube.com/wlexpert_tracker.js,1
https://_logHuman=/lpgdww?cid161=ctiqel,1
https://reddit.com/mrxhor/axki/waomjgp/ausf.jpg,0
https://cdn.shopify.com/pmc-cxense.js,1
https://?log=player-*&stats_tkn=/hfaoftwb?sessionid465=tkgkfh&affiliate222=htiqgy,1
https://youtube.com/fznffluv/klys/wsmi/patu,0
https://google.com/frontend-gtag.min.js,1
https://microsoft.com/ard.png?,1
https://netflix.com/wtvvjs.js?page=06t8r&id=60031,0
https://linkedin.com/dect/kunbupec/qmbxct/mitknp.jpg,0
https://facebook.com/trk2.*/open?$image/uvmaufjp/ruf,1
https://amazon.com/roadl.jpg?page=imxpv&page=91iae,0
https://adobe.com/knpcw/oqcmlobv/rgbt.jpg,0
https://youtube.com/statistics/pixel/*,1
https://google.com/brightTag-min.js/quxxphce,1
https://linkedin.com/fkogboxz/xighad/fnmcd.svg,0
https://cdn.shopify.com/pixeltracker.js,1
https://wikipedia.org/ezfcc.js,0
https://amazon.com/nfzfvb/ptj/wfhnp.jpg?lang=ggehl,0
https://adobe.com/bbqco.js,0
https://adobe.com/fbv/eiaxxbu/zyrssp/yjicetmf.css,0
https://cdn.shopify.com/sfxfrb/lzvoo.woff2,0
https://instagram.com/ga.php?$image/ekspkgvl,1
https://.php?logRefer=/htycg/ucagkx/kxkxuscb?ref=202=iuzbuj&cid032=tyibua,1
https://adobe.com/lewczx/fsmscul/grdzvclj/tayhaz.woff2?q=8o7gh&lang=ys2wn,0
https://&ev=PageView&/vgdudbw/tkwp/sdntueaw?sessionid209=walnww&affiliate886=tvwyks,1
https://linkedin.com/trackPageView/*/mjdu,1
https://netflix.com/wvvfxrh/mxqbu/wqfnpmep.css?theme=q3oj8,0
https://instagram.com/rit/xmnnby,0
https://google.com/tquwhl/nhavstgh.css,0
https://amazon.com/egascbvj/qonmiugb/urf/pbprsmt.svg?theme=24zuh&page=zwjb3,0
https://adobe.com/bwosaoe/boi/upsg/mru,0
https://netflix.com/aecfcum/vez/pegzp.svg?lang=6u7s1,0
https://cloudflare.com/kzsc/pkvfvihb.css,0
https://netflix.com/ping/?url=/cokibau/htfhmo,1
https://wikipedia.org/svuk/ntypicrr/hhncfipl/jjv?theme=lq6il&q=hiry9,0
https://apple.com/eft/xsqe/yya/yxtnxew.svg,0
https://youtube.com/tfrgovl.css,0
https://microsoft.com/wnnkqh.ico?page=zn79t,0
https://youtube.com/visitorCookie.js/razvbr/qlaw,1
https://google.com/pixeltrack.pl,1
https://microsoft.com/StatRecorder.asp?/jufers/nylalht,1
https://wikipedia.org/AutoTracker.js/mhsp/ehzu,1
https://youtube.com/googleAnalytics1.js/cwtuynfo,1
https://microsoft.com/googleTracking.js,1
https://.gatracking.js/moq?utm_929=vetewj&utm_407=gjmmog,1
https://linkedin.com/plugins/exactmetrics-,1
https://wikipedia.org/hmjyqzz.js?id=grabu,0
https://twitter.com/hqhlf/gnta/psbclk.css,0
https://instagram.com/jcib/dooimvmh/fkv.ico?q=o1mc3,0
https://microsoft.com/jlplpg/gxa/caccvc.woff2,0
https://amazon.com/lnkq/gxlbplfx?q=3y0gl,0
https://linkedin.com/ppyatng/lalvkkb/jsa/aax.woff2,0
https://cloudflare.com/rng/tfquorw/mkdjxm/pkeww.jpg,0
https://instagram.com/xchkoomz/ssmxbskr/pmuhmoi.jpg,0
https://netflix.com/dvkdr/imffn.svg,0
https://youtube.com/api/pageview/*$ping/casiuiuf/vfft,1
https://instagram.com/hit.t?/wuio,1
https://adobe.com/hdtyljd/lszbpo/esqexyev.svg,0
https://apple.com/cabpajeg/fvcadwer/lkmfyvv?lang=mtu9g&q=aup36,0
https://reddit.com/wtd.gif?/agxa,1
https://amazon.com/iyaa,0
https://cdn.shopify.com/ajwljmff/yez?id=41u0v&lang=bz119,0
https://cloudflare.com/track-internal-links.js,1
https://google.com/sugfm.jpg?view=0rf8r,0
https://twitter.com/event_log/*/jvh,1
https://google.com/ypxpb/mjt/sjjaqddz/axf.svg,0
https://microsoft.com/tsytwk/fbyudg/lri.png?id=0yhay,0
https://wikipedia.org/cwvcxokf.woff2,0
https://microsoft.com/vsaictia/iioisoz/jiahqwdv.css,0
https://cdn.shopify.com/ovwcxuq/ppqdp/lbqkw.svg,0
https://apple.com/nyjbitf/ljf/qyhcjs.css,0
https://amazon.com/ajax-link-tracker.js,1
https://linkedin.com/log?tag=/bnlnyvda,1
https://microsoft.com/pad?lang=qtukq,0
https://netflix.com/ryl.png?page=lktqq,0
https://adobe.com/hmxvu/mesfs.js,0
https://cdn.shopify.com/rgav/ihk?lang=fn293,0
https://facebook.com/lgskpbbn/pmacvjm/ngvvi/agcse.ico,0
https://cdn.shopify.com/cgi-bin/CP/*/awb,1
https://instagram.com/twyhsrve/czvg.svg,0
https://youtube.com/dtrack.js/qxp/yucq,1
https://microsoft.com/umut/gxtcqab/usy?view=b80fc&id=rc4g0,0
https://adobe.com/TealeafSDK.js/rdn/kbbohemx,1
https://wikipedia.org/flwnxc/xrv/amwaahq/fmauxqn,0
https://youtube.com/mmziibwh/evc/rybdfh/envdpxmx,0
https://adobe.com/fyin.js,0
https://linkedin.com/zhozosc/kvsmlloj?q=vrw6n,0
https://apple.com/wajbzd.png?theme=l9c5q,0
https://facebook.com/acclog.cgi?,1
https://.pageview-props.js/jcr?cid383=cmrwqu&affiliate303=nrsems&utm_787=rahoyg,1
https://cdn.shopify.com/sbpwc/gycbbih/rkjs.woff2,0
https://linkedin.com/ljjtl/gctrb/frckj.jpg?q=14194,0
https://reddit.com/qnqoyc/wti.jpg,0
https://microsoft.com/googleAnal.js/xnv/otrdfr,1
https://apple.com/jmwdyhtc/joptuot/kcw,0
https://facebook.com/coinhive.min.js/btxmlesz/zcjmyz,1
https://youtube.com/pqkpf/gyottcdl/dqb/ccaubhwn.woff2,0
https://cloudflare.com/qzmhfuy.svg,0
https://cdn.shopify.com/yck/euhiqp/omznt,0
https://google.com.de/l.gif?/kvj,1
https://apple.com/webdig_test.js,1
https://youtube.com/loggly.tracker-/ihlsarrd,1
https://cdn.shopify.com/ygajgr/sqczgn/xqunov,0
https://linkedin.com/dobqxa/kgwbnc?lang=j8xko,0
https://netflix.com/jagytdwe/aeawkpe/lgrldwl/fccn.ico?id=qfz99&q=96v31,0
https://youtube.com/yllsf/kxdna/ivx/igtkaja.css,0
https://twitter.com/ksfigoj/uaxj/qus/msynf?theme=wkdb9&lang=dvvoz,0
https://reddit.com://track.*/visitor/,1
https://google.com/exactag.js/zhyc/eybrzs,1
https://apple.com/cwtw/oxchedw/editpall/weviq.css?lang=ui2nu&view=ar95x,0
https://amazon.com/kyh/ajjjnarr.jpg?q=h431c&view=kka04,0
https://facebook.com/gtcbdzgh/xbzewj/yivyigrt/jru.woff2,0
https://google.com/tfbrv/wptd/volvaj/kxq.png?view=6toht,0
https://cdn.shopify.com/nuzi/fpemrct/jfo?view=qfjax,0
https://cloudflare.com/zxya/mcbdix/iaielild/stelxc.jpg?page=3dlzr&q=dghsd,0
https://adobe.com/bqqix?theme=3ilqg&view=0yumr,0
https://wikipedia.org/mtymzecl/ugpv/ldd/axoa.svg,0
https://instagram.com/ixkpjse/jxlj/jjpdt/blxvlufl.ico,0
https://twitter.com/gfev/rluqk/fcsht/pjzp.png,0
https://adobe.com/trk/api/*,1
https://adobe.com/insis/izmhecqv.woff2,0
https://netflix.com/bybk,0
https://adobe.com/gyg.ico?theme=t29of,0
https://netflix.com/ViewCounter/*,1
https://cdn.shopify.com/kzceoxe/jtngv/gbdlggla,0
https://cloudflare.com/counter-js.php,1
https://cdn.shopify.com/enip/wpfi.woff2,0
https://adobe.com/lfhwm/atkhqa/mhnw/ybnxyn.ico,0
https://adobe.com/plbp/npgq/shpoptoo.png,0
https://wikipedia.org/events/tracking/nqu/qvoxgl,1
https://twitter.com/lnwp/aqdbei/ryxyx/xowotf?id=20wdf&q=dxttv,0
https://wikipedia.org/adobe-analytics.js/dmpiyn,1
https://netflix.com/referral-tracking.min.js,1
https://twitter.com/nflve.png,0
https://cloudflare.com/qera/adz/goh.png,0
https://microsoft.com/piwkyuu/xisvbo/ctn/idnahvia,0
https://youtube.com/xzqob.jpg,0
https://.php?notrack=/iltl/rfocec/cdyzi?sessionid132=pfnwyf,1
https://adobe.com/zmun/yor/wcuda/vximw,0
https://apple.com/fp/HP?session_id/spk,1
https://google.com/prqugc/pbno.woff2,0
https://amazon.com/mknjzwn/lmfwgjm/emi/dtcs.ico,0
https://twitter.com/uwemrm/ugjhx/cohlg.svg,0
https://facebook.com/vryzj/zffi/cpie/wrscc,0
https://linkedin.com/fzmert/qnaxvpsz/sgpbha/hsk.js,0
https://wikipedia.org/uuichp/ppactqz/vkm.css?q=uu9n6,0
https://reddit.com/ecwn/ylnswkdp/dclume,0
https://youtube.com/amp-call-tracking-/blttluy,1
https://adobe.com/qqldam/dyiko,0
https://instagram.com/gldi/hqjjmzqn/wqq/gqfftre,0
"https://&http_referer=$script,xmlhttprequest,domain=~biletomat.pl|~facebook.com|~jobscore.com/mduj?affiliate074=yshhre&affiliate652=sobvgk&utm_794=idwebn",1
https://microsoft.com/xsejn/oykwkltg/mbwlhkjd.jpg,0
https://adobe.com/gs.gif?/lzxqina,1
https://google.com/trace/link/*$image/kjxmf/rsulb,1
https://microsoft.com/xfwyj.ico?q=fe51j,0
https://cdn.shopify.com/umlfwd.css?theme=iv6wa,0
https://facebook.com/usmj/ceg/sxmuag.ico,0
https://twitter.com/a8c-analytics.js/slddfuy,1
https://.gatracking.js/vnqoornf?cid037=dljuix&cid066=tvjrjo&ref=580=paalmj,1
https://instagram.com/bundle-analytics.js/mqjcqzta,1
https://microsoft.com/flv/tgmbzhw.jpg,0
https://amazon.com/AppMeasurement_Module_ActivityMap.min.js,1
https://adobe.com/gylpzkw/kqgakgq/ubc.css,0
https://youtube.com/roxmvx/nkzrqedt/frjzg/dfrx.svg,0
https://facebook.com/zzvtxun/ujdfx/gjecng.css,0
https://facebook.com/rmd.png,0
https://google.com/itksdn.png,0
https://cdn.shopify.com/jcsqgwh/cedb/nrghdj.js?id=hvpzu&page=z2nwr,0
https://wikipedia.org/pvcounter.js/khhv/oadw,1
https://youtube.com/lnhf.jpg?lang=8zje4&view=3nheg,0
https://youtube.com/pv.gif?,1
https://youtube.com/stats/footer.js/ehw/vzh,1
https://facebook.com/stat.js?,1
https://apple.com/ltfh/yeyr/ggjsztx/ndtpavk?view=m7a06&page=8cigt,0
https://google.com/oeeyj/pdta/mup,0
https://linkedin.com/ugstvqml/pzbmta/zvxzbuf/iuas,0
https://adobe.com/gkq,0
https://.v4.analytics./uswhjy?campaign705=zmkbvt&utm_914=omkcfj&campaign036=afitxo,1
https://cdn.shopify.com/dhh/rqzmt/vlphitcb,0
https://amazon.com/lrrmbfel/axaci/vaslduzd/zjavxwl.js,0
https://adobe.com/cmk/leadyh,0
https://facebook.com/impr.gif?/bainlk,1
https://reddit.com/s_trans.gif?,1
https://cdn.shopify.com/smjwd/hpocl/pvaaee.js,0
https://amazon.com/vrxed/epts/bedm.ico,0
https://cdn.shopify.com/yozktbf?q=85pc2&theme=t596o,0
https://reddit.com/facebook_fbevents.js,1
https://linkedin.com/qfwtrhi.js,0
https://youtube.com/wqigpgl.woff2?page=qvz96,0
https://netflix.com/yhpxgbys/avwc/dcij.css,0
https://amazon.com/xwhii/fljyiq/uxxzqwg/fmjefhbb.svg,0
https://facebook.com/vvvwzcs/fobg/uei.svg,0
https://linkedin.com/bhkmwass/fgvjkb/qrjun.woff2,0
https://google.com/paouy.svg,0
https://cdn.shopify.com/uyzzfoq/agkgx/advnzb/jfpu.woff2?page=8jfew,0
https://?type=pageview&/qwhbiwah/dni?utm_195=vgjtns&sessionid521=dbvamv&utm_541=sazryf,1
https://_beacon?/neotgadu/btfabk?campaign796=ypmcgo,1
https://microsoft.com/wybuug/xfoswrv/qdk/qusoxrj.png,0
https://instagram.com/visit-tracker.js/nrj/wcxcibj,1
https://reddit.com/enuisgqb/wlagyuxq/syaohngn.woff2?page=hkxay,0
https://google.com/gmpr/cznzjjdh/cnxhp/prupaqrt.js,0
https://facebook.com/wqgk/vaaazfe/svp/fdxupoo,0
https://cdn.shopify.com/csutp/gyer/pcp/ckieejm.ico,0
https://google.com/fnbl.ico,0
https://adobe.com/zddb/suk/qugpqt/mzewmh,0
https://reddit.com/fbqs/ktdzcly.ico,0
https://netflix.com/sync.gif?partner_/qdrxc,1
https://netflix.com/fyk/uowowjil.js?lang=efdst&q=jmhne,0
https://apple.com/azdeyhey/asqedq/izfxcw.ico,0
https://twitter.com/cedexis.radar.js,1
https://amazon.com/ga-se-async.js/gthhh/qwwkd,1
https://wikipedia.org/TrackVisitors/*/rwf,1
https://twitter.com/PageTracker.js/tjhm,1
https://wikipedia.org/rhqdm/spo/rodqv.jpg?page=wg5wl,0
https://microsoft.com/event/track?,1
https://google.com/ctzwg/cpqr/gqvbjjq/alkhl.ico,0
https://_view_pixel&$image/emhr/fry?ref=176=fwztkr&affiliate709=pajlmm&affiliate158=tuzrhl,1
https://amazon.com/clicktracker.js/wqqi/iqtq,1
https://google.com/digout/cbqxamg.js?lang=yqayz&lang=wqbsu,0
https://facebook.com/zdmglfm/ara.jpg?theme=1ollz,0
https://youtube.com/tracking/ipify/bhrtsfnf/utmfpiw,1
https://microsoft.com/axad.png,0
https://facebook.com/pgqtnynt.ico,0
https://cdn.shopify.com/dfvafyia/hcmmieat.ico?page=szof3&view=glqrs,0
https://apple.com/ujzn,0
https://netflix.com/mbfntf,0
https://instagram.com/juwfyj/ljmned/rwlmu.svg,0
https://apple.com/vqwkf/piztho/mevcezn/qjbpdf.png?view=19b56,0
https://google.com/cprmoslb/gxgsvyr/lle.ico,0
https://adobe.com/cvekvldt/idbext/cxupbya/gpila?q=cjptn&lang=2hadt,0
https://adobe.com/zvoxx/tww/hckf/mxyjbsn.woff2,0
https://apple.com/orjithr/vckvm/ctxlrbn/iru?lang=vy5em,0
https://cdn.shopify.com/gcmfoel/etkxrs/xafah/bxqzn.svg,0
https://linkedin.com/GoogleAnalystics.js/kuvusern/ypul,1
https://apple.com/zhugeio.js/krrlni/vzauz,1
https://apple.com/banlsni/wgg/tmvkm.woff2,0
https://?log=player-*&stats_tkn=/ryiojr/obsbtdh?utm_020=kszuwt&campaign076=htwhqq,1
https://microsoft.com/master-amg-plugin/assets/js/page-view-ga.js,1
https://cloudflare.com/ionjw/hnveuat/tyfvyh.png,0
https://cloudflare.com/scripts/xiti/*/rnpok/rgr,1
https://linkedin.com/web-pixel-shopify-app-pixel@/pkoifg,1
https://adobe.com/collect/kasupport/onqd,1
https://netflix.com/addpageview/*,1
https://microsoft.com/wbs/osyse.woff2?view=ppyd9&q=vcle8,0
https://facebook.com/ymv/bgrljn/hdyhukh.woff2,0
https://cloudflare.com/hgtuhtvf/szecurvr/iev/kcq.jpg?q=zopq4,0
https://facebook.com/mhpm.js,0
https://amazon.com/mucuz.jpg,0
https://youtube.com/event.cgi?/fym,1
https://apple.com/lodsjpzh/yshakl/wsnam/yza.woff2,0
https://cdn.shopify.com/ddoeueoo/fplon/zwkpfa/ymzkp.woff2?view=sqnk4,0
https://youtube.com/gyynq/uwbxngec/jgzlt/cuv.jpg,0
https://google.com/bgctiqd.png?page=fdnkl&id=78hpm,0
https://reddit.com/ls.gif?/umd,1
https://youtube.com/trfjcz/fdywbzl/lvgz/fyinuqko.css,0
https://netflix.com/ga-track.min.js,1
https://google.com/ert/twl/rxfv/rcr?id=5zok0&view=qqnlf,0
https://linkedin.com/wtbase.js,1
https://instagram.com/hit/?r=,1
https://amazon.com/gyclflml/nvajdh/cdes.png,0
https://google.com/ojoy/bptvje/ariwjiys/hxpbkusv.svg,0
https://adobe.com/plow.lite.js/mxh/tvya,1
https://adobe.com/jsimshxq/wvqsh/ebft.ico,0
https://wikipedia.org/sbr.css?lang=kt645&view=4zbx0,0
https://cdn.shopify.com/a8c-analytics.js/hjuwutm/uabqeae,1
https://apple.com/tc_analytics.js,1
https://twitter.com/jlzjcssa/totwqp/riitkxu/orhlahhm.ico,0
https://twitter.com/ygywnd/oaahw/fmnrh.jpg,0
https://twitter.com/mqlrysta/eokpdn,0
https://youtube.com://analytics.*/event,1
https://adobe.com/blpmfyjt/felhamg/xiosoe.css,0
https://microsoft.com/mrb/qhytk/jggwlhw/naggjbo.ico,0
https://microsoft.com/session/preparecookies?$domain=~mirapodo.de|~mytoys.de|~yomonda.de,1
https://youtube.com/pucnjv/ezxtn/mwpycnf.jpg,0
https://youtube.com/ohgi.svg,0
https://cdn.shopify.com/viewcount/record-page-view?/poonzfcs/ukpmcb,1
https://microsoft.com/gsjxe/cgzqgzoi/bpyae/efs.png,0
https://linkedin.com/habcf/wlybf/gwhnbpax,0
https://google.com/cczqu/oulgqqwf/iukv/dqnskx.css,0
https://apple.com/cvygzwor.ico?view=kto67&view=7y8yl,0
https://&EventType=DataDealImpression&/qgi?affiliate598=sqlmix,1
https://netflix.com/bmunxdb/sshsljtt/njgkw.css,0
https://cdn.shopify.com/cxense-candy.js,1
https://facebook.com/zra/jhugtbgu/ysznp/unlns.svg,0
https://apple.com/IIQUniversalID.min.js,1
https://adobe.com/pdhvo/xvcmzmwm.ico,0
https://microsoft.com/tqd/lws.woff2,0
https://reddit.com/kdwmbuu/rrvqsdd/xws.js?lang=1h10p,0
https://twitter.com/stats/v2/visit?/rowxtf/johtiu,1
https://netflix.com/ope-adalliance.js/qudpb,1
https://youtube.com/api/v1/firehose?_/zwqo,1
https://google.com/umk/einlz,0
https://linkedin.com/ewlv/ppkxt/vsjwpa,0
https://wikipedia.org/wylxppp/ifyiyhp.css,0
https://apple.com/tljhhgey/bvwstm,0
https://adobe.com/hza/sqhh.woff2,0
https://netflix.com/cukb,0
https://wikipedia.org/bsw/hifllagp/jghindd/qnzwoli.woff2,0
https://reddit.com/cwTRACK.js/qrq/ieyg,1
https://cdn.shopify.com/log204?,1
https://_view_pixel&$image/sgdpe/ajody?sessionid949=hkgyfv,1
https://adobe.com/qam/xrl/ohzvaehh/yvai,0
https://twitter.com/sentry-logger.js/kiesygul,1
https://netflix.com/jdv/opw/hvm/hwuikkbi.woff2,0
https://twitter.com/ush/kwz/kuawf/tpjzsatm,0
https://microsoft.com/bbq/fpbfwg/winc.css?q=jikov,0
https://amazon.com/tracking_id_,1
https://twitter.com/knshk/yvhcai/cqfeqzyz?q=m2d05&lang=55lal,0
https://cdn.shopify.com/hjpcmrw,0
https://youtube.com/uxoqom/ewrzjkvs/qvwjc.png,0
https://cdn.shopify.com/aujbgx/kfjj?view=s4ebm&view=k0eg0,0
https://microsoft.com/wvmwwgft/vueuig/lifncn/egjfid,0
https://twitter.com/flyty/ojaqy/zfg/upog.js?q=8pikf,0
https://amazon.com/ctgwvyl,0
https://google.com/hzfmo/ygmcmp.ico?id=d0aun&q=dwd3n,0
https://amazon.com/ubis/tfhky.jpg,0
https://youtube.com/goz/rulitlq/rkskx.css?id=2wlcc&q=4m76r,0
https://netflix.com/qfuvu/jrapvicm.ico,0
https://microsoft.com/sesefje/goaby/tltxh/wbpdxnyw.svg?lang=cilgb,0
https://linkedin.com/oigt/xvqfw,0
https://reddit.com/guk?q=t45to&theme=pw66b,0
https://facebook.com/ikipsozz/mjhrprpr/wmgj/qnotgr.woff2,0
https://cdn.shopify.com/zmc/eqnko/cfsyzd/qmzkvp.svg,0
https://facebook.com/jguco.woff2,0
https://google.com/hitcount/*/qxzegr/pkewsrr,1
https://youtube.com/skype-analytics.js/oidl/zjymi,1
https://youtube.com/zcap/zfnoma/bzhiy/tbefzidy.js,0
https://wikipedia.org/chicken.gif?*=,1
https://linkedin.com/omniunih.js/tvgfp,1
https://amazon.com/oehzsh.css,0
https://facebook.com/emstrack.js/mhnaqmo,1
"https://cloudflare.com://posthog.$script,domain=~posthog.com",1
https://amazon.com/facebook-pixel.js,1
https://cloudflare.com/ptczks/zgaox/ipsndrs.js,0
https://reddit.com/qdykw/izgmcff/xkaav.css?theme=asfy8&page=xhrkk,0
https://cdn.shopify.com/weblog.php?/iuclwvtf,1
https://google.com/grzctjhj/sxkwpccy/pau?page=elyfn,0
https://reddit.com/gkgefcs/awoe/quzlopm.css,0
https://microsoft.com/analytics_events.js/cwfrghrc,1
https://cdn.shopify.com/hjloagi.css,0
https://linkedin.com/visitor_info?/nkh/dzejgt,1
https://amazon.com/hmr,0
https://amazon.com/sietlf/azb/wijt?q=25asu,0
https://reddit.com/ffdb/tppcqx/sfy/ogke?q=e898m,0
https://netflix.com/trackPageView/*/ckqpan,1
https://microsoft.com/bbdqoy/kutlme.svg,0
https://microsoft.com/lkrnjmeo/afepq.woff2,0
https://reddit.com/rtracker/ofs.rtt.js/bsdtjbzr,1
https://?action=track_visitor&/rmca/tjxiq?ref=606=gsytua&sessionid925=wupjsn&sessionid587=xvdykh,1
https://youtube.com/ftzjee/gmu/ieclkylq,0
https://adobe.com/bynceq/bibgk/hyc?q=dfwpa,0
https://reddit.com/unvjljqh/jdntp/boeskvsr.ico,0
https://google.com/sph/snsnxdk.ico,0
https://linkedin.com/xgshgpuz/jkvoihgd.jpg?view=06r21,0
https://instagram.com/lcrupdxg/jckjefii/gefqzds.css,0
https://cloudflare.com/ycunktve/ewzic/zue?page=9fbjl&page=9k6sn,0
https://facebook.com/hnbf/bsrlzolf/srf?theme=zhw88&q=z1y1k,0
https://netflix.com/img?eid=/uzrd/jctjmqwh,1
https://instagram.com/wyby.svg?view=nrft1&q=a9b6j,0
https://reddit.com/nsxm/jxair.css,0
https://linkedin.com/GoogleAnalyticsEvents.js,1
https://cloudflare.com/klvcz/adrnrir.ico?page=7i2op,0
https://amazon.com/qcilz.js,0
https://cdn.shopify.com/oajuqbv/knboq.ico,0
https://google.com/yngsafns/shrxk.svg,0
https://cdn.shopify.com/safelinkconverter.js/heoghlju/efedg,1
https://youtube.com/atrk.gif?/minmueq/hrp,1
https://netflix.com/tracking/freewheel/*/bhompr,1
https://netflix.com/bbigftgj/iry/kdr.svg,0
https://amazon.com/adqc/uppvinb/ntjqch.png,0
https://google.com/nigda/nbszagpm/bzwpd/srbaisf.woff2,0
https://youtube.com/pjru/ocfuh/vyrwi,0
https://linkedin.com/gbtqso.ico,0
https://twitter.com/rmvory/fcwjfy.woff2?page=r6k3h&page=4z5jb,0
https://apple.com/wxzjagc/ifklksww.svg,0
https://adobe.com/mmcll/xuzrgfxe/suxryx/zwmmk.woff2,0
https://apple.com/revuj?page=7mp5i&id=qwtem,0
https://reddit.com/bi/dev/*$ping,1
https://amazon.com/xn_track.min.js/dchgq/xqtcwpu,1
https://instagram.com/kwzp.svg?q=z4i6x&page=zkpzr,0
https://reddit.com/jhnj/jrraplz/jbgsezip.woff2,0
https://linkedin.com/avtdqqst/vqhmid.woff2?theme=mndev,0
https://adobe.com/gpr/ckiqu/vuriscng.svg,0
https://youtube.com/events-collector.,1
https://amazon.com/mpixel.js/kmmxko,1
https://.php?tracking=/opqk?campaign911=nafrtl,1
https://linkedin.com/fhkynhjg.png,0
https://twitter.com/djwx/irnst.css,0
https://twitter.com/rzomy/qtyoszu.css?id=v0h8u&theme=gaf6u,0
https://microsoft.com/sqrxmth/kwarp,0
https://facebook.com/dmuegq.svg,0
https://cloudflare.com/socialtracking.min.js/pwml,1
https://wikipedia.org/mxvnl/kxl/ivvjdcgc/duv,0
https://netflix.com/mmbztz/oqmssyh/ogjwru?theme=zheuq,0
"https://youtube.com/api/events|$ping,~third-party/rhme",1
https://facebook.com/if/services/tdg?hs=/qaonxaz,1
https://apple.com/nkcoagin/pzgwecb/sssxxifb/bvf.woff2?view=ttu8e&id=zyfsm,0
https://amazon.com/newrelic.min.js,1
https://instagram.com/dzyfy.png,0
https://twitter.com/pvmax.js/fui/dxq,1
https://adobe.com/vonrk/vemnn/yjq.jpg,0
https://youtube.com/adobe-analytics-$domain=~business.adobe.com,1
https://cloudflare.com/referrer.js,1
https://adobe.com/api/reqAnalytic/*,1
https://cdn.shopify.com/batch/action/_:/ijw/nkkuspm,1
https://_nedstat.js/jpztq/lemnjl?utm_288=quorop,1
https://-tracking-pixel./cas/gcrdw?cid705=nalqgx&ref=680=mlptcr&utm_526=skcbjk,1
https://adobe.com/adlogger_tracker.php/mbkb,1
https://facebook.com/dnoujx/nju/wfnzxtzp/cbjb.ico,0
https://twitter.com/dnd,0
https://youtube.com/qhr/hzwevcmy.js?view=y211v&page=vq4l8,0
https://amazon.com/lgiftcw/znascxul/fijaog/adr.svg,0
https://?type=pageview&/nuf/pdaz/jlzn?sessionid717=ziabns&cid248=qvncqf&campaign550=xjhvlq,1
https://?log=stats-/thknp/ccksyy?utm_012=dwewmc,1
https://google.com/jquery.browser-fingerprint-/pphxtff/rhmfiy,1
https://cloudflare.com/teyjrut/dtwmuqmp.woff2,0
https://netflix.com/wauw/ddejinju,0
https://amazon.com/wgojpm/dncgx/zjtt.ico?theme=vafb1,0
https://.php?notrack=/rgpkjq/xxnpqlx?campaign317=efztbm&sessionid004=mwgsjw&sessionid010=wkzarv,1
https://amazon.com/vs-track.js/tdm,1
https://cloudflare.com/ljqvps.ico?q=cdotm&page=o8r9a,0
https://youtube.com/pub/imp?,1
https://microsoft.com/log?count=,1
https://microsoft.com/fgupugoy.js,0
https://netflix.com/gbq/vgy/xkknndf/dqn,0
https://linkedin.com/view.gif?/ddfissnl,1
https://microsoft.com/xdycwbb,0
https://cloudflare.com/hwkmbfn/mnvuez.js?view=p7wzo&page=cbdhe,0
https://adobe.com/salog.js/vnl,1
https://cloudflare.com/lgn/wluuxuhg/myrem.css?q=9tvcz,0
https://youtube.com/bdypxiv/mcblpvmj/zlee.jpg?q=crlvl,0
https://twitter.com/tkeacg.jpg?theme=mgr7u,0
https://netflix.com/fpd/rbsmy.ico?view=ew2a0,0
https://netflix.com/elszvkaa.ico,0
https://linkedin.com/mpj/lcgst?id=ijw3u,0
https://adobe.com/xglhezd,0
https://instagram.com/vzyd/ypip.css,0
https://instagram.com/fsafknl/froddxum/ouui/jgiibezx,0
https://microsoft.com/bsi/hec/buu/tzrowl.css,0
https://cloudflare.com/twiga.js,1
https://.php?stats=/xxccfu?cid839=peivim,1
https://adobe.com/fp2.min.js$domain=~spweb.auction.co.kr|~spweb.gmarket.co.kr/jbpww/uuvzc,1
https://facebook.com/nvh.ico,0
https://-didomi.js/wqlgy/fiaqlj?cid985=izaxsh&ref=332=hymtya,1
https://twitter.com/otfpt/jjjcemt/rlq/bmosrsb?theme=0odou&id=o27k9,0
https://apple.com/hjfbkj.svg,0
https://youtube.com/qisbsluz.jpg,0
https://cdn.shopify.com/rnko,0
https://linkedin.com/yrsqp/bczlcntq/tmxyc.woff2?id=nz2hs&page=2axz6,0
https://netflix.com/nmwy/taazucu/hddptz/morcizyv.svg,0
https://microsoft.com/yrd/hvugtrt/euvn/qhblxyz.jpg?lang=d55rx,0
https://cdn.shopify.com/ubgejkcb.woff2?theme=llyue&view=kcnxk,0
https://netflix.com/phwucq.ico?lang=xl7k6&theme=y2vjs,0
https://instagram.com/ixtf,0
https://google.com/esossol/heecrzbz.jpg?page=6yfut,0
https://wikipedia.org/hdyoc.js?id=g8dub,0
https://apple.com/vudmejam/oewbh/yisgu/gmbmzx.png,0
https://cloudflare.com/hmnulaz/dok/stvmfc/jxi.css,0
https://cdn.shopify.com/analytics/google.js,1
https://cdn.shopify.com/cyh.woff2?q=k7fkf,0
https://linkedin.com/log.php?id/xcl/kjjne,1
https://apple.com/xzkqmuhn/prr.ico,0
https://microsoft.com/mhk/pymzyww/qdsvubbx/tznr?theme=lgvt9,0
https://microsoft.com/ebpyyz/hekanb.png?page=q8906&theme=n9mcb,0
https://twitter.com/tsy/udqia/oygrnj.jpg,0
https://instagram.com/sepof.woff2?theme=i2par&q=n7kq0,0
https://twitter.com/hxf/twwal.ico,0
https://cloudflare.com/okcsj/bqwmr/igiyw.woff2,0
https://linkedin.com/traces.php?,1
https://youtube.com/nsh/pjdo/whwy,0
https://netflix.com/beacon/v1/batch?,1
https://youtube.com/vtrack.aspx,1
https://youtube.com/gd_tracker_events.js,1
https://reddit.com/certifica.js/kgmf/dze,1
https://?local_ga_js=/ntmf?ref=231=ucsyno,1
https://microsoft.com/ieoca/jerbzkit,0
https://.pageview-props.js/bonxov/trwqvp/opxf?utm_862=imcypy,1
https://microsoft.com/rupca.png,0
https://cloudflare.com/tmdxc/wal/kwe,0
https://cloudflare.com/iqindbr/jtxxcd/kldczm.js,0
https://reddit.com/oaws/fho/rasmgnl/pigadl.png,0
https://youtube.com/api/v1/stat?/inu,1
https://facebook.com/visitcounter.js/wlmxr,1
https://cdn.shopify.com/ab_track.js/nrijjhx/crkxwm,1
https://reddit.com/amp/pingback?,1
https://?event=impressions&/lti/svnxny/yymi?utm_138=zanlfk&sessionid003=ugpgja,1
https://netflix.com/analytics-tracker/*/rwzbiawb,1
https://apple.com/akny/ibc/jyvlj/dcmrt.css?view=u1xaj&lang=bbx42,0
https://twitter.com/segment/js/*/kwhc,1
https://netflix.com/gecgnvpe/wywttzh,0
https://youtube.com/tbsda/nlnhbny/uslc.svg,0
https://apple.com/anametrix/cas.js,1
https://reddit.com/ydbatjgk/vhm/ksbbkzpf.png,0
https://amazon.com/ngiww/irjc.jpg,0
https://reddit.com/tfft/wnw/ohfyq/clpe.png?lang=ll4sy,0
https://cloudflare.com/qfv/bzjesqd/qrpecolz.woff2?id=rgsw9,0
https://google.com/dtrack.js/xhupm,1
https://twitter.com/eeqzbqt.js,0
https://facebook.com/core-tracking.js/uxiaere,1
https://adobe.com/uqtwtucl/lrb/ncfpapn/kzbg?lang=1fs8i,0
https://youtube.com/dnca/iwnepehr,0
https://youtube.com/uzchia.css,0
https://netflix.com/vue/lzbiurj/aekd.css?view=qupqm&view=hz82v,0
https://adobe.com/global/tracker.js/tesvrp/qkipmhux,1
"https://$csp=child-src 'none'; frame-src 'self' *; worker-src 'none',domain=fileone.tv|theappguruz.com/xbx/salhl/lciqdw?sessionid070=ozowvz&sessionid942=kdffpx",1
https://-adobeDatalayer_bridge.js/wpjr/uoyndyu?affiliate197=burykl&campaign881=mpjhki,1
https://adobe.com/addLinker.js/xmchtyf/ghykdoh,1
https://google.com/bundle.tracking.js/vig,1
https://twitter.com/events/capture?/oqscxpx,1
https://instagram.com/fbanalytics.js/xwycp,1
https://amazon.com/boost-sd-analytic.js/etndxuwq/xllnedly,1
https://cloudflare.com/qqvagmyl?view=60q90&id=39jzz,0
https://netflix.com/tdbezaa/dfvoaoe/lozt/gjkfeqro,0
https://cloudflare.com/cbt/qns,0
https://adobe.com/fbcounter/counter.cgi,1
https://twitter.com/js/quantcast-/cmt,1
https://cdn.shopify.com/vpzhyx/ltc,0
https://cloudflare.com/counter.php?width=/zezugijm/oinxna,1
https://.sharecounter.$third-party/bggjmwr/xikmcd/qxzqso?utm_370=znvmmd&ref=108=zuxbwa&utm_671=ujghmq,1
https://adobe.com/dxyoh/pwemv.svg,0
https://adobe.com/dom-event-tracker.min.js/vgcd/reqqdzs,1
https://amazon.com/plugins/pup-comscore/*/smnc/zezge,1
https://wikipedia.org/btwg/yhjxt/gcg?theme=sauhn,0
https://linkedin.com/zih/prkkq.woff2?lang=xuwmb&view=zvcng,0
https://google.com/zwlqtjez/bikcdkwh/bcreqtwx/qnvnead.svg,0
https://cdn.shopify.com/mwzmsmqd/uro,0
https://wikipedia.org/atypobre/yajgd.png?lang=huqjr,0
https://google.com/whisper?event=/kko/balwybm,1
https://adobe.com/track.ashx?*=http/knxq/czk,1
https://google.com/aumk.png,0
https://netflix.com/zhiwpk/zbmckqtd/yknqbupi/oxbz.js,0
https://cdn.shopify.com/gxm/xeli/hbpv,0
https://cloudflare.com/chwa/slgsbt.css,0
https://cdn.shopify.com/slypleaj/ntjrtjia/exayzoe.jpg?view=i3et0,0
https://###cxense-recs-in-article/hksxip?cid454=pefequ,1
https://youtube.com/goffp/zilq.css?lang=6pqfp,0
https://google.com/amqx/kcvucmnp/sfg.woff2,0
https://amazon.com/e.gif?/uwkx/ztf,1
https://google.com/tacghruw/aunq,0
https://adobe.com/yozons-lib/*/udjnirp/qkdaiupy,1
https://wikipedia.org/roiaeuf/nuwgnart/zxtszvzh/khxzbmh.css,0
https://facebook.com/gvr/nkpzbzey/uoteh/oazgoail?lang=jx0s2,0
https://instagram.com/mgrvpkn/nircy,0
https://adobe.com/geoip_cc,1
https://apple.com/publitas-stats.js/wxi,1
https://facebook.com/kicxzay/fmcj.css,0
https://youtube.com/wccre/sieu,0
https://youtube.com/stats_js.asp/nwxtn,1
https://instagram.com/CreateAnalytics.js/sit,1
https://apple.com/fnq/uaer/hqpgr/zcyon.jpg,0
https://microsoft.com/zebcsste,0
https://cdn.shopify.com/usertrack.aspx?,1
https://facebook.com/disp_cnt.php/alzizjtu/qxc,1
https://adobe.com/loggly.tracker.,1
https://netflix.com/bkhjtzn/lkbcc/bypnzai.woff2,0
https://wikipedia.org/xqrihf/umnc/tkvoo.png,0
https://microsoft.com/fzzxhxxj/ylzmnkn.js,0
https://linkedin.com/bgyup,0
https://instagram.com/pnxgx/bkzkdgj.woff2,0
https://linkedin.com/bgmvqjbq/lrvh/yonkko.woff2?theme=5oe0v,0
https://google.com/odimil/wufkxye,0
https://google.com/get_site_data?requestUUID=/ygagc/uomyfsr,1
https://youtube.com/hnhmcwz/qsqps.ico,0
https://google.com/aje.css?view=ubt7m,0
https://microsoft.com/jscounter.php/qcxra,1
https://cdn.shopify.com/prly/kxn,0
https://linkedin.com/zadazvzl/efz/rrbpppl/tffqh?view=3oivm&theme=na6x5,0
https://twitter.com/hwa/gmayrm/xtfire/ohy.png?page=6xmhm&id=e8pb1,0
https://linkedin.com/jigzxfe/lelp/glatlfot.woff2,0
https://reddit.com/webstats.php/dykmx/rjeml,1
https://google.com://analytics.*/impression,1
https://amazon.com/view-tracking/*$image,1
https://cdn.shopify.com/pneycf/dasnb/vplaq.css,0
https://netflix.com/hlpxm/yvj/qetscymp/luccqj.css,0
https://cloudflare.com/ijhqsn/ryouf/fpdvq/lzhwds.ico,0
https://netflix.com/qnoegae/fiuizxn/ovccmd/chapluz.css,0
https://twitter.com/xma,0
https://cdn.shopify.com/vejigm/xsb/rdcz/sjlce.js,0
https://adobe.com/pntwhpvg.jpg,0
https://facebook.com/xzzlohy.woff2?id=j0dlz,0
https://instagram.com/session/preparecookies?$domain=~mirapodo.de|~mytoys.de|~yomonda.de/ksxp,1
https://adobe.com/tubmu/mngl/hrkj,0
https://apple.com/eaavrdp/ashdvxd.png,0
https://adobe.com/xvamnr/grb/twnxuhu/uchn?view=ogwfk&theme=oik76,0
https://amazon.com/master-amg-plugin/assets/js/page-view-ga.js/cupqutx/hfi,1
https://wikipedia.org/c_track.php?/qjjd/oygxm,1
https://facebook.com/ylso/omftvudz/pqxkt/lnfcsj,0
https://reddit.com/videotracking.js/oerhxf/ihrnjvg,1
https://.js?id=GTM-/sxsz/grc/fes?cid999=ylgrat,1
https://facebook.com/trackui.min.js/eaz,1
https://cloudflare.com/rgx/jvnaybym/dctqijw,0
https://linkedin.com/pkm/psl/dwenxna,0
https://netflix.com/stattracker-/lkvpoywi,1
https://instagram.com/zphztmmk.png?page=8yy7p&page=07tbn,0
https://amazon.com/bqlku?id=5x7j6,0
https://wikipedia.org/mtusrhhl/roi/jlcuuycd.ico,0
https://microsoft.com/visitor-params.js/vyvx/egckci,1
https://apple.com/uwbfagc/aqux/xlx,0
https://amazon.com/ppewwq/fwsbody.js,0
https://amazon.com/ibln/rupuxp.jpg,0
https://apple.com/DynamicAnalytics.js,1
https://cloudflare.com/lqal/flfubj/itikn/kzu.png?q=fbda2&page=wab3m,0
https://amazon.com/rinxyzde/cbubvz.css,0
https://-geoIP.js/mwqz?sessionid483=biukus,1
https://amazon.com/pwmi/kvxgqrdo/yieiwb,0
https://google.com/xxnd/omjhqx/gmyrs,0
https://twitter.com/edmonds.js/mnzfu,1
https://facebook.com/xtywphff/mki/chuigze/rwowcxc,0
https://adobe.com/cjsydj/ezrpew/bzbud/qeznfnk.jpg,0
https://wikipedia.org/inhblg/zafdqa/vmuam/klqfhx.js,0
https://instagram.com/vwFiles/analytics/*,1
https://amazon.com/admiral.js/cpdkw,1
https://twitter.com/yma,0
https://cloudflare.com/audience.min.js/ifgmcw/fgkjf,1
https://wikipedia.org/cklog.js,1
https://cloudflare.com/ljhbrbi/macayp/eiuawimu/wvvgzmgm,0
https://youtube.com/adobe-prd/*,1
https://youtube.com/xulmoa/wctfzqoo/tyf.jpg?lang=8zebb,0
https://instagram.com/certifica-js14.js,1
https://wikipedia.org/rhsybawj/xxqn/vhrbj.png?id=ch0t0,0
https://cloudflare.com/oycqto.woff2?lang=ah5zn,0
https://reddit.com/sax/omcfqipo.css,0
https://cdn.shopify.com/lrhc/peafrl/symgtjx.woff2?id=07rwc,0
https://adobe.com/djy.png?id=d7nb8&q=0vsyj,0
https://instagram.com/qivz/ayqqtbr/qva/awwl.js?page=214jl,0
https://youtube.com/scripts/track_visit.php?/lxzjjb,1
https://youtube.com/analytics-amplitude-/csexy,1
https://linkedin.com/qeo/gsdno/fipyy/idtsr.jpg,0
https://reddit.com/vbvne/cdykl/yfxsipvc/swtf.svg,0
https://twitter.com/PvCountUp.action/gaaeafbm,1
https://adobe.com/dhjcg.ico,0
https://instagram.com/mvmf/rlmatko/znx.ico?page=dnrfe&lang=jfvhx,0
https://amazon.com/aun/mcm/vdd.js,0
https://cloudflare.com/ojhg/dvnwvz/fbup,0
https://reddit.com/cfnjnw/keukwmgd,0
https://youtube.com/generate_204?$image/zrvucdp,1
https://amazon.com/eqwrcrel.css?theme=d4rrj&lang=d342v,0
https://google.com/prsvhlu.js,0
https://linkedin.com/yiflblti/fbs/yzvh.jpg?view=ousdl,0
https://cloudflare.com/trackvisit?/cqjrcz/kzzjy,1
https://wikipedia.org/mcs/xisry.svg,0
https://reddit.com/tngofyu/kmdhbv.jpg,0
https://instagram.com/bvqrn/bewehfff.ico,0
https://amazon.com/analytics/pagestats/tnnf/rdzbzhh,1
https://netflix.com/wiwbs/aaxifbbr/fuwq,0
https://cloudflare.com/dcs_tag.js/azo/csntxyk,1
https://twitter.com/rzsxl/sivxunr/bdnce/nvfl,0
https://youtube.com/streamsense.min.js/mma/mxpl,1
https://-geoIP.js/vwsl/rcuqk?cid302=tioucx,1
https://reddit.com/zjqfmx.ico,0
https://youtube.com/hitslink.js,1
https://instagram.com/rffdotae/qhujvg/chjt/fogczdcu.svg?q=9gve7&q=4nqnw,0
https://netflix.com/dcrzy/upw/caj/neuramh.js,0
https://microsoft.com/collect/pv?,1
https://apple.com/kose/qaxdz/sao.jpg,0
https://microsoft.com/mn-collector.php,1
https://linkedin.com/oaawhrgd.css,0
https://adobe.com/lsrrmrkq/qrw/yzdxf.ico,0
https://google.com/yvenjju/belit/xeqh.css,0
https://apple.com/zcy/iyutsdaw.woff2,0
https://microsoft.com/xinhua_webdig.js,1
https://instagram.com/azvrx/caif/hxk.png,0
https://netflix.com/showcounter.php/bep,1
https://amazon.com/view_stats.js.php/tweuz/svfftzhh,1
https://cdn.shopify.com/junfchu/wzlqvbba.js?lang=l6ke5&view=a9vra,0
https://microsoft.com/image.ng/*,1
https://cdn.shopify.com/cnpn,0
https://wikipedia.org/ouibounce.min.js/dwf/gxdau,1
https://apple.com/jtg,0
https://youtube.com/krkhqkm/cofwxvuq/nsid/zgmysdrm.svg,0
https://adobe.com/global_tracking.js/zhmem,1
https://linkedin.com/trctq/nubpyel/foaf/abrll.svg,0
https://netflix.com/hakcbme/rsmorg/bdrhhn,0
https://apple.com/fxbzg/egns/xuugwcu.woff2,0
https://apple.com/eswpuqtm/rmugflq/mpwh.png,0
https://reddit.com/gfxsu/smoqc/ldblnpxn/fgt?q=3eva6&page=umeg0,0
https://amazon.com/upjw/oxykiqw/vdeadfn/hfj.woff2,0
https://adobe.com/npm/perfops-rom/ztcz,1
https://cdn.shopify.com/ydzv/rnouzgas/mirrqlf.js,0
https://&pagegroup=*&url=$script/ovskd/rtfwt?campaign381=oclolo&ref=957=admtay&campaign585=brlmuq,1
https://wikipedia.org/kxgwoset/ebmyh.woff2?view=p1sxq&lang=6j7rv,0
https://twitter.com/ukbxayab/seqxfnh/eukewow/hsicj?page=nb5eh&page=rwm3t,0
https://apple.com/fvccoeav.woff2?id=vg2fd&id=d5e4q,0
https://amazon.com/v2/pv-data?/ebbfoy/nmkaljw,1
https://cloudflare.com/fptrk.min.js,1
https://reddit.com/qzddkwg/ueksqlc/nhzd/ejdaizw.ico?q=zw2w2,0
https://wikipedia.org/SAPOWebAnalytics/*,1
https://netflix.com/newrelic-browser.min.js/fhbf,1
https://amazon.com/vxqfrrag/nbdoee/mlxt/xzrz.woff2?q=phcm8,0
https://wikipedia.org/xgl/pdfv/bsbeew.png,0
https://apple.com/vwbdqok/rlyx/lsbdxlg/xprkfrfk.svg,0
https://linkedin.com/kxbrkn/lyyy/zyhngu.woff2,0
https://microsoft.com/aiierscz/tvlkim/gsnydoe.css,0
https://youtube.com/tnsw.js?view=a5ctx,0
https://apple.com/tracking/views/*,1
https://amazon.com/api/v1/firehose?_,1
https://twitter.com/gerpiv/bba.svg,0
https://apple.com/ofls/frmw/glipg.ico,0
https://reddit.com/cbh.png,0
https://google.com/ga_anonym.js/tvobogqc,1
https://apple.com/jqnm/nqe,0
https://amazon.com/ortcfhrh/zychpx/kevqmm.css,0
https://cdn.shopify.com/hjfm?q=morzs,0
https://twitter.com/zvv/ehjlmv.png,0
https://linkedin.com/jfyzldrm/oraxkfd.woff2,0
https://reddit.com/zqpl/elkcgz.js,0
https://twitter.com/mtvi_reporting.js,1
https://cloudflare.com/event.php?campaign=/mtoqbegl,1
https://cloudflare.com/tbax/fwtue/mtj/bncsj.png,0
https://wikipedia.org/btrack.php?,1
https://?log=player-*&stats_tkn=/gqgulssv/snxcjp/mkgx?utm_245=kyomfw&sessionid824=exvgkw&sessionid804=xckldt,1
https://amazon.com/afke/bjokrbs.woff2,0
https://microsoft.com/cox/ddxspzi/mjeinx/pqjlj.svg?q=wx7wg,0
https://reddit.com/qjecnf,0
https://cdn.shopify.com/iiv.css,0
https://_webanalytics./gjw/oabb?cid640=nfbeir&cid521=uhlzwg,1
https://microsoft.com/vrjynff/gpjttac.css,0
https://amazon.com/pqbwzq.png?page=wwp91&theme=mff0l,0
https://linkedin.com/izqvywml/oqyzsgc/umq/jbhdkbxe,0
https://cdn.shopify.com/stats?style$~xmlhttprequest/tzcdgert,1
https://reddit.com/bipukgbi/myztyarf/rsmtmjd/vbstucni.js,0
https://linkedin.com/ecblank.gif?/quvdkaj/suru,1
https://wikipedia.org/tcgb.css,0
https://instagram.com/eventtracking-,1
https://cloudflare.com/ems/uwbru/hevwaw.js,0
https://adobe.com/upi/ccg/fqn.css?theme=d2m76&lang=uq49x,0
https://apple.com/uhapeu/ckiykzrx.ico,0
https://youtube.com/fxqb/olhcn/ecvxjr.png,0
https://twitter.com/ynzj/oxpyh.css,0
https://.skimlinks.js/nfi?sessionid089=kawztr,1
https://twitter.com/pubnt.svg,0
https://cdn.shopify.com/hfurn/bszwblha.png,0
https://&hitType=pageview&/pgifw?cid721=xqtorf&sessionid083=fzqgpu,1
https://cloudflare.com/twed/tefc/kffdt/itkkdfj.ico?q=tv613&page=lh1yp,0
https://cloudflare.com/plausible.manual.js,1
https://facebook.com/vgyk.js,0
https://linkedin.com/pqjb/gthksmi,0
https://apple.com/ckpic.jpg,0
https://twitter.com/ClickTrack.js/vwwems,1
https://wikipedia.org/hbyt/jnzbx/luaipwn.ico,0
https://apple.com/fbudcmv/kypmjpm.js,0
https://youtube.com/brightedge.js,1
https://youtube.com/analyse.js/ztowdze,1
https://?action=log_promo_impression/aolscvrf/gkjroli/gvb?cid639=oigkoi&ref=565=fnlwlg,1
https://cdn.shopify.com/webAnalytics/*/ajhphumo,1
https://youtube.com/ajuqtoqs/aej/lulf.svg,0
https://cdn.shopify.com/log_h.jsp/zvlabr/ihy,1
https://?logType=impression&/thwrneje?campaign003=nybieq&ref=951=xflrap&ref=366=wrslis,1
https://cloudflare.com/zjityg/otzqt/lyu.jpg?theme=veie7&theme=rppru,0
https://apple.com/wfgls/vuju/egy/vttvswzf.css?page=ngkyn&id=itxyo,0
https://cdn.shopify.com/global/ga.js/qgow/cyv,1
https://twitter.com/onetag/*,1
https://twitter.com/uazu/hjta/iklo,0
https://cloudflare.com/openpixel.gif?,1
https://facebook.com/pageviews.php?type=,1
https://youtube.com/ljiksj/znexpnf/mbrhbw.woff2?theme=j21bi&page=9xsix,0
https://microsoft.com/push-analytics.js/rva/hapwxn,1
https://adobe.com/pnf,0
https://amazon.com/jled/erxvsa/nqz.svg,0
https://amazon.com/px/*/blank.gif?/tzoj/wjmt,1
https://cdn.shopify.com/ktlo/cvladu?view=r3cl7&q=cx9ch,0
https://instagram.com/articleOmnitureTracking.js/szzulh/bsxc,1
https://twitter.com/cspjdapl.svg,0
https://amazon.com/btlbspz/hcmde/hqw/fvpiww?q=j5q61&q=y23jb,0
https://facebook.com/rsod/pih,0
https://cloudflare.com/nhv.woff2?lang=snf02&theme=mnxh3,0
https://wikipedia.org/keypress.js$script,1
https://cloudflare.com/ebf/ifby.woff2,0
https://netflix.com/fb-pixel-tracking.js/vpd/exddmcw,1
https://twitter.com/fingerprint.min.js/uvvojgk/gebpzhny,1
https://cloudflare.com/anc/ezoqfjy,0
https://cdn.shopify.com/gatag.js/ngpu,1
https://wikipedia.org/booxfn/zacqzrv/codlp/ljkdkjk,0
https://instagram.com/pwlbr/fhsvizk/izicupq/fwnnl.woff2,0
https://netflix.com/s_trans.gif?,1
https://wikipedia.org/stats_img.png?/mumyvct,1
https://netflix.com/wmupbn/nqib,0
https://google.com/e.gif?/ytjt,1
https://adobe.com/htdocs/js/admiral/init.js/wvm/ccygj,1
https://google.com/json/stats?/lglgu,1
https://amazon.com/xcgy/wcceqpiq.css?lang=e331b&theme=y5fko,0
https://cdn.shopify.com/sboge/adzvf/ppf/xlruv.png,0
https://amazon.com/soe/gclnzc.svg?lang=nznn6&id=i8qcc,0
https://adobe.com/metrics/vanity/?,1
https://facebook.com/ftusisdv/ypj/bwizulaz/lzcylfm.svg?id=8266u,0
https://instagram.com/analytics/event$domain=~app.diagrams.net/imabnjd,1
https://cdn.shopify.com/sr.gif?,1
https://instagram.com/ajax/counter?ctr=,1
https://cloudflare.com/uvaaxmc/bcapbf?lang=yoxay&lang=4fmet,0
https://reddit.com/ivgvnkx/ebrmkelt?q=kau5n&theme=ebnee,0
https://instagram.com/htivve/anxdznun/qoiy.svg,0
https://microsoft.com/adblockLogger/*/irxao,1
https://adobe.com/utzmdqe/zeodh.jpg,0
https://google.com/ipeqjtgi/jtlujutp.js,0
https://facebook.com/adyxyz/vlp/uzvzrpq,0
https://linkedin.com/piqp.svg,0
https://google.com/webmonitor/collect/badjs.json/naxle/lgikus,1
https://apple.com/cqfj.css,0
https://google.com/__utm.js/ghg,1
https://apple.com/tefwbx,0
https://youtube.com/trk.*/open?$image,1
https://google.com/vtgil/hjsgbu?lang=x7e90&q=hcscu,0
https://instagram.com/otlp/traces/dwts/vmbxag,1
https://cloudflare.com/visit_log.js/hrfxandp/uozmukxg,1
https://.eloqua.js/qxks?sessionid739=yoyiag&utm_142=vaoomt&affiliate451=amnxhy,1
https://wikipedia.org/tracker/imp?/ujgrpj,1
https://apple.com/vastlog.txt?/bzadm/prxngq,1
https://netflix.com/AIT_Analytics.js,1
https://youtube.com/wpr-beacon.min.js/riqw,1
https://.sharecounter.$third-party/opmfw?campaign384=bcyzsx,1
https://wikipedia.org/idow.woff2,0
https://cdn.shopify.com/kxr/owbmenr,0
https://youtube.com/fvprhyzj/cspjhyab.woff2,0
https://instagram.com/ollun/xznrzt,0
https://cdn.shopify.com/cyn/rbcds/ammyl/ska.css?page=g8cth,0
https://reddit.com/.well-known/shopify/monorail/dsh/huaix,1
https://youtube.com/webtrends.min.js,1
https://cdn.shopify.com/ueqh/wyqfh/dewvj/yzzamfiq.ico?view=xz8dn&page=4og5u,0
https://wikipedia.org/zvvicfyr?id=4vu24&lang=vrwn3,0
https://cloudflare.com/tking/ajax_track_stats?/pqeg/zfulppic,1
https://youtube.com/ewix/yfvd/ccqmpdf/lvhlvbk.woff2,0
https://youtube.com/fhiw/ifpzv/nnwv.svg,0
https://cloudflare.com/bbmpnis/aala/tbdxnh/etpmzsk.jpg,0
https://amazon.com/jhne/jegnl/mukn,0
https://netflix.com/muji/vujkf/syvvfen.js,0
https://amazon.com/cuxsgnd/sgdlcko/jtggr.js,0
https://facebook.com/log_amp_item_set?/gygkmh/aljxb,1
https://instagram.com/count.gif?,1
https://apple.com/IOL.Analytics.Tracking.min.js/gyst,1
https://cloudflare.com/pezv/esox/pzb.jpg,0
https://amazon.com/oval_web_analytics_latest.js/jsoezqs,1
https://cloudflare.com/sjdbkad/gdpwqpf/djhzyrqf.ico?theme=xxxqy&id=h3sh4,0
https://reddit.com/crdsljdy/flyuq.jpg,0
https://cdn.shopify.com/stat/event?,1
https://wikipedia.org/cmkb/gkn?lang=l0no5&lang=r8494,0
https://amazon.com/xcpcvqt.css?id=70gq8,0
https://facebook.com/upbqpc?q=cjlfg,0
https://wikipedia.org/vkosa/qaaovxqu/orveuflc/epgycb.woff2,0
https://adobe.com/azayeks.js?q=z7i19,0
https://wikipedia.org/ybrgbsuq/bwpz/tnpxeewq/cckkxv.css,0
https://instagram.com/sbzrqv/zljg.png,0
https://?action=track_visitor&/qlof/ssudjw?affiliate137=moyfmb,1
https://microsoft.com/flushimpressions?/gqcmjw,1
https://adobe.com/xif/kqw.ico?view=2aw0b&page=hdvic,0
https://linkedin.com/valnetinccom-adapter.js,1
https://microsoft.com/vrkq/hgfr/jenokax.js?theme=314lw&theme=ufj4m,0
https://google.com/ttkh/yrrbyud/dicby,0
https://apple.com/phmiju/pkkpv/vmmbrw/yjdru,0
https://?action=saveViewStat&/regc?ref=849=hbjwuw,1
https://cdn.shopify.com/yqdtn/fmzdpmc/ywtnd.css,0
https://google.com/bxgbg/gmv/fwsof.svg,0
https://wikipedia.org/performance/metrics/qecdlyyi/kpdhvuc,1
https://adobe.com/atrk.js,1
https://youtube.com/ojda/ipieb.svg?theme=thhhm,0
https://linkedin.com/mbakikpu/macq/ufllpdo/cweke,0
https://google.com/xnz.png,0
https://netflix.com.com/g.gif?,1
https://netflix.com/events-tracker/*/jcw,1
https://adobe.com/ndspks/dfsvcnqb/ekx.png,0
https://linkedin.com/kee/byofmlj/vdy?id=x3pmf&page=b6qwm,0
https://google.com/amveco/smetjs?id=t1jnu,0
https://cdn.shopify.com/twuo/rnen.svg,0
https://cdn.shopify.com/RadioAnalytics.js,1
https://wikipedia.org/uaffqd/vtdbps/vgaaz?view=b1i75&view=pbt23,0
https://facebook.com/track-event.js/zfnsex,1
https://apple.com/nxruxxho/atakksin?page=8jxaj&id=znybp,0
https://adobe.com/kmj/pirss/kpqoru,0
https://facebook.com/lqth/hbvekmls.png,0
https://youtube.com/dxs,0
https://instagram.com/dqbtkj/gzj/riclfpc/tmejtvzh.js,0
https://microsoft.com/fwannwub/ihvdlb/zpbesly/zfmiy.png,0
https://twitter.com/nwemzwxv/qwoscn/yedcm.jpg,0
https://apple.com/event/track?/vcyfht/qqyi,1
https://apple.com/pageview?t=/xtub,1
https://adobe.com/rqka/yagea?page=obbzq&lang=zl2lz,0
https://google.com/track.php?toggle=/vswmwyx/nau,1
https://facebook.com/cnidxx.ico,0
https://microsoft.com/coinhive.min.js/vsyvwm,1
https://youtube.com/StatsPixel?/mvebffp,1
https://reddit.com/kseectft/pdhy.css?lang=8sxim,0
https://reddit.com/jnkhzqhl/izpv.png,0
https://facebook.com/analytics/capture/*/khwwdtc,1
https://cloudflare.com/rbfk/lgpjfljf/hjbl.jpg?id=y4eej,0
https://apple.com/zoeqsrr/fzfygr/efto/zet.css?q=hhek0&theme=ktgy0,0
https://instagram.com/hrzqoczt/fxxj/woaltt.js,0
https://instagram.com/analytics-ingress-/bvpgwju/wmwgtgkr,1
https://google.com/kvijqsvl/lfdi/rolvk.css?page=5wl47&q=yfnvk,0
https://amazon.com/oag/qfrf/azaudvba,0
https://adobe.com/ulcunoj/pdtz.jpg,0
https://google.com/tmoceycd/efxzo/qvfgbpt/fqttzl.png,0
https://wikipedia.org/vwsz.svg,0
https://cloudflare.com/iuvhr.js?id=lv70e&theme=5wgrg,0
https://.stats?action=/rwqu/rxwtez?utm_486=ulypzx&cid286=wtqrca,1
https://wikipedia.org/blank.gif?*%/geedejdj,1
https://netflix.com/dgph/csl/mpm.css,0
https://google.com/rest/analytics/*/ycoqtde,1
https://netflix.com/rekdul/auvb/laxmffv/ruya.jpg,0
https://youtube.com/vxljv/rmvsbmj/aackikqo,0
https://cloudflare.com/wtrack?event=/addhqvxg/hgeqbd,1
https://google.com/pagestats.ashx/lzlwsw/jzhalda,1
https://facebook.com/thpiqi.js,0
https://cloudflare.com/gubi/edjav.woff2,0
https://apple.com/stats/pv.php?/gbhyrirc,1
https://?local_ga_js=/yhnviyn/sgxgrhn?cid559=csqgtf,1
https://instagram.com/ifnoaxh,0
https://cdn.shopify.com/jwgdnyfr/yhi/ayjp/zqzglv.css,0
https://linkedin.com/dvdsdhss?theme=wsqct&lang=k1wky,0
https://facebook.com/wuta?id=x8jev,0
https://apple.com/rpc/preccount?/ymah,1
https://adobe.com/sndvdw/hrdgxu/jmqezfrk/ypfmk.jpg,0
https://linkedin.com/qaoila/fwm/sdqh.js,0
https://google.com/pxpng/fmdmh/epy/iezeletc?view=yeagc,0
https://cdn.shopify.com/mfpr/ihdew.jpg?lang=e0ztm,0
https://apple.com/fidttcwr/rlfeqbak.png?view=vtvg7,0
https://youtube.com/qvemey.woff2,0
https://google.com/ntbh/atrieedf?lang=0k2kz,0
https://facebook.com/lasso-ga.js/xszjga,1
https://reddit.com/gakbokmp/ptjjasu/bbd/ltzrz.ico,0
https://cloudflare.com/njn/cpszcot/cutborj.jpg,0
https://cloudflare.com/api/0/stats/frcx,1
https://?event=log&/weixycbi/wvkwpsd/koxvx?utm_034=kgpiiw,1
https://reddit.com/gd_tracker_events.js,1
https://instagram.com/qkugrvz/pfgor/kktgdxo/ehzbv.png?q=koa3b,0
https://youtube.com/ifag/uctydzcp/gopjlwdu/ryn.svg,0
https://twitter.com/kqocap,0
https://cloudflare.com/vxm?id=5qtjo&theme=0a3ts,0
https://wikipedia.org/metatraffic/track.asp?/ksc/makt,1
https://cdn.shopify.com/rwtag.gif?,1
https://linkedin.com/jserrLog?,1
https://cdn.shopify.com/opom/onwet,0
https://adobe.com/plugins/pageviews-counter/*/oxli/tqiccj,1
https://amazon.com/mmozzov/xzo/mxffsv/fkwyq,0
https://cloudflare.com/piwikTracker.js/wzpcqjsi,1
https://amazon.com/kypmnz/bvwnspj/mgkbvs/xdfnbxhr.png,0
https://adobe.com/mpel/mpel.js/frooy/rolxpd,1
https://amazon.com/ojxtmadr/daag/kronxdiq.jpg,0
https://cloudflare.com/b.gif?/xhtk/zqtmcniq,1
https://instagram.com/kameleoon.js/cclxci,1
https://reddit.com/whkqoqwv/dpgmmxb/hiiag/cis?view=jni4o,0
https://facebook.com/jsbiqclk/hmpei/wclq/ftvicovl?id=fqal3&lang=nckqk,0
https://amazon.com/uypvfa/bnjgkds/gjpwmole/vsf.jpg?lang=m0dh3&theme=pki8g,0
https://microsoft.com/giz/lemim/seguu.css?lang=gnqfa&id=0k56q,0
https://instagram.com/rrct/rlip/bwgn,0
https://youtube.com/knumhpub/cbxe/dxbdoyiv.png,0
https://amazon.com/fvdoq/nxdqtbx,0
https://youtube.com/fvgnuf.png,0
https://linkedin.com/shinystat.cgi/ksi/jkejhqpl,1
https://google.com/zzptvdp/lxvt/sox/zkeiynok.jpg,0
https://twitter.com/cxkabj/wiomsha.js,0
https://reddit.com/xby/yttcm/hofcui/cxg.jpg,0
